golden,60,1,on	30675	V6Dispatcher	完了 algorithm=RSI HARD=0 total=337 elapsed=30315ms
golden,60,1,on	32647	C1Polish	期間要件(c1)研磨: c1 93->93 / total 342->342 HARD 0->0 採用0回(鏡像:0 自己:0 再配置:0) [頭打ち=改善手なし] 残存: 古泉 健一 休(14日5回)(不採用×29 主因 c3n:10 low:9), 山本昌幸 Dﾃ(14日2回)(不採用×15 主因 c3n:9 c1:6), 山本昌幸 休(14日5回)(不採用×31 主因 low:13 c3n:11), 福澤俊陽 Dﾃ(14日2回)(不採用×9 主因 c3n:6 c1:3), 福澤俊陽 休(14日5回)(不採用×14 主因 c1:7 c3n:4), 佐藤直美 Dﾃ(14日2回)(不採用×14 主因 c3n:9 low:3), 佐藤直美 休(14日5回)(不採用×18 主因 c3n:6 low:5), 吉江雄貴 Dﾃ(14日2回)(不採用×25 主因 c3n:16 c1:5), 吉江雄貴 休(14日5回)(不採用×21 主因 low:9 c3n:7), 金沢勇輝 休(14日5回)(不採用×23 主因 low:10 c1:9), モニカ Dﾃ(14日2回)(不採用×16 主因 c3n:14 c1:2), モニカ 休(14日5回)(不採用×24 主因 low:14 c3n:6), アリフ Dﾃ(14日2回)(不採用×19 主因 c3n:10 low:5), アリフ 休(14日5回)(不採用×16 主因 c1:9 c3n:4), 古泉 健一 Dﾃ(14日2回)(不採用×16 主因 c3n:11 c1:4) / 結合候補: 手R3×1 手B×119 / 結合探索: 200通り試行/8ms→無駄打ち回避で早期終了
golden,60,1,on	38642	C1BeamPolish	期間要件(c1)研磨[ビーム K=16 steps=60/3283ms]: c1 93->93 / total 342->342 score 6725->6725 HARD 0->0 手数0 [探索結果が根に勝てず破棄]
golden,60,1,on	40064	C3mnPolish	回避パターン(c3mn)研磨: c3mn 3->3 / total 342->342 HARD 0->0 採用0回 [頭打ち=改善手なし] 不採用11件(重み悪化:10 同値:1)(主因 low:7 c1:2 high:1) 残存: 山本昌幸, 吉江雄貴, アリフ / 結合候補: C3mnAlt×11 / 結合探索: 200通り試行/2ms→無駄打ち回避で早期終了
golden,60,1,on	40875	FairPolish	グループ内公平化(fair)研磨: fair 1->1 / total 342->342 HARD 0->0 採用0回 [頭打ち=改善手なし] 不採用16件(ピン破り:1 重み悪化:15)(主因 c1:10 low:4 c3:1) 残存: 佐藤直美 A4 / 結合候補: FairChain×16 / 結合探索: 200通り試行/1ms→無駄打ち回避で早期終了
golden,60,1,on	48900	C1EjectionChain	期間要件(c1)玉突き連鎖[起点280/連鎖19310/採用1/評価1310881/3000ms]: c1 89->89 score 6582->6576 HARD 0->0
golden,60,1,on	53979	POST	後処理タイミング 総21932ms: HF80=251ms HF67=62ms HF66=6ms 巡回研磨(厳密日割当+c1/c3/range/apt/fair+曜日/交互)=12008ms C1共同LNS=4529ms 個人共同LNS=5074ms 最終検査+HF70=2ms
golden,60,1,on	53983	POST	後処理パス別 計21817ms: 個人回数共同LNS=4953ms(22%) C1広域ビーム=3747ms(17%) C1時系列フロー=3098ms(14%) C1玉突き連鎖=3006ms(13%) C1厳密窓=1708ms(7%) C1共同LNS=1520ms(6%) ComponentRepair=881ms(4%) C1索引修復=619ms(2%)
golden,60,1,on	53975	UnifiedCheck	合計=335 | HARD=0 [groupViol=0 c3n=0 covU=0 pref=0 c3w=0] | SOFT=335 [c1=89 c3=40 c3m=37 c3mn=3 c42=8 low=4 high=6 fair=1 weekly=147] (0ms)
golden,60,1,on	32647	C1Polish	期間要件(c1)研磨: c1 93->93 / total 342->342 HARD 0->0 採用0回(鏡像:0 自己:0 再配置:0) [頭打ち=改善手なし] 残存: 古泉 健一 休(14日5回)(不採用×29 主因 c3n:10 low:9), 山本昌幸 Dﾃ(14日2回)(不採用×15 主因 c3n:9 c1:6), 山本昌幸 休(14日5回)(不採用×31 主因 low:13 c3n:11), 福澤俊陽 Dﾃ(14日2回)(不採用×9 主因 c3n:6 c1:3), 福澤俊陽 休(14日5回)(不採用×14 主因 c1:7 c3n:4), 佐藤直美 Dﾃ(14日2回)(不採用×14 主因 c3n:9 low:3), 佐藤直美 休(14日5回)(不採用×18 主因 c3n:6 low:5), 吉江雄貴 Dﾃ(14日2回)(不採用×25 主因 c3n:16 c1:5), 吉江雄貴 休(14日5回)(不採用×21 主因 low:9 c3n:7), 金沢勇輝 休(14日5回)(不採用×23 主因 low:10 c1:9), モニカ Dﾃ(14日2回)(不採用×16 主因 c3n:14 c1:2), モニカ 休(14日5回)(不採用×24 主因 low:14 c3n:6), アリフ Dﾃ(14日2回)(不採用×19 主因 c3n:10 low:5), アリフ 休(14日5回)(不採用×16 主因 c1:9 c3n:4), 古泉 健一 Dﾃ(14日2回)(不採用×16 主因 c3n:11 c1:4) / 結合候補: 手R3×1 手B×119 / 結合探索: 200通り試行/8ms→無駄打ち回避で早期終了
golden,60,1,on	38642	C1BeamPolish	期間要件(c1)研磨[ビーム K=16 steps=60/3283ms]: c1 93->93 / total 342->342 score 6725->6725 HARD 0->0 手数0 [探索結果が根に勝てず破棄]
golden,60,1,on	40064	C3mnPolish	回避パターン(c3mn)研磨: c3mn 3->3 / total 342->342 HARD 0->0 採用0回 [頭打ち=改善手なし] 不採用11件(重み悪化:10 同値:1)(主因 low:7 c1:2 high:1) 残存: 山本昌幸, 吉江雄貴, アリフ / 結合候補: C3mnAlt×11 / 結合探索: 200通り試行/2ms→無駄打ち回避で早期終了
golden,60,1,on	40875	FairPolish	グループ内公平化(fair)研磨: fair 1->1 / total 342->342 HARD 0->0 採用0回 [頭打ち=改善手なし] 不採用16件(ピン破り:1 重み悪化:15)(主因 c1:10 low:4 c3:1) 残存: 佐藤直美 A4 / 結合候補: FairChain×16 / 結合探索: 200通り試行/1ms→無駄打ち回避で早期終了
golden,60,1,on	48900	C1EjectionChain	期間要件(c1)玉突き連鎖[起点280/連鎖19310/採用1/評価1310881/3000ms]: c1 89->89 score 6582->6576 HARD 0->0
golden,60,1,on	53979	POST	後処理タイミング 総21932ms: HF80=251ms HF67=62ms HF66=6ms 巡回研磨(厳密日割当+c1/c3/range/apt/fair+曜日/交互)=12008ms C1共同LNS=4529ms 個人共同LNS=5074ms 最終検査+HF70=2ms
golden,60,1,on	53983	POST	後処理パス別 計21817ms: 個人回数共同LNS=4953ms(22%) C1広域ビーム=3747ms(17%) C1時系列フロー=3098ms(14%) C1玉突き連鎖=3006ms(13%) C1厳密窓=1708ms(7%) C1共同LNS=1520ms(6%) ComponentRepair=881ms(4%) C1索引修復=619ms(2%)
golden,60,1,off	25082	V6Dispatcher	完了 algorithm=RSI HARD=0 total=324 elapsed=25078ms
golden,60,1,off	25709	C1Polish	期間要件(c1)研磨: c1 88->85 / total 328->325 HARD 0->0 採用2回(鏡像:0 自己:0 再配置:2) 残存: 古泉 健一 休(14日5回)(不採用×30 主因 c1:14 c3n:10), 山本昌幸 Dﾃ(14日2回)(不採用×30 主因 c3n:22 c1:6), 山本昌幸 休(14日5回)(不採用×30 主因 low:11 c3n:11), 福澤俊陽 Dﾃ(14日2回)(不採用×10 主因 c3n:8 c1:2), 福澤俊陽 休(14日5回)(不採用×17 主因 low:7 c1:6), 佐藤直美 休(14日5回)(不採用×27 主因 c3n:11 c1:10), 吉江雄貴 Dﾃ(14日2回)(不採用×27 主因 c3n:19 low:4), 吉江雄貴 休(14日5回)(不採用×20 主因 low:7 c1:7), 金沢勇輝 休(14日5回)(不採用×20 主因 low:13 c1:4), モニカ Dﾃ(14日2回)(不採用×17 主因 c3n:14 low:1), モニカ 休(14日5回)(不採用×26 主因 c1:18 c3n:5), アリフ Dﾃ(14日2回)(不採用×16 主因 c3n:10 c1:4), アリフ 休(14日5回)(不採用×18 主因 low:9 c3n:6), 古泉 健一 Dﾃ(14日2回)(不採用×15 主因 c3n:8 low:4) / 結合候補: 手B×122 / 結合探索: 200通り試行/1ms→無駄打ち回避で早期終了
golden,60,1,off	27697	C1BeamPolish	期間要件(c1)研磨[ビーム K=16 steps=36/974ms/最良が20手更新されず打ち切り]: c1 85->85 / total 325->325 score 6383->6353 HARD 0->0 手数3
golden,60,1,off	27798	RangePolish	個人回数(low/high)玉突き研磨: low 5->5 / high 6->6 / total 325->325 HARD 0->0 採用0回（日割当:0 / 柔軟日割当:0） [頭打ち=改善手なし] 残存: アリフ 有(不採用×9 主因 c1:8 c3mn:1・range後回し×8・候補なし×7・希望固定×6・ピン破り×1), 山本昌幸 B4(range後回し×12・不採用×7 主因 c1:6 c2:1・希望固定×6・候補なし×5・禁止連続×1), 福澤俊陽 B4(希望固定×12: 12/2・12/4・12/5・12/6・12/7・12/10ほか6日・不採用×8 主因 c1:6 c3:1・range後回し×5・候補なし×3・禁止連続×3), 桒澤美幸 休(希望固定×16: 12/6・12/11・12/13・12/17・12/23・12/29ほか2日・不採用×10 主因 c1:10・柔軟日割当候補なし×1・日割当候補なし×1), 吉江雄貴 Cｱ(候補なし×17・range後回し×17・不採用×6 主因 low:6・禁止連続×5・柔軟日割当候補なし×1・日割当候補なし×1), 金沢勇輝 B4(range後回し×10・希望固定×8・候補なし×5・不採用×4 主因 c1:2 low:1・禁止連続×4), モニカ 休(不採用×8 主因 c1:3 c3:2・range後回し×8・希望固定×4・候補なし×2), モニカ Aｱ(希望固定×15: 12/5・12/12・12/19・不採用×14 主因 low:8 c1:5・range後回し×11・禁止連続×7・候補なし×3・柔軟日割当候補なし×1・日割当候補なし×1) / 結合候補: tryRelocate×138 / 結合探索: 200通り試行/1ms→無駄打ち回避で早期終了
golden,60,1,off	35513	POST	後処理タイミング 総10021ms: HF80=31ms HF67=25ms HF66=2ms 巡回研磨(厳密日割当+c1/c3/range/apt/fair+曜日/交互)=4886ms C1共同LNS=1589ms 個人共同LNS=3487ms 最終検査+HF70=1ms
golden,60,1,off	35513	POST	後処理パス別 計9979ms: 個人回数共同LNS=3181ms(31%) C1共同LNS=1589ms(15%) C1広域ビーム=1571ms(15%) C1時系列フロー=1271ms(12%) ComponentRepair=1076ms(10%) C1索引修復=347ms(3%) C1同日交換=154ms(1%) BlockRotationPolish=131ms(1%)
golden,60,1,off	35512	UnifiedCheck	合計=323 | HARD=0 [groupViol=0 c3n=0 covU=0 pref=0 c3w=0] | SOFT=323 [c1=85 c2=1 c3=35 c3m=35 c3mn=1 c42=8 covO=1 low=5 high=6 fair=2 weekly=144] (0ms)
golden,60,1,off	25709	C1Polish	期間要件(c1)研磨: c1 88->85 / total 328->325 HARD 0->0 採用2回(鏡像:0 自己:0 再配置:2) 残存: 古泉 健一 休(14日5回)(不採用×30 主因 c1:14 c3n:10), 山本昌幸 Dﾃ(14日2回)(不採用×30 主因 c3n:22 c1:6), 山本昌幸 休(14日5回)(不採用×30 主因 low:11 c3n:11), 福澤俊陽 Dﾃ(14日2回)(不採用×10 主因 c3n:8 c1:2), 福澤俊陽 休(14日5回)(不採用×17 主因 low:7 c1:6), 佐藤直美 休(14日5回)(不採用×27 主因 c3n:11 c1:10), 吉江雄貴 Dﾃ(14日2回)(不採用×27 主因 c3n:19 low:4), 吉江雄貴 休(14日5回)(不採用×20 主因 low:7 c1:7), 金沢勇輝 休(14日5回)(不採用×20 主因 low:13 c1:4), モニカ Dﾃ(14日2回)(不採用×17 主因 c3n:14 low:1), モニカ 休(14日5回)(不採用×26 主因 c1:18 c3n:5), アリフ Dﾃ(14日2回)(不採用×16 主因 c3n:10 c1:4), アリフ 休(14日5回)(不採用×18 主因 low:9 c3n:6), 古泉 健一 Dﾃ(14日2回)(不採用×15 主因 c3n:8 low:4) / 結合候補: 手B×122 / 結合探索: 200通り試行/1ms→無駄打ち回避で早期終了
golden,60,1,off	27697	C1BeamPolish	期間要件(c1)研磨[ビーム K=16 steps=36/974ms/最良が20手更新されず打ち切り]: c1 85->85 / total 325->325 score 6383->6353 HARD 0->0 手数3
golden,60,1,off	27798	RangePolish	個人回数(low/high)玉突き研磨: low 5->5 / high 6->6 / total 325->325 HARD 0->0 採用0回（日割当:0 / 柔軟日割当:0） [頭打ち=改善手なし] 残存: アリフ 有(不採用×9 主因 c1:8 c3mn:1・range後回し×8・候補なし×7・希望固定×6・ピン破り×1), 山本昌幸 B4(range後回し×12・不採用×7 主因 c1:6 c2:1・希望固定×6・候補なし×5・禁止連続×1), 福澤俊陽 B4(希望固定×12: 12/2・12/4・12/5・12/6・12/7・12/10ほか6日・不採用×8 主因 c1:6 c3:1・range後回し×5・候補なし×3・禁止連続×3), 桒澤美幸 休(希望固定×16: 12/6・12/11・12/13・12/17・12/23・12/29ほか2日・不採用×10 主因 c1:10・柔軟日割当候補なし×1・日割当候補なし×1), 吉江雄貴 Cｱ(候補なし×17・range後回し×17・不採用×6 主因 low:6・禁止連続×5・柔軟日割当候補なし×1・日割当候補なし×1), 金沢勇輝 B4(range後回し×10・希望固定×8・候補なし×5・不採用×4 主因 c1:2 low:1・禁止連続×4), モニカ 休(不採用×8 主因 c1:3 c3:2・range後回し×8・希望固定×4・候補なし×2), モニカ Aｱ(希望固定×15: 12/5・12/12・12/19・不採用×14 主因 low:8 c1:5・range後回し×11・禁止連続×7・候補なし×3・柔軟日割当候補なし×1・日割当候補なし×1) / 結合候補: tryRelocate×138 / 結合探索: 200通り試行/1ms→無駄打ち回避で早期終了
golden,60,1,off	35513	POST	後処理タイミング 総10021ms: HF80=31ms HF67=25ms HF66=2ms 巡回研磨(厳密日割当+c1/c3/range/apt/fair+曜日/交互)=4886ms C1共同LNS=1589ms 個人共同LNS=3487ms 最終検査+HF70=1ms
golden,60,1,off	35513	POST	後処理パス別 計9979ms: 個人回数共同LNS=3181ms(31%) C1共同LNS=1589ms(15%) C1広域ビーム=1571ms(15%) C1時系列フロー=1271ms(12%) ComponentRepair=1076ms(10%) C1索引修復=347ms(3%) C1同日交換=154ms(1%) BlockRotationPolish=131ms(1%)
golden,60,2,off	26072	V6Dispatcher	完了 algorithm=RSI HARD=0 total=314 elapsed=26067ms
golden,60,2,off	28079	V6Dispatcher	完了 algorithm=ALNS HARD=0 total=314 elapsed=2007ms
golden,60,2,off	28307	C1Polish	期間要件(c1)研磨: c1 84->83 / total 309->309 HARD 0->0 採用1回(鏡像:0 自己:0 再配置:1) 残存: 古泉 健一 休(14日5回)(不採用×32 主因 c1:12 c3n:10), 山本昌幸 休(14日5回)(不採用×24 主因 c1:9 c3n:8), 福澤俊陽 Dﾃ(14日2回)(候補なし×5), 福澤俊陽 休(14日5回)(不採用×19 主因 low:7 c3n:7), 佐藤直美 Dﾃ(14日2回)(不採用×19 主因 c3n:14 c1:5), 佐藤直美 休(14日5回)(不採用×13 主因 low:6 c1:3), 吉江雄貴 Dﾃ(14日2回)(不採用×10 主因 c3n:8 c1:2), 吉江雄貴 休(14日5回)(不採用×30 主因 low:10 c3n:10), 金沢勇輝 Dﾃ(14日2回)(不採用×16 主因 c3n:12 low:2), 金沢勇輝 休(14日5回)(不採用×18 主因 c1:10 low:4), モニカ Dﾃ(14日2回)(不採用×15 主因 c3n:12 c1:3), モニカ 休(14日5回)(不採用×26 主因 c1:17 low:5), アリフ Dﾃ(14日2回)(不採用×13 主因 c3n:9 c1:3), アリフ 休(14日5回)(不採用×20 主因 c1:11 c3n:6), 古泉 健一 Dﾃ(14日2回)(不採用×13 主因 c3n:6 low:4) / 結合候補: 手R3×1 手B×105 / 結合探索: 200通り試行/2ms→無駄打ち回避で早期終了
golden,60,2,off	30472	C1BeamPolish	期間要件(c1)研磨[ビーム K=16 steps=60/1658ms]: c1 83->83 / total 309->309 score 6490->6490 HARD 0->0 手数0 [探索結果が根に勝てず破棄]
golden,60,2,off	30876	C3mnPolish	回避パターン(c3mn)研磨: c3mn 4->4 / total 314->314 HARD 0->0 採用0回 [頭打ち=改善手なし] 不採用10件(重み悪化:10)(主因 c1:8 high:2) 残存: 吉江雄貴, モニカ, アリフ / 結合候補: C3mnAlt×10 / 結合探索: 200通り試行/1ms→無駄打ち回避で早期終了
golden,60,2,off	30956	RangePolish	個人回数(low/high)玉突き研磨: low 6->6 / high 4->4 / total 314->315 HARD 0->0 採用1回（日割当:0 / 柔軟日割当:1） 対象: 佐藤直美 休 残存: 山本昌幸 有(不採用×23 主因 c1:23・range後回し×15・希望固定×12・候補なし×10・ピン破り×2), アリフ 有(不採用×22 主因 c1:22・候補なし×14・希望固定×12・range後回し×12・ピン破り×2), 桒澤美幸 休(希望固定×32: 12/6・12/11・12/13・12/17・12/23・12/29ほか2日・不採用×20 主因 c1:20・柔軟日割当候補なし×2・日割当候補なし×2), 佐藤直美 Dﾃ(禁止連続×15: 12/1・12/2・12/5・12/9・12/10・12/13ほか9日・希望固定×7・不採用×3 主因 c1:3・range後回し×2・候補なし×1・ピン破り×1), 佐藤直美 Cｵ(range後回し×16・不採用×12 主因 c1:8 low:4・禁止連続×7・希望固定×5・候補なし×4・柔軟日割当候補なし×1・日割当候補なし×1・ピン破り×1), 吉江雄貴 B4(range後回し×15・候補なし×14・希望固定×12・禁止連続×10・不採用×9 主因 c1:9・ピン破り×2), モニカ B4(希望固定×20: 12/1・12/5・12/6・12/7・12/8・12/12ほか4日・不採用×17 主因 c1:14 c2:2・range後回し×17・禁止連続×6・候補なし×2), アリフ B4(不採用×15 主因 c1:15・range後回し×13・候補なし×12・希望固定×12・禁止連続×8・ピン破り×2) / 結合候補: tryRelocate×238 / 結合探索: 200通り試行/2ms→無駄打ち回避で早期終了
golden,60,2,off	31143	FairPolish	グループ内公平化(fair)研磨: fair 3->3 / total 315->315 HARD 0->0 採用0回 [頭打ち=改善手なし] 不採用33件(重み悪化:33)(主因 c1:24 low:7 c3:2) 残存: 山本昌幸 Dﾃ, 福澤俊陽 A4, 山本昌幸 Cｵ / 結合候補: FairChain×32 / 結合探索: 200通り試行/1ms→無駄打ち回避で早期終了
golden,60,2,off	37260	POST	後処理タイミング 総9105ms: HF80=17ms HF67=20ms HF66=2ms 巡回研磨(厳密日割当+c1/c3/range/apt/fair+曜日/交互)=6272ms C1共同LNS=1503ms 個人共同LNS=1290ms 最終検査+HF70=1ms
golden,60,2,off	37261	POST	後処理パス別 計9091ms: C1広域ビーム=2984ms(32%) C1共同LNS=1503ms(16%) 個人回数共同LNS=1209ms(13%) C1時系列フロー=751ms(8%) C1厳密窓=691ms(7%) ComponentRepair=636ms(6%) C1索引修復=305ms(3%) RangePolish=152ms(1%)
golden,60,2,off	37260	UnifiedCheck	合計=315 | HARD=0 [groupViol=0 c3n=0 covU=0 pref=0 c3w=0] | SOFT=315 [c1=82 c2=2 c3=34 c3m=37 c3mn=4 c42=9 covO=1 low=6 high=4 fair=3 weekly=133] (0ms)
golden,60,2,off	28307	C1Polish	期間要件(c1)研磨: c1 84->83 / total 309->309 HARD 0->0 採用1回(鏡像:0 自己:0 再配置:1) 残存: 古泉 健一 休(14日5回)(不採用×32 主因 c1:12 c3n:10), 山本昌幸 休(14日5回)(不採用×24 主因 c1:9 c3n:8), 福澤俊陽 Dﾃ(14日2回)(候補なし×5), 福澤俊陽 休(14日5回)(不採用×19 主因 low:7 c3n:7), 佐藤直美 Dﾃ(14日2回)(不採用×19 主因 c3n:14 c1:5), 佐藤直美 休(14日5回)(不採用×13 主因 low:6 c1:3), 吉江雄貴 Dﾃ(14日2回)(不採用×10 主因 c3n:8 c1:2), 吉江雄貴 休(14日5回)(不採用×30 主因 low:10 c3n:10), 金沢勇輝 Dﾃ(14日2回)(不採用×16 主因 c3n:12 low:2), 金沢勇輝 休(14日5回)(不採用×18 主因 c1:10 low:4), モニカ Dﾃ(14日2回)(不採用×15 主因 c3n:12 c1:3), モニカ 休(14日5回)(不採用×26 主因 c1:17 low:5), アリフ Dﾃ(14日2回)(不採用×13 主因 c3n:9 c1:3), アリフ 休(14日5回)(不採用×20 主因 c1:11 c3n:6), 古泉 健一 Dﾃ(14日2回)(不採用×13 主因 c3n:6 low:4) / 結合候補: 手R3×1 手B×105 / 結合探索: 200通り試行/2ms→無駄打ち回避で早期終了
golden,60,2,off	30472	C1BeamPolish	期間要件(c1)研磨[ビーム K=16 steps=60/1658ms]: c1 83->83 / total 309->309 score 6490->6490 HARD 0->0 手数0 [探索結果が根に勝てず破棄]
golden,60,2,off	30876	C3mnPolish	回避パターン(c3mn)研磨: c3mn 4->4 / total 314->314 HARD 0->0 採用0回 [頭打ち=改善手なし] 不採用10件(重み悪化:10)(主因 c1:8 high:2) 残存: 吉江雄貴, モニカ, アリフ / 結合候補: C3mnAlt×10 / 結合探索: 200通り試行/1ms→無駄打ち回避で早期終了
golden,60,2,off	30956	RangePolish	個人回数(low/high)玉突き研磨: low 6->6 / high 4->4 / total 314->315 HARD 0->0 採用1回（日割当:0 / 柔軟日割当:1） 対象: 佐藤直美 休 残存: 山本昌幸 有(不採用×23 主因 c1:23・range後回し×15・希望固定×12・候補なし×10・ピン破り×2), アリフ 有(不採用×22 主因 c1:22・候補なし×14・希望固定×12・range後回し×12・ピン破り×2), 桒澤美幸 休(希望固定×32: 12/6・12/11・12/13・12/17・12/23・12/29ほか2日・不採用×20 主因 c1:20・柔軟日割当候補なし×2・日割当候補なし×2), 佐藤直美 Dﾃ(禁止連続×15: 12/1・12/2・12/5・12/9・12/10・12/13ほか9日・希望固定×7・不採用×3 主因 c1:3・range後回し×2・候補なし×1・ピン破り×1), 佐藤直美 Cｵ(range後回し×16・不採用×12 主因 c1:8 low:4・禁止連続×7・希望固定×5・候補なし×4・柔軟日割当候補なし×1・日割当候補なし×1・ピン破り×1), 吉江雄貴 B4(range後回し×15・候補なし×14・希望固定×12・禁止連続×10・不採用×9 主因 c1:9・ピン破り×2), モニカ B4(希望固定×20: 12/1・12/5・12/6・12/7・12/8・12/12ほか4日・不採用×17 主因 c1:14 c2:2・range後回し×17・禁止連続×6・候補なし×2), アリフ B4(不採用×15 主因 c1:15・range後回し×13・候補なし×12・希望固定×12・禁止連続×8・ピン破り×2) / 結合候補: tryRelocate×238 / 結合探索: 200通り試行/2ms→無駄打ち回避で早期終了
golden,60,2,off	31143	FairPolish	グループ内公平化(fair)研磨: fair 3->3 / total 315->315 HARD 0->0 採用0回 [頭打ち=改善手なし] 不採用33件(重み悪化:33)(主因 c1:24 low:7 c3:2) 残存: 山本昌幸 Dﾃ, 福澤俊陽 A4, 山本昌幸 Cｵ / 結合候補: FairChain×32 / 結合探索: 200通り試行/1ms→無駄打ち回避で早期終了
golden,60,2,off	37260	POST	後処理タイミング 総9105ms: HF80=17ms HF67=20ms HF66=2ms 巡回研磨(厳密日割当+c1/c3/range/apt/fair+曜日/交互)=6272ms C1共同LNS=1503ms 個人共同LNS=1290ms 最終検査+HF70=1ms
golden,60,2,off	37261	POST	後処理パス別 計9091ms: C1広域ビーム=2984ms(32%) C1共同LNS=1503ms(16%) 個人回数共同LNS=1209ms(13%) C1時系列フロー=751ms(8%) C1厳密窓=691ms(7%) ComponentRepair=636ms(6%) C1索引修復=305ms(3%) RangePolish=152ms(1%)
golden,60,2,on	30048	V6Dispatcher	完了 algorithm=RSI HARD=0 total=303 elapsed=30047ms
golden,60,2,on	30851	C1Polish	期間要件(c1)研磨: c1 91->89 / total 307->306 HARD 0->0 採用1回(鏡像:0 自己:0 再配置:0) 残存: 古泉 健一 休(14日5回)(不採用×56 主因 c3n:23 c1:19), 山本昌幸 Dﾃ(14日2回)(不採用×30 主因 c3n:20 c1:6), 山本昌幸 休(14日5回)(不採用×66 主因 low:25 c3n:23), 福澤俊陽 Dﾃ(14日2回)(不採用×32 主因 c3n:20 c1:10), 福澤俊陽 休(14日5回)(不採用×28 主因 c1:11 c3n:9), 佐藤直美 Dﾃ(14日2回)(不採用×32 主因 c3n:24 c1:6), 佐藤直美 休(14日5回)(不採用×56 主因 c1:22 c3n:20), 吉江雄貴 Dﾃ(14日2回)(不採用×42 主因 c3n:32 c1:8), 吉江雄貴 休(14日5回)(不採用×52 主因 low:26 c1:14), 金沢勇輝 休(14日5回)(不採用×58 主因 c1:33 low:13), モニカ Dﾃ(14日2回)(不採用×28 主因 c3n:20 c1:8), モニカ 休(14日5回)(不採用×40 主因 c1:22 c3n:10), アリフ Dﾃ(14日2回)(不採用×20 主因 c3n:14 low:4), アリフ 休(14日5回)(不採用×36 主因 low:14 c3n:12) / 結合候補: 手B×230 / 結合探索: 200通り試行/1ms→無駄打ち回避で早期終了
golden,60,2,on	32760	C1BeamPolish	期間要件(c1)研磨[ビーム K=16 steps=60/1073ms]: c1 87->87 / total 305->305 score 6662->6662 HARD 0->0 手数0 [探索結果が根に勝てず破棄]
golden,60,2,on	33112	RangePolish	個人回数(low/high)玉突き研磨: low 7->7 / high 5->5 / total 305->305 HARD 0->0 採用0回（日割当:0 / 柔軟日割当:0） [頭打ち=改善手なし] 残存: 福澤俊陽 有(希望固定×12: 12/2・12/4・12/5・12/6・12/7・12/10ほか6日・不採用×9 主因 c1:7 fair:1・range後回し×6・候補なし×4), アリフ 有(不採用×12 主因 c1:11 fair:1・range後回し×7・候補なし×6・希望固定×6), 福澤俊陽 Cｵ(希望固定×25: 12/5・12/14・12/19・12/21・12/22・range後回し×9・禁止連続×6・候補なし×4・柔軟日割当候補なし×1・不採用×1 主因 c1:1・日割当候補なし×1), 福澤俊陽 B4(希望固定×12: 12/2・12/4・12/5・12/6・12/7・12/10ほか6日・不採用×7 主因 c1:6 c2:1・range後回し×5・候補なし×4・禁止連続×3), 桒澤美幸 休(希望固定×16: 12/6・12/11・12/13・12/17・12/23・12/29ほか2日・不採用×10 主因 c1:10・柔軟日割当候補なし×1・日割当候補なし×1), 吉江雄貴 B4(不採用×8 主因 c1:6 c3:1・range後回し×7・候補なし×6・希望固定×6・禁止連続×4), 金沢勇輝 B4(希望固定×8: 12/1・12/3・12/4・12/8・12/18・12/21ほか2日・不採用×7 主因 c1:5 c3:1・range後回し×7・候補なし×5・禁止連続×4), モニカ 休(希望固定×30: 12/1・12/6・12/7・12/25・12/26・12/27・不採用×15 主因 c1:15・禁止連続×10・柔軟日割当候補なし×1・日割当候補なし×1), モニカ B4(希望固定×10: 12/1・12/5・12/6・12/7・12/8・12/12ほか4日・range後回し×9・不採用×8 主因 c1:4 c3:1・禁止連続×3・候補なし×1), アリフ B4(不採用×8 主因 c1:7 c2:1・range後回し×8・希望固定×6・候補なし×5・禁止連続×4) / 結合候補: tryRelocate×143 / 結合探索: 200通り試行/1ms→無駄打ち回避で早期終了
golden,60,2,on	43636	C1EjectionChain	期間要件(c1)玉突き連鎖[起点176/連鎖12144/採用0/評価867379/2466ms]: c1 83->83 score 6517->6517 HARD 0->0
golden,60,2,on	46299	POST	後処理タイミング 総15738ms: HF80=39ms HF67=35ms HF66=13ms 巡回研磨(厳密日割当+c1/c3/range/apt/fair+曜日/交互)=9018ms C1共同LNS=3971ms 個人共同LNS=2661ms 最終検査+HF70=1ms
golden,60,2,on	46299	POST	後処理パス別 計15713ms: C1広域ビーム=3408ms(21%) 個人回数共同LNS=2547ms(16%) C1玉突き連鎖=2467ms(15%) C1時系列フロー=1750ms(11%) C1共同LNS=1503ms(9%) C1厳密窓=1218ms(7%) ComponentRepair=811ms(5%) C1索引修復=496ms(3%)
golden,60,2,on	46298	UnifiedCheck	合計=316 | HARD=0 [groupViol=0 c3n=0 covU=0 pref=0 c3w=0] | SOFT=316 [c1=83 c2=2 c3=34 c3m=38 c3mn=3 c42=8 covO=2 low=7 high=5 fair=1 weekly=133] (0ms)
golden,60,2,on	30851	C1Polish	期間要件(c1)研磨: c1 91->89 / total 307->306 HARD 0->0 採用1回(鏡像:0 自己:0 再配置:0) 残存: 古泉 健一 休(14日5回)(不採用×56 主因 c3n:23 c1:19), 山本昌幸 Dﾃ(14日2回)(不採用×30 主因 c3n:20 c1:6), 山本昌幸 休(14日5回)(不採用×66 主因 low:25 c3n:23), 福澤俊陽 Dﾃ(14日2回)(不採用×32 主因 c3n:20 c1:10), 福澤俊陽 休(14日5回)(不採用×28 主因 c1:11 c3n:9), 佐藤直美 Dﾃ(14日2回)(不採用×32 主因 c3n:24 c1:6), 佐藤直美 休(14日5回)(不採用×56 主因 c1:22 c3n:20), 吉江雄貴 Dﾃ(14日2回)(不採用×42 主因 c3n:32 c1:8), 吉江雄貴 休(14日5回)(不採用×52 主因 low:26 c1:14), 金沢勇輝 休(14日5回)(不採用×58 主因 c1:33 low:13), モニカ Dﾃ(14日2回)(不採用×28 主因 c3n:20 c1:8), モニカ 休(14日5回)(不採用×40 主因 c1:22 c3n:10), アリフ Dﾃ(14日2回)(不採用×20 主因 c3n:14 low:4), アリフ 休(14日5回)(不採用×36 主因 low:14 c3n:12) / 結合候補: 手B×230 / 結合探索: 200通り試行/1ms→無駄打ち回避で早期終了
golden,60,2,on	32760	C1BeamPolish	期間要件(c1)研磨[ビーム K=16 steps=60/1073ms]: c1 87->87 / total 305->305 score 6662->6662 HARD 0->0 手数0 [探索結果が根に勝てず破棄]
golden,60,2,on	33112	RangePolish	個人回数(low/high)玉突き研磨: low 7->7 / high 5->5 / total 305->305 HARD 0->0 採用0回（日割当:0 / 柔軟日割当:0） [頭打ち=改善手なし] 残存: 福澤俊陽 有(希望固定×12: 12/2・12/4・12/5・12/6・12/7・12/10ほか6日・不採用×9 主因 c1:7 fair:1・range後回し×6・候補なし×4), アリフ 有(不採用×12 主因 c1:11 fair:1・range後回し×7・候補なし×6・希望固定×6), 福澤俊陽 Cｵ(希望固定×25: 12/5・12/14・12/19・12/21・12/22・range後回し×9・禁止連続×6・候補なし×4・柔軟日割当候補なし×1・不採用×1 主因 c1:1・日割当候補なし×1), 福澤俊陽 B4(希望固定×12: 12/2・12/4・12/5・12/6・12/7・12/10ほか6日・不採用×7 主因 c1:6 c2:1・range後回し×5・候補なし×4・禁止連続×3), 桒澤美幸 休(希望固定×16: 12/6・12/11・12/13・12/17・12/23・12/29ほか2日・不採用×10 主因 c1:10・柔軟日割当候補なし×1・日割当候補なし×1), 吉江雄貴 B4(不採用×8 主因 c1:6 c3:1・range後回し×7・候補なし×6・希望固定×6・禁止連続×4), 金沢勇輝 B4(希望固定×8: 12/1・12/3・12/4・12/8・12/18・12/21ほか2日・不採用×7 主因 c1:5 c3:1・range後回し×7・候補なし×5・禁止連続×4), モニカ 休(希望固定×30: 12/1・12/6・12/7・12/25・12/26・12/27・不採用×15 主因 c1:15・禁止連続×10・柔軟日割当候補なし×1・日割当候補なし×1), モニカ B4(希望固定×10: 12/1・12/5・12/6・12/7・12/8・12/12ほか4日・range後回し×9・不採用×8 主因 c1:4 c3:1・禁止連続×3・候補なし×1), アリフ B4(不採用×8 主因 c1:7 c2:1・range後回し×8・希望固定×6・候補なし×5・禁止連続×4) / 結合候補: tryRelocate×143 / 結合探索: 200通り試行/1ms→無駄打ち回避で早期終了
golden,60,2,on	43636	C1EjectionChain	期間要件(c1)玉突き連鎖[起点176/連鎖12144/採用0/評価867379/2466ms]: c1 83->83 score 6517->6517 HARD 0->0
golden,60,2,on	46299	POST	後処理タイミング 総15738ms: HF80=39ms HF67=35ms HF66=13ms 巡回研磨(厳密日割当+c1/c3/range/apt/fair+曜日/交互)=9018ms C1共同LNS=3971ms 個人共同LNS=2661ms 最終検査+HF70=1ms
golden,60,2,on	46299	POST	後処理パス別 計15713ms: C1広域ビーム=3408ms(21%) 個人回数共同LNS=2547ms(16%) C1玉突き連鎖=2467ms(15%) C1時系列フロー=1750ms(11%) C1共同LNS=1503ms(9%) C1厳密窓=1218ms(7%) ComponentRepair=811ms(5%) C1索引修復=496ms(3%)
golden,60,3,on	25868	V6Dispatcher	完了 algorithm=RSI HARD=0 total=349 elapsed=25862ms
golden,60,3,on	27880	V6Dispatcher	完了 algorithm=ALNS HARD=0 total=349 elapsed=2011ms
golden,60,3,on	28348	C1Polish	期間要件(c1)研磨: c1 93->90 / total 345->338 HARD 0->0 採用2回(鏡像:0 自己:1 再配置:1) 残存: 古泉 健一 休(14日5回)(不採用×58 主因 c1:24 c3n:22), 山本昌幸 Dﾃ(14日2回)(不採用×32 主因 c3n:20 c1:10), 山本昌幸 休(14日5回)(不採用×38 主因 c1:13 low:12), 福澤俊陽 Dﾃ(14日2回)(不採用×18 主因 c3n:10 c1:8), 福澤俊陽 休(14日5回)(不採用×29 主因 c3n:9 low:7), 佐藤直美 Dﾃ(14日2回)(不採用×54 主因 c3n:40 low:8), 佐藤直美 休(14日5回)(不採用×59 主因 c1:28 low:17), 吉江雄貴 Dﾃ(14日2回)(不採用×28 主因 c3n:22 low:6), 吉江雄貴 休(14日5回)(不採用×55 主因 low:23 c1:20), 金沢勇輝 Dﾃ(14日2回)(不採用×32 主因 c3n:24 low:4), 金沢勇輝 休(14日5回)(不採用×39 主因 low:19 c3n:12), モニカ Dﾃ(14日2回)(不採用×34 主因 c3n:26 low:4), モニカ 休(14日5回)(不採用×50 主因 low:20 c1:20), アリフ Dﾃ(14日2回)(不採用×36 主因 c3n:26 c1:9), アリフ 休(14日5回)(不採用×46 主因 c1:18 c3n:16), 古泉 健一 Dﾃ(14日2回)(不採用×32 主因 c3n:26 low:4) / 結合候補: 手B×268 / 結合探索: 200通り試行/21ms→無駄打ち回避で早期終了
golden,60,3,on	30779	C1BeamPolish	期間要件(c1)研磨[ビーム K=16 steps=60/1522ms]: c1 90->90 / total 338->338 score 6512->6512 HARD 0->0 手数0 [探索結果が根に勝てず破棄]
golden,60,3,on	41416	C1EjectionChain	期間要件(c1)玉突き連鎖[起点209/連鎖14421/採用0/評価975573/2688ms]: c1 86->86 score 6257->6257 HARD 0->0
golden,60,3,on	44412	POST	後処理タイミング 総16480ms: HF80=37ms HF67=43ms HF66=2ms 巡回研磨(厳密日割当+c1/c3/range/apt/fair+曜日/交互)=9207ms C1共同LNS=4195ms 個人共同LNS=2995ms 最終検査+HF70=1ms
golden,60,3,on	44412	POST	後処理パス別 計16458ms: C1広域ビーム=4146ms(25%) 個人回数共同LNS=2899ms(17%) C1玉突き連鎖=2688ms(16%) C1時系列フロー=2538ms(15%) C1共同LNS=1506ms(9%) ComponentRepair=1055ms(6%) C1索引修復=456ms(2%) C1同日交換=369ms(2%)
golden,60,3,on	44411	UnifiedCheck	合計=329 | HARD=0 [groupViol=0 c3n=0 covU=0 pref=0 c3w=0] | SOFT=329 [c1=86 c2=1 c3=34 c3m=39 c3mn=2 c42=7 covO=1 low=5 high=2 fair=2 weekly=150] (0ms)
golden,60,3,on	28348	C1Polish	期間要件(c1)研磨: c1 93->90 / total 345->338 HARD 0->0 採用2回(鏡像:0 自己:1 再配置:1) 残存: 古泉 健一 休(14日5回)(不採用×58 主因 c1:24 c3n:22), 山本昌幸 Dﾃ(14日2回)(不採用×32 主因 c3n:20 c1:10), 山本昌幸 休(14日5回)(不採用×38 主因 c1:13 low:12), 福澤俊陽 Dﾃ(14日2回)(不採用×18 主因 c3n:10 c1:8), 福澤俊陽 休(14日5回)(不採用×29 主因 c3n:9 low:7), 佐藤直美 Dﾃ(14日2回)(不採用×54 主因 c3n:40 low:8), 佐藤直美 休(14日5回)(不採用×59 主因 c1:28 low:17), 吉江雄貴 Dﾃ(14日2回)(不採用×28 主因 c3n:22 low:6), 吉江雄貴 休(14日5回)(不採用×55 主因 low:23 c1:20), 金沢勇輝 Dﾃ(14日2回)(不採用×32 主因 c3n:24 low:4), 金沢勇輝 休(14日5回)(不採用×39 主因 low:19 c3n:12), モニカ Dﾃ(14日2回)(不採用×34 主因 c3n:26 low:4), モニカ 休(14日5回)(不採用×50 主因 low:20 c1:20), アリフ Dﾃ(14日2回)(不採用×36 主因 c3n:26 c1:9), アリフ 休(14日5回)(不採用×46 主因 c1:18 c3n:16), 古泉 健一 Dﾃ(14日2回)(不採用×32 主因 c3n:26 low:4) / 結合候補: 手B×268 / 結合探索: 200通り試行/21ms→無駄打ち回避で早期終了
golden,60,3,on	30779	C1BeamPolish	期間要件(c1)研磨[ビーム K=16 steps=60/1522ms]: c1 90->90 / total 338->338 score 6512->6512 HARD 0->0 手数0 [探索結果が根に勝てず破棄]
golden,60,3,on	41416	C1EjectionChain	期間要件(c1)玉突き連鎖[起点209/連鎖14421/採用0/評価975573/2688ms]: c1 86->86 score 6257->6257 HARD 0->0
golden,60,3,on	44412	POST	後処理タイミング 総16480ms: HF80=37ms HF67=43ms HF66=2ms 巡回研磨(厳密日割当+c1/c3/range/apt/fair+曜日/交互)=9207ms C1共同LNS=4195ms 個人共同LNS=2995ms 最終検査+HF70=1ms
golden,60,3,on	44412	POST	後処理パス別 計16458ms: C1広域ビーム=4146ms(25%) 個人回数共同LNS=2899ms(17%) C1玉突き連鎖=2688ms(16%) C1時系列フロー=2538ms(15%) C1共同LNS=1506ms(9%) ComponentRepair=1055ms(6%) C1索引修復=456ms(2%) C1同日交換=369ms(2%)
golden,60,3,off	25837	V6Dispatcher	完了 algorithm=RSI HARD=0 total=332 elapsed=25835ms
golden,60,3,off	27843	V6Dispatcher	完了 algorithm=ALNS HARD=0 total=332 elapsed=2005ms
golden,60,3,off	29549	C1BeamPolish	期間要件(c1)研磨[ビーム K=16 steps=60/992ms]: c1 88->88 / total 324->324 score 6571->6571 HARD 0->0 手数0 [探索結果が根に勝てず破棄]
golden,60,3,off	29633	C3mnPolish	回避パターン(c3mn)研磨: c3mn 4->4 / total 324->324 HARD 0->0 採用0回 [頭打ち=改善手なし] 不採用15件(重み悪化:15)(主因 c1:12 low:3) 残存: 福澤俊陽, モニカ, アリフ, 佐藤直美 / 結合候補: C3mnAlt×15 / 結合探索: 200通り試行/1ms→無駄打ち回避で早期終了
golden,60,3,off	29645	RangePolish	個人回数(low/high)玉突き研磨: low 5->5 / high 3->3 / total 324->324 HARD 0->0 採用0回（日割当:0 / 柔軟日割当:0） [頭打ち=改善手なし] 残存: モニカ 有(希望固定×10: 12/1・12/5・12/6・12/7・12/8・12/12ほか4日・不採用×10 主因 c1:9 c3mn:1・range後回し×9・候補なし×2), 福澤俊陽 B4(希望固定×12: 12/2・12/4・12/5・12/6・12/7・12/10ほか6日・不採用×6 主因 c1:5 c2:1・range後回し×6・候補なし×4・禁止連続×3), 桒澤美幸 休(希望固定×16: 12/6・12/11・12/13・12/17・12/23・12/29ほか2日・不採用×10 主因 c1:10・柔軟日割当候補なし×1・日割当候補なし×1), 吉江雄貴 B4(range後回し×8・候補なし×6・希望固定×6・不採用×6 主因 c1:6・禁止連続×5), モニカ B4(希望固定×10: 12/1・12/5・12/6・12/7・12/8・12/12ほか4日・不採用×8 主因 c1:8・range後回し×8・禁止連続×4・候補なし×1), アリフ B4(不採用×11 主因 c1:8 c3mn:2・候補なし×6・希望固定×6・range後回し×5・禁止連続×3) / 結合候補: tryRelocate×87 / 結合探索: 200通り試行/1ms→無駄打ち回避で早期終了
golden,60,3,off	29713	FairPolish	グループ内公平化(fair)研磨: fair 1->1 / total 324->324 HARD 0->0 採用0回 [頭打ち=改善手なし] 不採用10件(重み悪化:10)(主因 c1:6 low:3 weekly:1) 残存: 山本昌幸 A4 / 結合候補: FairChain×10 / 結合探索: 200通り試行/1ms→無駄打ち回避で早期終了
golden,60,3,off	36253	POST	後処理タイミング 総8248ms: HF80=16ms HF67=18ms HF66=2ms 巡回研磨(厳密日割当+c1/c3/range/apt/fair+曜日/交互)=3708ms C1共同LNS=3185ms 個人共同LNS=1318ms 最終検査+HF70=1ms
golden,60,3,off	36253	POST	後処理パス別 計8242ms: C1共同LNS=3185ms(38%) C1広域ビーム=2109ms(25%) 個人回数共同LNS=1217ms(14%) C1時系列フロー=681ms(8%) ComponentRepair=385ms(4%) C1索引修復=147ms(1%) BlockRotationPolish=141ms(1%) CyclicSwapPolish=61ms(0%)
golden,60,3,off	36252	UnifiedCheck	合計=322 | HARD=0 [groupViol=0 c3n=0 covU=0 pref=0 c3w=0] | SOFT=322 [c1=86 c2=1 c3=36 c3m=35 c3mn=3 c42=7 covO=1 low=6 high=3 fair=3 weekly=141] (0ms)
golden,60,3,off	29549	C1BeamPolish	期間要件(c1)研磨[ビーム K=16 steps=60/992ms]: c1 88->88 / total 324->324 score 6571->6571 HARD 0->0 手数0 [探索結果が根に勝てず破棄]
golden,60,3,off	29633	C3mnPolish	回避パターン(c3mn)研磨: c3mn 4->4 / total 324->324 HARD 0->0 採用0回 [頭打ち=改善手なし] 不採用15件(重み悪化:15)(主因 c1:12 low:3) 残存: 福澤俊陽, モニカ, アリフ, 佐藤直美 / 結合候補: C3mnAlt×15 / 結合探索: 200通り試行/1ms→無駄打ち回避で早期終了
golden,60,3,off	29645	RangePolish	個人回数(low/high)玉突き研磨: low 5->5 / high 3->3 / total 324->324 HARD 0->0 採用0回（日割当:0 / 柔軟日割当:0） [頭打ち=改善手なし] 残存: モニカ 有(希望固定×10: 12/1・12/5・12/6・12/7・12/8・12/12ほか4日・不採用×10 主因 c1:9 c3mn:1・range後回し×9・候補なし×2), 福澤俊陽 B4(希望固定×12: 12/2・12/4・12/5・12/6・12/7・12/10ほか6日・不採用×6 主因 c1:5 c2:1・range後回し×6・候補なし×4・禁止連続×3), 桒澤美幸 休(希望固定×16: 12/6・12/11・12/13・12/17・12/23・12/29ほか2日・不採用×10 主因 c1:10・柔軟日割当候補なし×1・日割当候補なし×1), 吉江雄貴 B4(range後回し×8・候補なし×6・希望固定×6・不採用×6 主因 c1:6・禁止連続×5), モニカ B4(希望固定×10: 12/1・12/5・12/6・12/7・12/8・12/12ほか4日・不採用×8 主因 c1:8・range後回し×8・禁止連続×4・候補なし×1), アリフ B4(不採用×11 主因 c1:8 c3mn:2・候補なし×6・希望固定×6・range後回し×5・禁止連続×3) / 結合候補: tryRelocate×87 / 結合探索: 200通り試行/1ms→無駄打ち回避で早期終了
golden,60,3,off	29713	FairPolish	グループ内公平化(fair)研磨: fair 1->1 / total 324->324 HARD 0->0 採用0回 [頭打ち=改善手なし] 不採用10件(重み悪化:10)(主因 c1:6 low:3 weekly:1) 残存: 山本昌幸 A4 / 結合候補: FairChain×10 / 結合探索: 200通り試行/1ms→無駄打ち回避で早期終了
golden,60,3,off	36253	POST	後処理タイミング 総8248ms: HF80=16ms HF67=18ms HF66=2ms 巡回研磨(厳密日割当+c1/c3/range/apt/fair+曜日/交互)=3708ms C1共同LNS=3185ms 個人共同LNS=1318ms 最終検査+HF70=1ms
golden,60,3,off	36253	POST	後処理パス別 計8242ms: C1共同LNS=3185ms(38%) C1広域ビーム=2109ms(25%) 個人回数共同LNS=1217ms(14%) C1時系列フロー=681ms(8%) ComponentRepair=385ms(4%) C1索引修復=147ms(1%) BlockRotationPolish=141ms(1%) CyclicSwapPolish=61ms(0%)
golden,120,1,on	40411	V6Dispatcher	完了 algorithm=RSI HARD=0 total=329 elapsed=40408ms
golden,120,1,on	43416	V6Dispatcher	完了 algorithm=ALNS HARD=0 total=329 elapsed=3005ms
golden,120,1,on	44857	C1BeamPolish	期間要件(c1)研磨[ビーム K=16 steps=48/729ms/最良が20手更新されず打ち切り]: c1 87->87 / total 322->322 score 6419->6419 HARD 0->0 手数0 [探索結果が根に勝てず破棄]
golden,120,1,on	44935	C3mnPolish	回避パターン(c3mn)研磨: c3mn 3->3 / total 322->322 HARD 0->0 採用0回 [頭打ち=改善手なし] 不採用6件(重み悪化:6)(主因 c1:4 high:2) 残存: 吉江雄貴, モニカ, アリフ / 結合候補: C3mnAlt×6 / 結合探索: 50通り試行/1ms
golden,120,1,on	45030	FairPolish	グループ内公平化(fair)研磨: fair 2->2 / total 322->322 HARD 0->0 採用0回 [頭打ち=改善手なし] 不採用11件(重み悪化:11)(主因 c1:7 low:3 high:1) 残存: 佐藤直美 Dﾃ, 山本昌幸 Cｵ / 結合候補: FairChain×11 / 結合探索: 200通り試行/1ms→無駄打ち回避で早期終了
golden,120,1,on	51165	C1EjectionChain	期間要件(c1)玉突き連鎖[起点193/連鎖13317/採用0/評価1070910/2117ms]: c1 84->84 score 6210->6210 HARD 0->0
golden,120,1,on	52276	POST	後処理タイミング 総8702ms: HF80=16ms HF67=18ms HF66=3ms 巡回研磨(厳密日割当+c1/c3/range/apt/fair+曜日/交互)=3932ms C1共同LNS=3622ms 個人共同LNS=1110ms 最終検査+HF70=1ms
golden,120,1,on	52276	POST	後処理パス別 計8698ms: C1玉突き連鎖=2117ms(24%) C1広域ビーム=1545ms(17%) C1共同LNS=1505ms(17%) C1時系列フロー=1064ms(12%) 個人回数共同LNS=1042ms(11%) ComponentRepair=435ms(5%) C1索引修復=243ms(2%) BlockRotationPolish=125ms(1%)
golden,120,1,on	52275	UnifiedCheck	合計=314 | HARD=0 [groupViol=0 c3n=0 covU=0 pref=0 c3w=0] | SOFT=314 [c1=84 c2=1 c3=30 c3m=33 c3mn=3 c42=6 covO=1 low=5 high=3 fair=2 weekly=146] (0ms)
golden,120,1,on	44857	C1BeamPolish	期間要件(c1)研磨[ビーム K=16 steps=48/729ms/最良が20手更新されず打ち切り]: c1 87->87 / total 322->322 score 6419->6419 HARD 0->0 手数0 [探索結果が根に勝てず破棄]
golden,120,1,on	44935	C3mnPolish	回避パターン(c3mn)研磨: c3mn 3->3 / total 322->322 HARD 0->0 採用0回 [頭打ち=改善手なし] 不採用6件(重み悪化:6)(主因 c1:4 high:2) 残存: 吉江雄貴, モニカ, アリフ / 結合候補: C3mnAlt×6 / 結合探索: 50通り試行/1ms
golden,120,1,on	45030	FairPolish	グループ内公平化(fair)研磨: fair 2->2 / total 322->322 HARD 0->0 採用0回 [頭打ち=改善手なし] 不採用11件(重み悪化:11)(主因 c1:7 low:3 high:1) 残存: 佐藤直美 Dﾃ, 山本昌幸 Cｵ / 結合候補: FairChain×11 / 結合探索: 200通り試行/1ms→無駄打ち回避で早期終了
golden,120,1,on	51165	C1EjectionChain	期間要件(c1)玉突き連鎖[起点193/連鎖13317/採用0/評価1070910/2117ms]: c1 84->84 score 6210->6210 HARD 0->0
golden,120,1,on	52276	POST	後処理タイミング 総8702ms: HF80=16ms HF67=18ms HF66=3ms 巡回研磨(厳密日割当+c1/c3/range/apt/fair+曜日/交互)=3932ms C1共同LNS=3622ms 個人共同LNS=1110ms 最終検査+HF70=1ms
golden,120,1,on	52276	POST	後処理パス別 計8698ms: C1玉突き連鎖=2117ms(24%) C1広域ビーム=1545ms(17%) C1共同LNS=1505ms(17%) C1時系列フロー=1064ms(12%) 個人回数共同LNS=1042ms(11%) ComponentRepair=435ms(5%) C1索引修復=243ms(2%) BlockRotationPolish=125ms(1%)
golden,120,1,off	39412	V6Dispatcher	完了 algorithm=RSI HARD=0 total=315 elapsed=39410ms
golden,120,1,off	42419	V6Dispatcher	完了 algorithm=ALNS HARD=0 total=315 elapsed=3006ms
golden,120,1,off	42523	C1Polish	期間要件(c1)研磨: c1 87->86 / total 315->314 HARD 0->0 採用1回(鏡像:0 自己:0 再配置:1) 残存: 古泉 健一 休(14日5回)(不採用×33 主因 c1:13 c3n:11), 山本昌幸 Dﾃ(14日2回)(不採用×27 主因 c3n:19 low:4), 山本昌幸 休(14日5回)(不採用×19 主因 c1:10 c3n:6), 福澤俊陽 Dﾃ(14日2回)(不採用×12 主因 c3n:8 low:2), 福澤俊陽 休(14日5回)(不採用×7 主因 c1:4 c3n:3), 佐藤直美 Dﾃ(14日2回)(不採用×23 主因 c3n:15 low:5), 佐藤直美 休(14日5回)(不採用×19 主因 c1:11 c3n:5), 吉江雄貴 Dﾃ(14日2回)(不採用×21 主因 c3n:16 c1:4), 吉江雄貴 休(14日5回)(不採用×18 主因 c1:9 c3n:5), 金沢勇輝 休(14日5回)(不採用×20 主因 c1:9 low:7), モニカ Dﾃ(14日2回)(不採用×15 主因 c3n:12 c1:3), モニカ 休(14日5回)(不採用×23 主因 low:10 c1:9), アリフ Dﾃ(14日2回)(不採用×20 主因 c3n:12 c1:5), アリフ 休(14日5回)(不採用×25 主因 c1:12 low:6), 古泉 健一 Dﾃ(14日2回)(不採用×15 主因 c3n:12 low:3) / 結合候補: 手B×123 / 結合探索: 200通り試行/2ms→無駄打ち回避で早期終了
golden,120,1,off	43388	C1BeamPolish	期間要件(c1)研磨[ビーム K=16 steps=24/434ms/最良が20手更新されず打ち切り]: c1 85->85 / total 315->315 score 6379->6379 HARD 0->0 手数0 [探索結果が根に勝てず破棄]
golden,120,1,off	43449	C3mnPolish	回避パターン(c3mn)研磨: c3mn 3->3 / total 319->319 HARD 0->0 採用0回 [頭打ち=改善手なし] 不採用8件(重み悪化:8)(主因 c1:6 low:1 weekly:1) 残存: 吉江雄貴, モニカ, アリフ / 結合候補: C3mnAlt×8 / 結合探索: 154通り試行/1ms
golden,120,1,off	43476	RangePolish	個人回数(low/high)玉突き研磨: low 5->5 / high 5->3 / total 319->313 HARD 0->0 採用1回（日割当:1 / 柔軟日割当:0） 対象: 吉江雄貴 Aｱ 残存: 福澤俊陽 B4(希望固定×24: 12/2・12/4・12/5・12/6・12/7・12/10ほか6日・不採用×14 主因 c1:12 c2:2・range後回し×10・候補なし×8・禁止連続×6), 桒澤美幸 休(希望固定×32: 12/6・12/11・12/13・12/17・12/23・12/29ほか2日・不採用×20 主因 c1:20・柔軟日割当候補なし×2・日割当候補なし×2), 佐藤直美 B4(不採用×16 主因 c1:14 c2:2・希望固定×14・range後回し×14・候補なし×10・禁止連続×8), 吉江雄貴 休(range後回し×19・候補なし×14・希望固定×6・不採用×5 主因 c3:2 c3mn:2), モニカ B4(希望固定×20: 12/1・12/5・12/6・12/7・12/8・12/12ほか4日・不採用×17 主因 c1:12 weekly:2・range後回し×17・禁止連続×6・候補なし×2), アリフ B4(不採用×30 主因 c1:26 c2:2・候補なし×12・希望固定×12・禁止連続×4・range後回し×4) / 結合候補: tryRelocate×186 / 結合探索: 200通り試行/1ms→無駄打ち回避で早期終了
golden,120,1,off	50687	POST	後処理タイミング 総8256ms: HF80=16ms HF67=18ms HF66=2ms 巡回研磨(厳密日割当+c1/c3/range/apt/fair+曜日/交互)=4329ms C1共同LNS=1501ms 個人共同LNS=2390ms 最終検査+HF70=0ms
golden,120,1,off	50687	POST	後処理パス別 計8252ms: 個人回数共同LNS=2280ms(27%) C1広域ビーム=2059ms(24%) C1共同LNS=1501ms(18%) C1時系列フロー=907ms(10%) ComponentRepair=525ms(6%) C1索引修復=261ms(3%) BlockRotationPolish=132ms(1%) C1同日交換=113ms(1%)
golden,120,1,off	50687	UnifiedCheck	合計=299 | HARD=0 [groupViol=0 c3n=0 covU=0 pref=0 c3w=0] | SOFT=299 [c1=81 c3=32 c3m=31 c3mn=3 c42=7 covO=1 low=5 high=3 fair=2 weekly=134] (0ms)
golden,120,1,off	42523	C1Polish	期間要件(c1)研磨: c1 87->86 / total 315->314 HARD 0->0 採用1回(鏡像:0 自己:0 再配置:1) 残存: 古泉 健一 休(14日5回)(不採用×33 主因 c1:13 c3n:11), 山本昌幸 Dﾃ(14日2回)(不採用×27 主因 c3n:19 low:4), 山本昌幸 休(14日5回)(不採用×19 主因 c1:10 c3n:6), 福澤俊陽 Dﾃ(14日2回)(不採用×12 主因 c3n:8 low:2), 福澤俊陽 休(14日5回)(不採用×7 主因 c1:4 c3n:3), 佐藤直美 Dﾃ(14日2回)(不採用×23 主因 c3n:15 low:5), 佐藤直美 休(14日5回)(不採用×19 主因 c1:11 c3n:5), 吉江雄貴 Dﾃ(14日2回)(不採用×21 主因 c3n:16 c1:4), 吉江雄貴 休(14日5回)(不採用×18 主因 c1:9 c3n:5), 金沢勇輝 休(14日5回)(不採用×20 主因 c1:9 low:7), モニカ Dﾃ(14日2回)(不採用×15 主因 c3n:12 c1:3), モニカ 休(14日5回)(不採用×23 主因 low:10 c1:9), アリフ Dﾃ(14日2回)(不採用×20 主因 c3n:12 c1:5), アリフ 休(14日5回)(不採用×25 主因 c1:12 low:6), 古泉 健一 Dﾃ(14日2回)(不採用×15 主因 c3n:12 low:3) / 結合候補: 手B×123 / 結合探索: 200通り試行/2ms→無駄打ち回避で早期終了
golden,120,1,off	43388	C1BeamPolish	期間要件(c1)研磨[ビーム K=16 steps=24/434ms/最良が20手更新されず打ち切り]: c1 85->85 / total 315->315 score 6379->6379 HARD 0->0 手数0 [探索結果が根に勝てず破棄]
golden,120,1,off	43449	C3mnPolish	回避パターン(c3mn)研磨: c3mn 3->3 / total 319->319 HARD 0->0 採用0回 [頭打ち=改善手なし] 不採用8件(重み悪化:8)(主因 c1:6 low:1 weekly:1) 残存: 吉江雄貴, モニカ, アリフ / 結合候補: C3mnAlt×8 / 結合探索: 154通り試行/1ms
golden,120,1,off	43476	RangePolish	個人回数(low/high)玉突き研磨: low 5->5 / high 5->3 / total 319->313 HARD 0->0 採用1回（日割当:1 / 柔軟日割当:0） 対象: 吉江雄貴 Aｱ 残存: 福澤俊陽 B4(希望固定×24: 12/2・12/4・12/5・12/6・12/7・12/10ほか6日・不採用×14 主因 c1:12 c2:2・range後回し×10・候補なし×8・禁止連続×6), 桒澤美幸 休(希望固定×32: 12/6・12/11・12/13・12/17・12/23・12/29ほか2日・不採用×20 主因 c1:20・柔軟日割当候補なし×2・日割当候補なし×2), 佐藤直美 B4(不採用×16 主因 c1:14 c2:2・希望固定×14・range後回し×14・候補なし×10・禁止連続×8), 吉江雄貴 休(range後回し×19・候補なし×14・希望固定×6・不採用×5 主因 c3:2 c3mn:2), モニカ B4(希望固定×20: 12/1・12/5・12/6・12/7・12/8・12/12ほか4日・不採用×17 主因 c1:12 weekly:2・range後回し×17・禁止連続×6・候補なし×2), アリフ B4(不採用×30 主因 c1:26 c2:2・候補なし×12・希望固定×12・禁止連続×4・range後回し×4) / 結合候補: tryRelocate×186 / 結合探索: 200通り試行/1ms→無駄打ち回避で早期終了
golden,120,1,off	50687	POST	後処理タイミング 総8256ms: HF80=16ms HF67=18ms HF66=2ms 巡回研磨(厳密日割当+c1/c3/range/apt/fair+曜日/交互)=4329ms C1共同LNS=1501ms 個人共同LNS=2390ms 最終検査+HF70=0ms
golden,120,1,off	50687	POST	後処理パス別 計8252ms: 個人回数共同LNS=2280ms(27%) C1広域ビーム=2059ms(24%) C1共同LNS=1501ms(18%) C1時系列フロー=907ms(10%) ComponentRepair=525ms(6%) C1索引修復=261ms(3%) BlockRotationPolish=132ms(1%) C1同日交換=113ms(1%)
golden,120,2,off	33821	V6Dispatcher	完了 algorithm=RSI HARD=0 total=313 elapsed=33817ms
golden,120,2,off	36832	V6Dispatcher	完了 algorithm=ALNS HARD=0 total=313 elapsed=3010ms
golden,120,2,off	36962	C1Polish	期間要件(c1)研磨: c1 83->83 / total 316->316 HARD 0->0 採用0回(鏡像:0 自己:0 再配置:0) [頭打ち=改善手なし] 残存: 古泉 健一 休(14日5回)(不採用×29 主因 c1:11 c3n:11), 山本昌幸 Dﾃ(14日2回)(不採用×14 主因 c3n:8 c1:3), 山本昌幸 休(14日5回)(不採用×31 主因 c3n:12 c1:10), 福澤俊陽 Dﾃ(14日2回)(不採用×10 主因 c3n:7 c1:2), 福澤俊陽 休(14日5回)(不採用×14 主因 low:8 c1:4), 佐藤直美 Dﾃ(14日2回)(不採用×18 主因 c3n:14 c1:3), 佐藤直美 休(14日5回)(不採用×14 主因 low:6 c1:4), 吉江雄貴 Dﾃ(14日2回)(不採用×23 主因 c3n:15 low:4), 吉江雄貴 休(14日5回)(不採用×28 主因 c3n:10 low:9), 金沢勇輝 休(14日5回)(不採用×22 主因 c1:9 c3n:8), モニカ Dﾃ(14日2回)(不採用×17 主因 c3n:11 c1:4), モニカ 休(14日5回)(不採用×25 主因 c1:17 low:5), アリフ Dﾃ(14日2回)(不採用×21 主因 c3n:12 c1:5), アリフ 休(14日5回)(不採用×22 主因 low:9 c3n:7), 古泉 健一 Dﾃ(14日2回)(不採用×13 主因 c3n:10 low:2) / 結合候補: 手B×127 / 結合探索: 200通り試行/3ms→無駄打ち回避で早期終了
golden,120,2,off	37707	C1BeamPolish	期間要件(c1)研磨[ビーム K=16 steps=22/381ms/最良が20手更新されず打ち切り]: c1 83->83 / total 316->316 score 6534->6534 HARD 0->0 手数0 [探索結果が根に勝てず破棄]
golden,120,2,off	37801	C3mnPolish	回避パターン(c3mn)研磨: c3mn 4->4 / total 316->316 HARD 0->0 採用0回 [頭打ち=改善手なし] 不採用13件(重み悪化:13)(主因 c1:6 low:5 high:2) 残存: 吉江雄貴, 金沢勇輝, モニカ, アリフ / 結合候補: C3mnAlt×13 / 結合探索: 200通り試行/1ms→無駄打ち回避で早期終了
golden,120,2,off	42901	POST	後処理タイミング 総6057ms: HF80=17ms HF67=20ms HF66=2ms 巡回研磨(厳密日割当+c1/c3/range/apt/fair+曜日/交互)=2357ms C1共同LNS=1504ms 個人共同LNS=2157ms 最終検査+HF70=0ms
golden,120,2,off	42901	POST	後処理パス別 計6056ms: 個人回数共同LNS=2087ms(34%) C1共同LNS=1504ms(24%) C1広域ビーム=811ms(13%) C1時系列フロー=636ms(10%) ComponentRepair=325ms(5%) C1索引修復=142ms(2%) BlockRotationPolish=130ms(2%) C1同日交換=68ms(1%)
golden,120,2,off	42901	UnifiedCheck	合計=312 | HARD=0 [groupViol=0 c3n=0 covU=0 pref=0 c3w=0] | SOFT=312 [c1=83 c3=40 c3m=43 c3mn=4 c42=6 covO=2 low=6 high=3 fair=2 weekly=123] (0ms)
golden,120,2,off	36962	C1Polish	期間要件(c1)研磨: c1 83->83 / total 316->316 HARD 0->0 採用0回(鏡像:0 自己:0 再配置:0) [頭打ち=改善手なし] 残存: 古泉 健一 休(14日5回)(不採用×29 主因 c1:11 c3n:11), 山本昌幸 Dﾃ(14日2回)(不採用×14 主因 c3n:8 c1:3), 山本昌幸 休(14日5回)(不採用×31 主因 c3n:12 c1:10), 福澤俊陽 Dﾃ(14日2回)(不採用×10 主因 c3n:7 c1:2), 福澤俊陽 休(14日5回)(不採用×14 主因 low:8 c1:4), 佐藤直美 Dﾃ(14日2回)(不採用×18 主因 c3n:14 c1:3), 佐藤直美 休(14日5回)(不採用×14 主因 low:6 c1:4), 吉江雄貴 Dﾃ(14日2回)(不採用×23 主因 c3n:15 low:4), 吉江雄貴 休(14日5回)(不採用×28 主因 c3n:10 low:9), 金沢勇輝 休(14日5回)(不採用×22 主因 c1:9 c3n:8), モニカ Dﾃ(14日2回)(不採用×17 主因 c3n:11 c1:4), モニカ 休(14日5回)(不採用×25 主因 c1:17 low:5), アリフ Dﾃ(14日2回)(不採用×21 主因 c3n:12 c1:5), アリフ 休(14日5回)(不採用×22 主因 low:9 c3n:7), 古泉 健一 Dﾃ(14日2回)(不採用×13 主因 c3n:10 low:2) / 結合候補: 手B×127 / 結合探索: 200通り試行/3ms→無駄打ち回避で早期終了
golden,120,2,off	37707	C1BeamPolish	期間要件(c1)研磨[ビーム K=16 steps=22/381ms/最良が20手更新されず打ち切り]: c1 83->83 / total 316->316 score 6534->6534 HARD 0->0 手数0 [探索結果が根に勝てず破棄]
golden,120,2,off	37801	C3mnPolish	回避パターン(c3mn)研磨: c3mn 4->4 / total 316->316 HARD 0->0 採用0回 [頭打ち=改善手なし] 不採用13件(重み悪化:13)(主因 c1:6 low:5 high:2) 残存: 吉江雄貴, 金沢勇輝, モニカ, アリフ / 結合候補: C3mnAlt×13 / 結合探索: 200通り試行/1ms→無駄打ち回避で早期終了
golden,120,2,off	42901	POST	後処理タイミング 総6057ms: HF80=17ms HF67=20ms HF66=2ms 巡回研磨(厳密日割当+c1/c3/range/apt/fair+曜日/交互)=2357ms C1共同LNS=1504ms 個人共同LNS=2157ms 最終検査+HF70=0ms
golden,120,2,off	42901	POST	後処理パス別 計6056ms: 個人回数共同LNS=2087ms(34%) C1共同LNS=1504ms(24%) C1広域ビーム=811ms(13%) C1時系列フロー=636ms(10%) ComponentRepair=325ms(5%) C1索引修復=142ms(2%) BlockRotationPolish=130ms(2%) C1同日交換=68ms(1%)
golden,120,2,on	31832	V6Dispatcher	完了 algorithm=RSI HARD=0 total=331 elapsed=31830ms
golden,120,2,on	34839	V6Dispatcher	完了 algorithm=ALNS HARD=0 total=331 elapsed=3007ms
golden,120,2,on	35303	C1Polish	期間要件(c1)研磨: c1 83->82 / total 331->335 HARD 0->0 採用1回(鏡像:0 自己:0 再配置:1) 残存: 古泉 健一 休(14日5回)(不採用×27 主因 c3n:11 c1:9), 山本昌幸 Dﾃ(14日2回)(不採用×17 主因 c3n:12 c1:3), 山本昌幸 休(14日5回)(不採用×16 主因 low:7 c1:5), 福澤俊陽 Dﾃ(14日2回)(不採用×12 主因 c3n:8 c1:4), 福澤俊陽 休(14日5回)(不採用×13 主因 c1:8 low:3), 佐藤直美 Dﾃ(14日2回)(不採用×14 主因 c3n:11 c1:3), 佐藤直美 休(14日5回)(不採用×30 主因 c1:12 c3n:11), 吉江雄貴 Dﾃ(14日2回)(不採用×13 主因 c3n:10 low:2), 吉江雄貴 休(14日5回)(不採用×26 主因 c1:9 c3n:9), 金沢勇輝 休(14日5回)(不採用×26 主因 c1:12 low:7), モニカ 休(14日5回)(不採用×24 主因 low:12 c3n:7), アリフ Dﾃ(14日2回)(不採用×20 主因 c3n:13 low:3), アリフ 休(14日5回)(不採用×20 主因 c1:8 c3n:8), 古泉 健一 Dﾃ(14日2回)(不採用×16 主因 c3n:7 c1:6) / 結合候補: 手B×115 / 結合探索: 200通り試行/1ms→無駄打ち回避で早期終了
golden,120,2,on	36962	C1BeamPolish	期間要件(c1)研磨[ビーム K=16 steps=60/1151ms]: c1 82->82 / total 335->335 score 6486->6486 HARD 0->0 手数0 [探索結果が根に勝てず破棄]
golden,120,2,on	42114	C1EjectionChain	期間要件(c1)玉突き連鎖[起点189/連鎖13041/採用0/評価965437/2040ms]: c1 83->83 score 6430->6430 HARD 0->0
golden,120,2,on	43112	POST	後処理タイミング 総7966ms: HF80=23ms HF67=22ms HF66=2ms 巡回研磨(厳密日割当+c1/c3/range/apt/fair+曜日/交互)=3376ms C1共同LNS=3545ms 個人共同LNS=998ms 最終検査+HF70=0ms
golden,120,2,on	43112	POST	後処理パス別 計7958ms: C1玉突き連鎖=2040ms(25%) C1広域ビーム=1619ms(20%) C1共同LNS=1505ms(18%) 個人回数共同LNS=871ms(10%) C1時系列フロー=723ms(9%) ComponentRepair=386ms(4%) C1索引修復=219ms(2%) C1同日交換=117ms(1%)
golden,120,2,on	43112	UnifiedCheck	合計=332 | HARD=0 [groupViol=0 c3n=0 covU=0 pref=0 c3w=0] | SOFT=332 [c1=83 c2=2 c3=42 c3m=37 c3mn=2 c42=8 covO=2 low=6 high=4 fair=2 weekly=144] (0ms)
golden,120,2,on	35303	C1Polish	期間要件(c1)研磨: c1 83->82 / total 331->335 HARD 0->0 採用1回(鏡像:0 自己:0 再配置:1) 残存: 古泉 健一 休(14日5回)(不採用×27 主因 c3n:11 c1:9), 山本昌幸 Dﾃ(14日2回)(不採用×17 主因 c3n:12 c1:3), 山本昌幸 休(14日5回)(不採用×16 主因 low:7 c1:5), 福澤俊陽 Dﾃ(14日2回)(不採用×12 主因 c3n:8 c1:4), 福澤俊陽 休(14日5回)(不採用×13 主因 c1:8 low:3), 佐藤直美 Dﾃ(14日2回)(不採用×14 主因 c3n:11 c1:3), 佐藤直美 休(14日5回)(不採用×30 主因 c1:12 c3n:11), 吉江雄貴 Dﾃ(14日2回)(不採用×13 主因 c3n:10 low:2), 吉江雄貴 休(14日5回)(不採用×26 主因 c1:9 c3n:9), 金沢勇輝 休(14日5回)(不採用×26 主因 c1:12 low:7), モニカ 休(14日5回)(不採用×24 主因 low:12 c3n:7), アリフ Dﾃ(14日2回)(不採用×20 主因 c3n:13 low:3), アリフ 休(14日5回)(不採用×20 主因 c1:8 c3n:8), 古泉 健一 Dﾃ(14日2回)(不採用×16 主因 c3n:7 c1:6) / 結合候補: 手B×115 / 結合探索: 200通り試行/1ms→無駄打ち回避で早期終了
golden,120,2,on	36962	C1BeamPolish	期間要件(c1)研磨[ビーム K=16 steps=60/1151ms]: c1 82->82 / total 335->335 score 6486->6486 HARD 0->0 手数0 [探索結果が根に勝てず破棄]
golden,120,2,on	42114	C1EjectionChain	期間要件(c1)玉突き連鎖[起点189/連鎖13041/採用0/評価965437/2040ms]: c1 83->83 score 6430->6430 HARD 0->0
golden,120,2,on	43112	POST	後処理タイミング 総7966ms: HF80=23ms HF67=22ms HF66=2ms 巡回研磨(厳密日割当+c1/c3/range/apt/fair+曜日/交互)=3376ms C1共同LNS=3545ms 個人共同LNS=998ms 最終検査+HF70=0ms
golden,120,2,on	43112	POST	後処理パス別 計7958ms: C1玉突き連鎖=2040ms(25%) C1広域ビーム=1619ms(20%) C1共同LNS=1505ms(18%) 個人回数共同LNS=871ms(10%) C1時系列フロー=723ms(9%) ComponentRepair=386ms(4%) C1索引修復=219ms(2%) C1同日交換=117ms(1%)
golden,120,3,on	38703	V6Dispatcher	完了 algorithm=RSI HARD=0 total=343 elapsed=38702ms
golden,120,3,on	40782	C1BeamPolish	期間要件(c1)研磨[ビーム K=16 steps=60/1088ms]: c1 78->78 / total 343->343 score 6260->6260 HARD 0->0 手数0 [探索結果が根に勝てず破棄]
golden,120,3,on	40884	RangePolish	個人回数(low/high)玉突き研磨: low 6->6 / high 7->7 / total 347->347 HARD 0->0 採用0回（日割当:0 / 柔軟日割当:0） [頭打ち=改善手なし] 残存: 古泉 健一 有(range後回し×10・希望固定×8・不採用×8 主因 c1:8・候補なし×4・ピン破り×1), アリフ 有(不採用×9 主因 c1:9・候補なし×7・range後回し×7・希望固定×6・ピン破り×2), 古泉 健一 A4(range後回し×13・不採用×11 主因 c1:8 low:3・禁止連続×11・希望固定×5・候補なし×3・ピン破り×2・柔軟日割当候補なし×1・日割当候補なし×1), 福澤俊陽 B4(希望固定×12: 12/2・12/4・12/5・12/6・12/7・12/10ほか6日・不採用×6 主因 c1:5 c2:1・禁止連続×5・候補なし×4・range後回し×4), 桒澤美幸 休(希望固定×16: 12/6・12/11・12/13・12/17・12/23・12/29ほか2日・不採用×10 主因 c1:10・柔軟日割当候補なし×1・日割当候補なし×1), 佐藤直美 B4(range後回し×9・希望固定×7・不採用×6 主因 c1:5 c2:1・候補なし×4・禁止連続×4・ピン破り×1), 吉江雄貴 B4(不採用×8 主因 c1:7 c3mn:1・候補なし×7・希望固定×6・range後回し×5・禁止連続×4・ピン破り×1), モニカ 休(希望固定×30: 12/1・12/6・12/7・12/25・12/26・12/27・不採用×18 主因 c1:18・禁止連続×7・柔軟日割当候補なし×1・日割当候補なし×1), モニカ Aｱ(不採用×16 主因 low:7 c1:5・希望固定×15・range後回し×6・禁止連続×5・候補なし×3・柔軟日割当候補なし×1・日割当候補なし×1), モニカ B4(希望固定×10: 12/1・12/5・12/6・12/7・12/8・12/12ほか4日・不採用×9 主因 c1:7 c3mn:1・range後回し×8・禁止連続×3・候補なし×1), アリフ Cｱ(range後回し×17・不採用×12 主因 c1:9 c3mn:3・候補なし×7・希望固定×5・禁止連続×4・柔軟日割当候補なし×1・日割当候補なし×1) / 結合候補: tryRelocate×199 / 結合探索: 200通り試行/1ms→無駄打ち回避で早期終了
golden,120,3,on	48469	C1EjectionChain	期間要件(c1)玉突き連鎖[起点208/連鎖14352/採用0/評価989499/2010ms]: c1 74->74 score 5977->5977 HARD 0->0
golden,120,3,on	50808	POST	後処理タイミング 総11736ms: HF80=16ms HF67=19ms HF66=4ms 巡回研磨(厳密日割当+c1/c3/range/apt/fair+曜日/交互)=5846ms C1共同LNS=3511ms 個人共同LNS=2339ms 最終検査+HF70=1ms
golden,120,3,on	50808	POST	後処理パス別 計11732ms: C1広域ビーム=3020ms(25%) 個人回数共同LNS=2287ms(19%) C1玉突き連鎖=2010ms(17%) C1共同LNS=1501ms(12%) C1時系列フロー=1287ms(10%) ComponentRepair=589ms(5%) C1索引修復=244ms(2%) RangePolish=143ms(1%)
golden,120,3,on	50808	UnifiedCheck	合計=346 | HARD=0 [groupViol=0 c3n=0 covU=0 pref=0 c3w=0] | SOFT=346 [c1=74 c2=2 c3=36 c3m=43 c3mn=2 c42=6 covO=1 low=6 high=6 fair=3 weekly=167] (0ms)
golden,120,3,on	40782	C1BeamPolish	期間要件(c1)研磨[ビーム K=16 steps=60/1088ms]: c1 78->78 / total 343->343 score 6260->6260 HARD 0->0 手数0 [探索結果が根に勝てず破棄]
golden,120,3,on	40884	RangePolish	個人回数(low/high)玉突き研磨: low 6->6 / high 7->7 / total 347->347 HARD 0->0 採用0回（日割当:0 / 柔軟日割当:0） [頭打ち=改善手なし] 残存: 古泉 健一 有(range後回し×10・希望固定×8・不採用×8 主因 c1:8・候補なし×4・ピン破り×1), アリフ 有(不採用×9 主因 c1:9・候補なし×7・range後回し×7・希望固定×6・ピン破り×2), 古泉 健一 A4(range後回し×13・不採用×11 主因 c1:8 low:3・禁止連続×11・希望固定×5・候補なし×3・ピン破り×2・柔軟日割当候補なし×1・日割当候補なし×1), 福澤俊陽 B4(希望固定×12: 12/2・12/4・12/5・12/6・12/7・12/10ほか6日・不採用×6 主因 c1:5 c2:1・禁止連続×5・候補なし×4・range後回し×4), 桒澤美幸 休(希望固定×16: 12/6・12/11・12/13・12/17・12/23・12/29ほか2日・不採用×10 主因 c1:10・柔軟日割当候補なし×1・日割当候補なし×1), 佐藤直美 B4(range後回し×9・希望固定×7・不採用×6 主因 c1:5 c2:1・候補なし×4・禁止連続×4・ピン破り×1), 吉江雄貴 B4(不採用×8 主因 c1:7 c3mn:1・候補なし×7・希望固定×6・range後回し×5・禁止連続×4・ピン破り×1), モニカ 休(希望固定×30: 12/1・12/6・12/7・12/25・12/26・12/27・不採用×18 主因 c1:18・禁止連続×7・柔軟日割当候補なし×1・日割当候補なし×1), モニカ Aｱ(不採用×16 主因 low:7 c1:5・希望固定×15・range後回し×6・禁止連続×5・候補なし×3・柔軟日割当候補なし×1・日割当候補なし×1), モニカ B4(希望固定×10: 12/1・12/5・12/6・12/7・12/8・12/12ほか4日・不採用×9 主因 c1:7 c3mn:1・range後回し×8・禁止連続×3・候補なし×1), アリフ Cｱ(range後回し×17・不採用×12 主因 c1:9 c3mn:3・候補なし×7・希望固定×5・禁止連続×4・柔軟日割当候補なし×1・日割当候補なし×1) / 結合候補: tryRelocate×199 / 結合探索: 200通り試行/1ms→無駄打ち回避で早期終了
golden,120,3,on	48469	C1EjectionChain	期間要件(c1)玉突き連鎖[起点208/連鎖14352/採用0/評価989499/2010ms]: c1 74->74 score 5977->5977 HARD 0->0
golden,120,3,on	50808	POST	後処理タイミング 総11736ms: HF80=16ms HF67=19ms HF66=4ms 巡回研磨(厳密日割当+c1/c3/range/apt/fair+曜日/交互)=5846ms C1共同LNS=3511ms 個人共同LNS=2339ms 最終検査+HF70=1ms
golden,120,3,on	50808	POST	後処理パス別 計11732ms: C1広域ビーム=3020ms(25%) 個人回数共同LNS=2287ms(19%) C1玉突き連鎖=2010ms(17%) C1共同LNS=1501ms(12%) C1時系列フロー=1287ms(10%) ComponentRepair=589ms(5%) C1索引修復=244ms(2%) RangePolish=143ms(1%)
golden,120,3,off	38730	V6Dispatcher	完了 algorithm=RSI HARD=0 total=312 elapsed=38728ms
golden,120,3,off	54668	V6Dispatcher	完了 algorithm=ALNS HARD=0 total=317 elapsed=15937ms
golden,120,3,off	54992	C1Polish	期間要件(c1)研磨: c1 88->88 / total 317->317 HARD 0->0 採用0回(鏡像:0 自己:0 再配置:0) [頭打ち=改善手なし] 残存: 古泉 健一 休(14日5回)(不採用×29 主因 c1:19 c3n:6), 山本昌幸 休(14日5回)(不採用×33 主因 low:12 c1:11), 福澤俊陽 Dﾃ(14日2回)(不採用×7 主因 c3n:4 c1:3), 福澤俊陽 休(14日5回)(不採用×12 主因 low:4 c1:4), 佐藤直美 Dﾃ(14日2回)(不採用×19 主因 c3n:14 high:2), 佐藤直美 休(14日5回)(不採用×20 主因 c1:11 c3n:7), 吉江雄貴 Dﾃ(14日2回)(不採用×18 主因 c3n:15 low:2), 吉江雄貴 休(14日5回)(不採用×25 主因 low:12 c1:9), 金沢勇輝 Dﾃ(14日2回)(不採用×15 主因 c3n:12 c1:2), 金沢勇輝 休(14日5回)(不採用×18 主因 low:9 c1:4), モニカ Dﾃ(14日2回)(不採用×16 主因 c3n:15 c1:1), モニカ 休(14日5回)(不採用×25 主因 c1:15 low:6), アリフ Dﾃ(14日2回)(不採用×11 主因 c3n:8 c3mn:2), アリフ 休(14日5回)(不採用×17 主因 c3n:8 c1:7), 古泉 健一 Dﾃ(14日2回)(不採用×12 主因 c3n:9 low:2) / 結合候補: 手B×118 / 結合探索: 200通り試行/1ms→無駄打ち回避で早期終了
golden,120,3,off	56676	C1BeamPolish	期間要件(c1)研磨[ビーム K=16 steps=60/1272ms]: c1 88->88 / total 317->317 score 6260->6260 HARD 0->0 手数0 [探索結果が根に勝てず破棄]
golden,120,3,off	56831	RangePolish	個人回数(low/high)玉突き研磨: low 5->5 / high 3->3 / total 321->321 HARD 0->0 採用0回（日割当:0 / 柔軟日割当:0） [頭打ち=改善手なし] 残存: モニカ 有(不採用×12 主因 c1:9 c3mn:3・希望固定×10・range後回し×7・候補なし×2), 古泉 健一 休(不採用×9 主因 c1:5 c3:3・range後回し×6・候補なし×4・希望固定×3), 福澤俊陽 B4(希望固定×12: 12/2・12/4・12/5・12/6・12/7・12/10ほか6日・不採用×8 主因 c1:7 c2:1・禁止連続×4・range後回し×4・候補なし×3), 桒澤美幸 休(希望固定×16: 12/6・12/11・12/13・12/17・12/23・12/29ほか2日・不採用×10 主因 c1:10・柔軟日割当候補なし×1・日割当候補なし×1), 金沢勇輝 B4(希望固定×8: 12/1・12/3・12/4・12/8・12/18・12/21ほか2日・不採用×8 主因 c1:7 c3:1・range後回し×6・候補なし×5・禁止連続×3・ピン破り×1), モニカ B4(希望固定×10: 12/1・12/5・12/6・12/7・12/8・12/12ほか4日・不採用×9 主因 c1:8 c3mn:1・range後回し×7・禁止連続×4・候補なし×1) / 結合候補: tryRelocate×87 / 結合探索: 200通り試行/1ms→無駄打ち回避で早期終了
golden,120,3,off	62758	POST	後処理タイミング 総7858ms: HF80=17ms HF67=19ms HF66=2ms 巡回研磨(厳密日割当+c1/c3/range/apt/fair+曜日/交互)=4055ms C1共同LNS=1510ms 個人共同LNS=2254ms 最終検査+HF70=1ms
golden,120,3,off	62758	POST	後処理パス別 計7854ms: C1広域ビーム=2387ms(30%) 個人回数共同LNS=2162ms(27%) C1共同LNS=1510ms(19%) C1時系列フロー=659ms(8%) ComponentRepair=354ms(4%) C1厳密窓=175ms(2%) C1索引修復=138ms(1%) BlockRotationPolish=75ms(0%)
golden,120,3,off	62757	UnifiedCheck	合計=318 | HARD=0 [groupViol=0 c3n=0 covU=0 pref=0 c3w=0] | SOFT=318 [c1=88 c2=1 c3=33 c3m=37 c3mn=1 c42=6 covO=1 low=5 high=3 fair=3 weekly=140] (0ms)
golden,120,3,off	54992	C1Polish	期間要件(c1)研磨: c1 88->88 / total 317->317 HARD 0->0 採用0回(鏡像:0 自己:0 再配置:0) [頭打ち=改善手なし] 残存: 古泉 健一 休(14日5回)(不採用×29 主因 c1:19 c3n:6), 山本昌幸 休(14日5回)(不採用×33 主因 low:12 c1:11), 福澤俊陽 Dﾃ(14日2回)(不採用×7 主因 c3n:4 c1:3), 福澤俊陽 休(14日5回)(不採用×12 主因 low:4 c1:4), 佐藤直美 Dﾃ(14日2回)(不採用×19 主因 c3n:14 high:2), 佐藤直美 休(14日5回)(不採用×20 主因 c1:11 c3n:7), 吉江雄貴 Dﾃ(14日2回)(不採用×18 主因 c3n:15 low:2), 吉江雄貴 休(14日5回)(不採用×25 主因 low:12 c1:9), 金沢勇輝 Dﾃ(14日2回)(不採用×15 主因 c3n:12 c1:2), 金沢勇輝 休(14日5回)(不採用×18 主因 low:9 c1:4), モニカ Dﾃ(14日2回)(不採用×16 主因 c3n:15 c1:1), モニカ 休(14日5回)(不採用×25 主因 c1:15 low:6), アリフ Dﾃ(14日2回)(不採用×11 主因 c3n:8 c3mn:2), アリフ 休(14日5回)(不採用×17 主因 c3n:8 c1:7), 古泉 健一 Dﾃ(14日2回)(不採用×12 主因 c3n:9 low:2) / 結合候補: 手B×118 / 結合探索: 200通り試行/1ms→無駄打ち回避で早期終了
golden,120,3,off	56676	C1BeamPolish	期間要件(c1)研磨[ビーム K=16 steps=60/1272ms]: c1 88->88 / total 317->317 score 6260->6260 HARD 0->0 手数0 [探索結果が根に勝てず破棄]
golden,120,3,off	56831	RangePolish	個人回数(low/high)玉突き研磨: low 5->5 / high 3->3 / total 321->321 HARD 0->0 採用0回（日割当:0 / 柔軟日割当:0） [頭打ち=改善手なし] 残存: モニカ 有(不採用×12 主因 c1:9 c3mn:3・希望固定×10・range後回し×7・候補なし×2), 古泉 健一 休(不採用×9 主因 c1:5 c3:3・range後回し×6・候補なし×4・希望固定×3), 福澤俊陽 B4(希望固定×12: 12/2・12/4・12/5・12/6・12/7・12/10ほか6日・不採用×8 主因 c1:7 c2:1・禁止連続×4・range後回し×4・候補なし×3), 桒澤美幸 休(希望固定×16: 12/6・12/11・12/13・12/17・12/23・12/29ほか2日・不採用×10 主因 c1:10・柔軟日割当候補なし×1・日割当候補なし×1), 金沢勇輝 B4(希望固定×8: 12/1・12/3・12/4・12/8・12/18・12/21ほか2日・不採用×8 主因 c1:7 c3:1・range後回し×6・候補なし×5・禁止連続×3・ピン破り×1), モニカ B4(希望固定×10: 12/1・12/5・12/6・12/7・12/8・12/12ほか4日・不採用×9 主因 c1:8 c3mn:1・range後回し×7・禁止連続×4・候補なし×1) / 結合候補: tryRelocate×87 / 結合探索: 200通り試行/1ms→無駄打ち回避で早期終了
golden,120,3,off	62758	POST	後処理タイミング 総7858ms: HF80=17ms HF67=19ms HF66=2ms 巡回研磨(厳密日割当+c1/c3/range/apt/fair+曜日/交互)=4055ms C1共同LNS=1510ms 個人共同LNS=2254ms 最終検査+HF70=1ms
golden,120,3,off	62758	POST	後処理パス別 計7854ms: C1広域ビーム=2387ms(30%) 個人回数共同LNS=2162ms(27%) C1共同LNS=1510ms(19%) C1時系列フロー=659ms(8%) ComponentRepair=354ms(4%) C1厳密窓=175ms(2%) C1索引修復=138ms(1%) BlockRotationPolish=75ms(0%)
sample,60,1,on	28059	V6Dispatcher	完了 algorithm=RSI HARD=1 total=290 elapsed=28043ms
sample,60,1,on	30066	V6Dispatcher	完了 algorithm=ALNS HARD=1 total=290 elapsed=2008ms
sample,60,1,on	31428	C1BeamPolish	期間要件(c1)研磨[ビーム K=16 steps=22/623ms/最良が20手更新されず打ち切り]: c1 9->9 / total 294->294 score 11617->11617 HARD 1->1 手数0 [探索結果が根に勝てず破棄]
sample,60,1,on	34842	C1EjectionChain	期間要件(c1)玉突き連鎖[起点73/連鎖5037/採用1/評価362635/643ms]: c1 8->7 score 11515->11476 HARD 1->1
sample,60,1,on	36514	POST	後処理タイミング 総6316ms: HF80=63ms HF67=18ms HF66=3ms 巡回研磨(厳密日割当+c1/c3/range/apt/fair+曜日/交互)=2415ms C1共同LNS=2145ms 個人共同LNS=1671ms 最終検査+HF70=1ms
sample,60,1,on	36514	POST	後処理パス別 計6306ms: 個人回数共同LNS=1551ms(24%) C1共同LNS=1502ms(23%) C1広域ビーム=964ms(15%) C1時系列フロー=702ms(11%) C1玉突き連鎖=643ms(10%) ComponentRepair=237ms(3%) AdaptiveBlockSwapPolish=105ms(1%) RangePolish=74ms(1%)
sample,60,1,on	36513	UnifiedCheck	合計=285 | HARD=1 [groupViol=0 c3n=1 covU=0 pref=0 c3w=0] | SOFT=284 [c1=7 c2=1 c3=66 c3m=25 c42=8 low=4 high=2 fair=1 weekly=170] (0ms)
sample,60,1,on	31428	C1BeamPolish	期間要件(c1)研磨[ビーム K=16 steps=22/623ms/最良が20手更新されず打ち切り]: c1 9->9 / total 294->294 score 11617->11617 HARD 1->1 手数0 [探索結果が根に勝てず破棄]
sample,60,1,on	34842	C1EjectionChain	期間要件(c1)玉突き連鎖[起点73/連鎖5037/採用1/評価362635/643ms]: c1 8->7 score 11515->11476 HARD 1->1
sample,60,1,on	36514	POST	後処理タイミング 総6316ms: HF80=63ms HF67=18ms HF66=3ms 巡回研磨(厳密日割当+c1/c3/range/apt/fair+曜日/交互)=2415ms C1共同LNS=2145ms 個人共同LNS=1671ms 最終検査+HF70=1ms
sample,60,1,on	36514	POST	後処理パス別 計6306ms: 個人回数共同LNS=1551ms(24%) C1共同LNS=1502ms(23%) C1広域ビーム=964ms(15%) C1時系列フロー=702ms(11%) C1玉突き連鎖=643ms(10%) ComponentRepair=237ms(3%) AdaptiveBlockSwapPolish=105ms(1%) RangePolish=74ms(1%)
sample,60,1,off	24649	V6Dispatcher	完了 algorithm=RSI HARD=1 total=272 elapsed=24645ms
sample,60,1,off	26655	V6Dispatcher	完了 algorithm=ALNS HARD=1 total=272 elapsed=2006ms
sample,60,1,off	27692	C1BeamPolish	期間要件(c1)研磨[ビーム K=16 steps=27/616ms/最良が20手更新されず打ち切り]: c1 6->7 / total 271->272 score 11549->11517 HARD 1->1 手数7
sample,60,1,off	36621	POST	後処理タイミング 総9808ms: HF80=23ms HF67=25ms HF66=2ms 巡回研磨(厳密日割当+c1/c3/range/apt/fair+曜日/交互)=3358ms C1共同LNS=4106ms 個人共同LNS=2293ms 最終検査+HF70=1ms
sample,60,1,off	36621	POST	後処理パス別 計9800ms: C1共同LNS=4106ms(41%) 個人回数共同LNS=2152ms(21%) C1広域ビーム=1731ms(17%) C1時系列フロー=756ms(7%) ComponentRepair=207ms(2%) CyclicSwapPolish=150ms(1%) BlockRotationPolish=126ms(1%) C3SequencePolish=97ms(0%)
sample,60,1,off	36620	UnifiedCheck	合計=261 | HARD=1 [groupViol=0 c3n=1 covU=0 pref=0 c3w=0] | SOFT=260 [c1=5 c3=75 c3m=24 c42=5 low=4 high=1 weekly=146] (0ms)
sample,60,1,off	27692	C1BeamPolish	期間要件(c1)研磨[ビーム K=16 steps=27/616ms/最良が20手更新されず打ち切り]: c1 6->7 / total 271->272 score 11549->11517 HARD 1->1 手数7
sample,60,1,off	36621	POST	後処理タイミング 総9808ms: HF80=23ms HF67=25ms HF66=2ms 巡回研磨(厳密日割当+c1/c3/range/apt/fair+曜日/交互)=3358ms C1共同LNS=4106ms 個人共同LNS=2293ms 最終検査+HF70=1ms
sample,60,1,off	36621	POST	後処理パス別 計9800ms: C1共同LNS=4106ms(41%) 個人回数共同LNS=2152ms(21%) C1広域ビーム=1731ms(17%) C1時系列フロー=756ms(7%) ComponentRepair=207ms(2%) CyclicSwapPolish=150ms(1%) BlockRotationPolish=126ms(1%) C3SequencePolish=97ms(0%)
sample,60,2,off	27578	V6Dispatcher	完了 algorithm=RSI HARD=1 total=252 elapsed=27573ms
sample,60,2,off	28530	C1BeamPolish	期間要件(c1)研磨[ビーム K=16 steps=22/374ms/最良が20手更新されず打ち切り]: c1 5->5 / total 253->253 score 11319->11319 HARD 1->1 手数0 [探索結果が根に勝てず破棄]
sample,60,2,off	28676	FairPolish	グループ内公平化(fair)研磨: fair 1->1 / total 246->246 HARD 1->1 採用0回 [頭打ち=改善手なし] 不採用11件(重み悪化:11)(主因 c1:5 low:5 c3:1) 残存: 佐藤直美 A4 / 結合候補: FairChain×11 / 結合探索: 200通り試行/1ms→無駄打ち回避で早期終了
sample,60,2,off	37256	POST	後処理タイミング 総9299ms: HF80=17ms HF67=19ms HF66=1ms 巡回研磨(厳密日割当+c1/c3/range/apt/fair+曜日/交互)=5039ms C1共同LNS=1502ms 個人共同LNS=2720ms 最終検査+HF70=1ms
sample,60,2,off	37256	POST	後処理パス別 計9289ms: C1広域ビーム=3898ms(41%) 個人回数共同LNS=2545ms(27%) C1共同LNS=1501ms(16%) C1時系列フロー=345ms(3%) ComponentRepair=220ms(2%) BlockRotationPolish=142ms(1%) AnchoredWindowSwap=137ms(1%) AdaptiveBlockSwapPolish=116ms(1%)
sample,60,2,off	37256	UnifiedCheck	合計=247 | HARD=1 [groupViol=0 c3n=1 covU=0 pref=0 c3w=0] | SOFT=246 [c1=4 c3=62 c3m=26 c42=8 low=4 high=2 fair=1 weekly=139] (0ms)
sample,60,2,off	28530	C1BeamPolish	期間要件(c1)研磨[ビーム K=16 steps=22/374ms/最良が20手更新されず打ち切り]: c1 5->5 / total 253->253 score 11319->11319 HARD 1->1 手数0 [探索結果が根に勝てず破棄]
sample,60,2,off	28676	FairPolish	グループ内公平化(fair)研磨: fair 1->1 / total 246->246 HARD 1->1 採用0回 [頭打ち=改善手なし] 不採用11件(重み悪化:11)(主因 c1:5 low:5 c3:1) 残存: 佐藤直美 A4 / 結合候補: FairChain×11 / 結合探索: 200通り試行/1ms→無駄打ち回避で早期終了
sample,60,2,off	37256	POST	後処理タイミング 総9299ms: HF80=17ms HF67=19ms HF66=1ms 巡回研磨(厳密日割当+c1/c3/range/apt/fair+曜日/交互)=5039ms C1共同LNS=1502ms 個人共同LNS=2720ms 最終検査+HF70=1ms
sample,60,2,off	37256	POST	後処理パス別 計9289ms: C1広域ビーム=3898ms(41%) 個人回数共同LNS=2545ms(27%) C1共同LNS=1501ms(16%) C1時系列フロー=345ms(3%) ComponentRepair=220ms(2%) BlockRotationPolish=142ms(1%) AnchoredWindowSwap=137ms(1%) AdaptiveBlockSwapPolish=116ms(1%)
sample,60,2,on	25786	V6Dispatcher	完了 algorithm=RSI HARD=1 total=281 elapsed=25784ms
sample,60,2,on	26945	C1BeamPolish	期間要件(c1)研磨[ビーム K=16 steps=22/513ms/最良が20手更新されず打ち切り]: c1 6->6 / total 288->288 score 11532->11532 HARD 1->1 手数0 [探索結果が根に勝てず破棄]
sample,60,2,on	32139	C1EjectionChain	期間要件(c1)玉突き連鎖[起点30/連鎖2070/採用0/評価138052/302ms]: c1 5->5 score 11330->11330 HARD 1->1
sample,60,2,on	33002	POST	後処理タイミング 総6830ms: HF80=21ms HF67=22ms HF66=1ms 巡回研磨(厳密日割当+c1/c3/range/apt/fair+曜日/交互)=2238ms C1共同LNS=3685ms 個人共同LNS=863ms 最終検査+HF70=0ms
sample,60,2,on	33002	POST	後処理パス別 計6824ms: C1共同LNS=3383ms(49%) C1広域ビーム=1059ms(15%) 個人回数共同LNS=729ms(10%) ComponentRepair=362ms(5%) C1時系列フロー=359ms(5%) C1玉突き連鎖=302ms(4%) BlockRotationPolish=138ms(2%) RangePolish=86ms(1%)
sample,60,2,on	33001	UnifiedCheck	合計=272 | HARD=1 [groupViol=0 c3n=1 covU=0 pref=0 c3w=0] | SOFT=271 [c1=5 c3=68 c3m=26 c42=6 low=4 high=2 fair=2 weekly=158] (0ms)
sample,60,2,on	26945	C1BeamPolish	期間要件(c1)研磨[ビーム K=16 steps=22/513ms/最良が20手更新されず打ち切り]: c1 6->6 / total 288->288 score 11532->11532 HARD 1->1 手数0 [探索結果が根に勝てず破棄]
sample,60,2,on	32139	C1EjectionChain	期間要件(c1)玉突き連鎖[起点30/連鎖2070/採用0/評価138052/302ms]: c1 5->5 score 11330->11330 HARD 1->1
sample,60,2,on	33002	POST	後処理タイミング 総6830ms: HF80=21ms HF67=22ms HF66=1ms 巡回研磨(厳密日割当+c1/c3/range/apt/fair+曜日/交互)=2238ms C1共同LNS=3685ms 個人共同LNS=863ms 最終検査+HF70=0ms
sample,60,2,on	33002	POST	後処理パス別 計6824ms: C1共同LNS=3383ms(49%) C1広域ビーム=1059ms(15%) 個人回数共同LNS=729ms(10%) ComponentRepair=362ms(5%) C1時系列フロー=359ms(5%) C1玉突き連鎖=302ms(4%) BlockRotationPolish=138ms(2%) RangePolish=86ms(1%)
sample,60,3,on	25358	V6Dispatcher	完了 algorithm=RSI HARD=1 total=281 elapsed=25352ms
sample,60,3,on	27362	V6Dispatcher	完了 algorithm=ALNS HARD=1 total=281 elapsed=2004ms
sample,60,3,on	28699	C1BeamPolish	期間要件(c1)研磨[ビーム K=16 steps=60/997ms]: c1 7->7 / total 283->283 score 11602->11602 HARD 1->1 手数0 [探索結果が根に勝てず破棄]
sample,60,3,on	28759	RangePolish	個人回数(low/high)玉突き研磨: low 4->4 / high 4->3 / total 280->278 HARD 1->1 採用1回（日割当:1 / 柔軟日割当:0） 対象: 古泉 健一 A4 残存: 山本昌幸 B4(range後回し×17・不採用×13 主因 c1:8 weekly:2・候補なし×12・希望固定×12・禁止連続×8), 福澤俊陽 休(希望固定×18: 12/2・12/4・12/5・12/7・12/13・12/14ほか3日・候補なし×10・不採用×8 主因 low:4 c3:2・range後回し×8), 福澤俊陽 Cｵ(希望固定×50: 12/5・12/14・12/19・12/21・12/22・range後回し×17・候補なし×14・禁止連続×8・柔軟日割当候補なし×2・日割当候補なし×2・不採用×1 主因 low:1), 桒澤美幸 休(希望固定×32: 12/6・12/11・12/13・12/17・12/23・12/29ほか2日・不採用×16 主因 c1:12 c3:4・柔軟日割当候補なし×2・日割当候補なし×2), 吉江雄貴 B4(range後回し×24・希望固定×12・不採用×12 主因 c1:10 low:2・禁止連続×8・候補なし×6), アリフ B4(不採用×18 主因 c1:12 low:2・range後回し×14・希望固定×12・候補なし×10・禁止連続×8) / 結合候補: tryRelocate×148 / 結合探索: 200通り試行/1ms→無駄打ち回避で早期終了
sample,60,3,on	28824	FairPolish	グループ内公平化(fair)研磨: fair 3->3 / total 278->278 HARD 1->1 採用0回 [頭打ち=改善手なし] 不採用16件(重み悪化:16)(主因 low:8 c1:5 weekly:1) 残存: 佐藤直美 Dﾃ, 福澤俊陽 A4, 佐藤直美 Cｵ / 結合候補: FairChain×16 / 結合探索: 200通り試行/1ms→無駄打ち回避で早期終了
sample,60,3,on	32347	C1EjectionChain	期間要件(c1)玉突き連鎖[起点43/連鎖2967/採用0/評価210617/599ms]: c1 7->7 score 11566->11566 HARD 1->1
sample,60,3,on	34719	POST	後処理タイミング 総7255ms: HF80=15ms HF67=18ms HF66=2ms 巡回研磨(厳密日割当+c1/c3/range/apt/fair+曜日/交互)=2741ms C1共同LNS=2107ms 個人共同LNS=2371ms 最終検査+HF70=1ms
sample,60,3,on	34719	POST	後処理パス別 計7253ms: 個人回数共同LNS=2289ms(31%) C1広域ビーム=1997ms(27%) C1共同LNS=1508ms(20%) C1玉突き連鎖=599ms(8%) C1時系列フロー=334ms(4%) ComponentRepair=110ms(1%) BlockRotationPolish=75ms(1%) CyclicSwapPolish=47ms(0%)
sample,60,3,on	34718	UnifiedCheck	合計=273 | HARD=1 [groupViol=0 c3n=1 covU=0 pref=0 c3w=0] | SOFT=272 [c1=7 c3=73 c3m=26 c42=8 low=4 high=3 fair=3 weekly=148] (0ms)
sample,60,3,on	28699	C1BeamPolish	期間要件(c1)研磨[ビーム K=16 steps=60/997ms]: c1 7->7 / total 283->283 score 11602->11602 HARD 1->1 手数0 [探索結果が根に勝てず破棄]
sample,60,3,on	28759	RangePolish	個人回数(low/high)玉突き研磨: low 4->4 / high 4->3 / total 280->278 HARD 1->1 採用1回（日割当:1 / 柔軟日割当:0） 対象: 古泉 健一 A4 残存: 山本昌幸 B4(range後回し×17・不採用×13 主因 c1:8 weekly:2・候補なし×12・希望固定×12・禁止連続×8), 福澤俊陽 休(希望固定×18: 12/2・12/4・12/5・12/7・12/13・12/14ほか3日・候補なし×10・不採用×8 主因 low:4 c3:2・range後回し×8), 福澤俊陽 Cｵ(希望固定×50: 12/5・12/14・12/19・12/21・12/22・range後回し×17・候補なし×14・禁止連続×8・柔軟日割当候補なし×2・日割当候補なし×2・不採用×1 主因 low:1), 桒澤美幸 休(希望固定×32: 12/6・12/11・12/13・12/17・12/23・12/29ほか2日・不採用×16 主因 c1:12 c3:4・柔軟日割当候補なし×2・日割当候補なし×2), 吉江雄貴 B4(range後回し×24・希望固定×12・不採用×12 主因 c1:10 low:2・禁止連続×8・候補なし×6), アリフ B4(不採用×18 主因 c1:12 low:2・range後回し×14・希望固定×12・候補なし×10・禁止連続×8) / 結合候補: tryRelocate×148 / 結合探索: 200通り試行/1ms→無駄打ち回避で早期終了
sample,60,3,on	28824	FairPolish	グループ内公平化(fair)研磨: fair 3->3 / total 278->278 HARD 1->1 採用0回 [頭打ち=改善手なし] 不採用16件(重み悪化:16)(主因 low:8 c1:5 weekly:1) 残存: 佐藤直美 Dﾃ, 福澤俊陽 A4, 佐藤直美 Cｵ / 結合候補: FairChain×16 / 結合探索: 200通り試行/1ms→無駄打ち回避で早期終了
sample,60,3,on	32347	C1EjectionChain	期間要件(c1)玉突き連鎖[起点43/連鎖2967/採用0/評価210617/599ms]: c1 7->7 score 11566->11566 HARD 1->1
sample,60,3,on	34719	POST	後処理タイミング 総7255ms: HF80=15ms HF67=18ms HF66=2ms 巡回研磨(厳密日割当+c1/c3/range/apt/fair+曜日/交互)=2741ms C1共同LNS=2107ms 個人共同LNS=2371ms 最終検査+HF70=1ms
sample,60,3,on	34719	POST	後処理パス別 計7253ms: 個人回数共同LNS=2289ms(31%) C1広域ビーム=1997ms(27%) C1共同LNS=1508ms(20%) C1玉突き連鎖=599ms(8%) C1時系列フロー=334ms(4%) ComponentRepair=110ms(1%) BlockRotationPolish=75ms(1%) CyclicSwapPolish=47ms(0%)
sample,60,3,off	27332	V6Dispatcher	完了 algorithm=RSI HARD=1 total=272 elapsed=27330ms
sample,60,3,off	27699	C1Polish	期間要件(c1)研磨: c1 6->5 / total 277->278 HARD 1->1 採用1回(鏡像:0 自己:0 再配置:0) 残存: 山本昌幸 休(14日4回)(不採用×14 主因 low:6 c3n:6), 吉江雄貴 休(14日4回)(不採用×16 主因 low:5 c1:5), アリフ 休(5日1回)(不採用×7 主因 low:4 c1:2), モニカ 休(14日4回)(不採用×19 主因 low:8 c3n:7), アリフ 休(14日4回)(不採用×26 主因 low:13 c3n:9) / 結合候補: 手B×35 / 結合探索: 360通り試行/1ms→無駄打ち回避で早期終了 / 結合成立×1(アリフ(休)+金沢勇輝(休))
sample,60,3,off	28345	C1BeamPolish	期間要件(c1)研磨[ビーム K=16 steps=29/483ms/最良が20手更新されず打ち切り]: c1 5->4 / total 278->285 score 11642->11611 HARD 1->1 手数9
sample,60,3,off	28499	FairPolish	グループ内公平化(fair)研磨: fair 2->2 / total 287->287 HARD 1->1 採用0回 [頭打ち=改善手なし] 不採用8件(重み悪化:8)(主因 low:4 c1:3 high:1) 残存: 山本昌幸 Dﾃ, 山本昌幸 Cｵ / 結合候補: FairChain×8 / 結合探索: 154通り試行/1ms
sample,60,3,off	33504	POST	後処理タイミング 総5866ms: HF80=16ms HF67=17ms HF66=2ms 巡回研磨(厳密日割当+c1/c3/range/apt/fair+曜日/交互)=2260ms C1共同LNS=1506ms 個人共同LNS=2064ms 最終検査+HF70=1ms
sample,60,3,off	33504	POST	後処理パス別 計5856ms: 個人回数共同LNS=1987ms(33%) C1共同LNS=1506ms(25%) C1広域ビーム=1148ms(19%) C1時系列フロー=440ms(7%) ComponentRepair=165ms(2%) RangePolish=139ms(2%) C3SequencePolish=83ms(1%) AdaptiveBlockSwapPolish=63ms(1%)
sample,60,3,off	33503	UnifiedCheck	合計=281 | HARD=1 [groupViol=0 c3n=1 covU=0 pref=0 c3w=0] | SOFT=280 [c1=3 c2=1 c3=70 c3m=23 c42=7 low=5 high=5 fair=2 weekly=164] (0ms)
sample,60,3,off	27699	C1Polish	期間要件(c1)研磨: c1 6->5 / total 277->278 HARD 1->1 採用1回(鏡像:0 自己:0 再配置:0) 残存: 山本昌幸 休(14日4回)(不採用×14 主因 low:6 c3n:6), 吉江雄貴 休(14日4回)(不採用×16 主因 low:5 c1:5), アリフ 休(5日1回)(不採用×7 主因 low:4 c1:2), モニカ 休(14日4回)(不採用×19 主因 low:8 c3n:7), アリフ 休(14日4回)(不採用×26 主因 low:13 c3n:9) / 結合候補: 手B×35 / 結合探索: 360通り試行/1ms→無駄打ち回避で早期終了 / 結合成立×1(アリフ(休)+金沢勇輝(休))
sample,60,3,off	28345	C1BeamPolish	期間要件(c1)研磨[ビーム K=16 steps=29/483ms/最良が20手更新されず打ち切り]: c1 5->4 / total 278->285 score 11642->11611 HARD 1->1 手数9
sample,60,3,off	28499	FairPolish	グループ内公平化(fair)研磨: fair 2->2 / total 287->287 HARD 1->1 採用0回 [頭打ち=改善手なし] 不採用8件(重み悪化:8)(主因 low:4 c1:3 high:1) 残存: 山本昌幸 Dﾃ, 山本昌幸 Cｵ / 結合候補: FairChain×8 / 結合探索: 154通り試行/1ms
sample,60,3,off	33504	POST	後処理タイミング 総5866ms: HF80=16ms HF67=17ms HF66=2ms 巡回研磨(厳密日割当+c1/c3/range/apt/fair+曜日/交互)=2260ms C1共同LNS=1506ms 個人共同LNS=2064ms 最終検査+HF70=1ms
sample,60,3,off	33504	POST	後処理パス別 計5856ms: 個人回数共同LNS=1987ms(33%) C1共同LNS=1506ms(25%) C1広域ビーム=1148ms(19%) C1時系列フロー=440ms(7%) ComponentRepair=165ms(2%) RangePolish=139ms(2%) C3SequencePolish=83ms(1%) AdaptiveBlockSwapPolish=63ms(1%)
sample,120,1,on	35923	V6Dispatcher	完了 algorithm=RSI HARD=1 total=275 elapsed=35920ms
sample,120,1,on	52474	V6Dispatcher	完了 algorithm=ALNS HARD=1 total=260 elapsed=16550ms
sample,120,1,on	53210	C1BeamPolish	期間要件(c1)研磨[ビーム K=16 steps=24/252ms/最良が20手更新されず打ち切り]: c1 6->6 / total 260->263 score 11350->11343 HARD 1->1 手数4
sample,120,1,on	53260	RangePolish	個人回数(low/high)玉突き研磨: low 4->4 / high 2->2 / total 262->262 HARD 1->1 採用0回（日割当:0 / 柔軟日割当:0） [頭打ち=改善手なし] 残存: 山本昌幸 B4(range後回し×9・不採用×7 主因 c1:5 c3:1・希望固定×6・候補なし×5・禁止連続×4), 福澤俊陽 B4(希望固定×12: 12/2・12/4・12/5・12/6・12/7・12/10ほか6日・不採用×8 主因 c1:5 c2:2・候補なし×4・禁止連続×4・range後回し×3), 桒澤美幸 休(希望固定×16: 12/6・12/11・12/13・12/17・12/23・12/29ほか2日・不採用×8 主因 c1:6 c3:2・柔軟日割当候補なし×1・日割当候補なし×1), モニカ B4(希望固定×10: 12/1・12/5・12/6・12/7・12/8・12/12ほか4日・range後回し×9・不採用×7 主因 c1:5 weekly:1・禁止連続×3・候補なし×2), アリフ B4(不採用×8 主因 c1:7 c2:1・range後回し×8・希望固定×6・候補なし×5・禁止連続×4) / 結合候補: tryRelocate×67 / 結合探索: 200通り試行/1ms→無駄打ち回避で早期終了
sample,120,1,on	55572	C1EjectionChain	期間要件(c1)玉突き連鎖[起点22/連鎖1518/採用0/評価101007/197ms]: c1 6->6 score 11335->11335 HARD 1->1
sample,120,1,on	56479	POST	後処理タイミング 総3637ms: HF80=20ms HF67=18ms HF66=2ms 巡回研磨(厳密日割当+c1/c3/range/apt/fair+曜日/交互)=989ms C1共同LNS=1701ms 個人共同LNS=901ms 最終検査+HF70=6ms
sample,120,1,on	56479	POST	後処理パス別 計3629ms: C1共同LNS=1504ms(41%) 個人回数共同LNS=817ms(22%) C1広域ビーム=492ms(13%) C1玉突き連鎖=197ms(5%) C1時系列フロー=109ms(3%) ComponentRepair=106ms(2%) AnchoredWindowSwap=69ms(1%) BlockRotationPolish=51ms(1%)
sample,120,1,on	56473	UnifiedCheck	合計=259 | HARD=1 [groupViol=0 c3n=1 covU=0 pref=0 c3w=0] | SOFT=258 [c1=6 c3=65 c3m=28 c42=8 low=4 high=2 weekly=145] (0ms)
sample,120,1,on	53210	C1BeamPolish	期間要件(c1)研磨[ビーム K=16 steps=24/252ms/最良が20手更新されず打ち切り]: c1 6->6 / total 260->263 score 11350->11343 HARD 1->1 手数4
sample,120,1,on	53260	RangePolish	個人回数(low/high)玉突き研磨: low 4->4 / high 2->2 / total 262->262 HARD 1->1 採用0回（日割当:0 / 柔軟日割当:0） [頭打ち=改善手なし] 残存: 山本昌幸 B4(range後回し×9・不採用×7 主因 c1:5 c3:1・希望固定×6・候補なし×5・禁止連続×4), 福澤俊陽 B4(希望固定×12: 12/2・12/4・12/5・12/6・12/7・12/10ほか6日・不採用×8 主因 c1:5 c2:2・候補なし×4・禁止連続×4・range後回し×3), 桒澤美幸 休(希望固定×16: 12/6・12/11・12/13・12/17・12/23・12/29ほか2日・不採用×8 主因 c1:6 c3:2・柔軟日割当候補なし×1・日割当候補なし×1), モニカ B4(希望固定×10: 12/1・12/5・12/6・12/7・12/8・12/12ほか4日・range後回し×9・不採用×7 主因 c1:5 weekly:1・禁止連続×3・候補なし×2), アリフ B4(不採用×8 主因 c1:7 c2:1・range後回し×8・希望固定×6・候補なし×5・禁止連続×4) / 結合候補: tryRelocate×67 / 結合探索: 200通り試行/1ms→無駄打ち回避で早期終了
sample,120,1,on	55572	C1EjectionChain	期間要件(c1)玉突き連鎖[起点22/連鎖1518/採用0/評価101007/197ms]: c1 6->6 score 11335->11335 HARD 1->1
sample,120,1,on	56479	POST	後処理タイミング 総3637ms: HF80=20ms HF67=18ms HF66=2ms 巡回研磨(厳密日割当+c1/c3/range/apt/fair+曜日/交互)=989ms C1共同LNS=1701ms 個人共同LNS=901ms 最終検査+HF70=6ms
sample,120,1,on	56479	POST	後処理パス別 計3629ms: C1共同LNS=1504ms(41%) 個人回数共同LNS=817ms(22%) C1広域ビーム=492ms(13%) C1玉突き連鎖=197ms(5%) C1時系列フロー=109ms(3%) ComponentRepair=106ms(2%) AnchoredWindowSwap=69ms(1%) BlockRotationPolish=51ms(1%)
sample,120,1,off	42657	V6Dispatcher	完了 algorithm=RSI HARD=1 total=273 elapsed=42656ms
sample,120,1,off	43016	C1Polish	期間要件(c1)研磨: c1 13->11 / total 273->272 HARD 1->1 採用2回(鏡像:0 自己:1 再配置:1) 残存: 古泉 健一 休(14日4回)(不採用×61 主因 low:35 c3n:18), 山本昌幸 休(5日1回)(不採用×8 主因 low:3 c1:3), 福澤俊陽 休(14日4回)(不採用×28 主因 c1:11 c3n:10), 佐藤直美 休(5日1回)(不採用×40 主因 c1:16 c3n:14), 金沢勇輝 休(5日1回)(不採用×16 主因 low:7 c3n:6), アリフ 休(5日1回)(不採用×9 主因 low:5 c3n:4) / 結合候補: 手B×62 / 結合探索: 200通り試行/1ms→無駄打ち回避で早期終了
sample,120,1,off	43637	C1BeamPolish	期間要件(c1)研磨[ビーム K=16 steps=22/264ms/最良が20手更新されず打ち切り]: c1 7->5 / total 271->274 score 11403->11400 HARD 1->1 手数2
sample,120,1,off	43699	RangePolish	個人回数(low/high)玉突き研磨: low 4->4 / high 5->2 / total 276->274 HARD 1->1 採用2回（日割当:2 / 柔軟日割当:0） 対象: 福澤俊陽 A4, アリフ Aｱ 残存: 福澤俊陽 B4(希望固定×24: 12/2・12/4・12/5・12/6・12/7・12/10ほか6日・不採用×18 主因 c1:14 weekly:2・候補なし×8・禁止連続×8・range後回し×4), 桒澤美幸 休(希望固定×32: 12/6・12/11・12/13・12/17・12/23・12/29ほか2日・不採用×12 主因 c1:12・柔軟日割当候補なし×2・日割当候補なし×2), 吉江雄貴 B4(不採用×20 主因 c1:18 weekly:2・希望固定×12・range後回し×12・候補なし×10・禁止連続×8), 金沢勇輝 Cｱ(候補なし×22・希望固定×20・不採用×18 主因 low:14 c1:4・禁止連続×16・range後回し×14・柔軟日割当候補なし×2・日割当候補なし×2), 金沢勇輝 B4(希望固定×16: 12/1・12/3・12/4・12/8・12/18・12/21ほか2日・不採用×14 主因 c1:14・range後回し×14・候補なし×12・禁止連続×6), モニカ B4(希望固定×20: 12/1・12/5・12/6・12/7・12/8・12/12ほか4日・不採用×18 主因 c1:14 c2:4・range後回し×12・禁止連続×8・候補なし×4) / 結合候補: tryRelocate×178 / 結合探索: 200通り試行/1ms→無駄打ち回避で早期終了
sample,120,1,off	47455	POST	後処理タイミング 総4514ms: HF80=17ms HF67=18ms HF66=2ms 巡回研磨(厳密日割当+c1/c3/range/apt/fair+曜日/交互)=2087ms C1共同LNS=1532ms 個人共同LNS=858ms 最終検査+HF70=0ms
sample,120,1,off	47455	POST	後処理パス別 計4513ms: C1共同LNS=1532ms(33%) C1広域ビーム=856ms(18%) 個人回数共同LNS=801ms(17%) C1時系列フロー=592ms(13%) ComponentRepair=152ms(3%) BlockRotationPolish=107ms(2%) AdaptiveBlockSwapPolish=73ms(1%) RangePolish=64ms(1%)
sample,120,1,off	47455	UnifiedCheck	合計=274 | HARD=1 [groupViol=0 c3n=1 covU=0 pref=0 c3w=0] | SOFT=273 [c1=4 c3=65 c3m=25 c42=9 low=4 high=2 fair=1 weekly=163] (0ms)
sample,120,1,off	43016	C1Polish	期間要件(c1)研磨: c1 13->11 / total 273->272 HARD 1->1 採用2回(鏡像:0 自己:1 再配置:1) 残存: 古泉 健一 休(14日4回)(不採用×61 主因 low:35 c3n:18), 山本昌幸 休(5日1回)(不採用×8 主因 low:3 c1:3), 福澤俊陽 休(14日4回)(不採用×28 主因 c1:11 c3n:10), 佐藤直美 休(5日1回)(不採用×40 主因 c1:16 c3n:14), 金沢勇輝 休(5日1回)(不採用×16 主因 low:7 c3n:6), アリフ 休(5日1回)(不採用×9 主因 low:5 c3n:4) / 結合候補: 手B×62 / 結合探索: 200通り試行/1ms→無駄打ち回避で早期終了
sample,120,1,off	43637	C1BeamPolish	期間要件(c1)研磨[ビーム K=16 steps=22/264ms/最良が20手更新されず打ち切り]: c1 7->5 / total 271->274 score 11403->11400 HARD 1->1 手数2
sample,120,1,off	43699	RangePolish	個人回数(low/high)玉突き研磨: low 4->4 / high 5->2 / total 276->274 HARD 1->1 採用2回（日割当:2 / 柔軟日割当:0） 対象: 福澤俊陽 A4, アリフ Aｱ 残存: 福澤俊陽 B4(希望固定×24: 12/2・12/4・12/5・12/6・12/7・12/10ほか6日・不採用×18 主因 c1:14 weekly:2・候補なし×8・禁止連続×8・range後回し×4), 桒澤美幸 休(希望固定×32: 12/6・12/11・12/13・12/17・12/23・12/29ほか2日・不採用×12 主因 c1:12・柔軟日割当候補なし×2・日割当候補なし×2), 吉江雄貴 B4(不採用×20 主因 c1:18 weekly:2・希望固定×12・range後回し×12・候補なし×10・禁止連続×8), 金沢勇輝 Cｱ(候補なし×22・希望固定×20・不採用×18 主因 low:14 c1:4・禁止連続×16・range後回し×14・柔軟日割当候補なし×2・日割当候補なし×2), 金沢勇輝 B4(希望固定×16: 12/1・12/3・12/4・12/8・12/18・12/21ほか2日・不採用×14 主因 c1:14・range後回し×14・候補なし×12・禁止連続×6), モニカ B4(希望固定×20: 12/1・12/5・12/6・12/7・12/8・12/12ほか4日・不採用×18 主因 c1:14 c2:4・range後回し×12・禁止連続×8・候補なし×4) / 結合候補: tryRelocate×178 / 結合探索: 200通り試行/1ms→無駄打ち回避で早期終了
sample,120,1,off	47455	POST	後処理タイミング 総4514ms: HF80=17ms HF67=18ms HF66=2ms 巡回研磨(厳密日割当+c1/c3/range/apt/fair+曜日/交互)=2087ms C1共同LNS=1532ms 個人共同LNS=858ms 最終検査+HF70=0ms
sample,120,1,off	47455	POST	後処理パス別 計4513ms: C1共同LNS=1532ms(33%) C1広域ビーム=856ms(18%) 個人回数共同LNS=801ms(17%) C1時系列フロー=592ms(13%) ComponentRepair=152ms(3%) BlockRotationPolish=107ms(2%) AdaptiveBlockSwapPolish=73ms(1%) RangePolish=64ms(1%)
sample,120,2,off	37315	V6Dispatcher	完了 algorithm=RSI HARD=1 total=257 elapsed=37314ms
sample,120,2,off	40319	V6Dispatcher	完了 algorithm=ALNS HARD=1 total=257 elapsed=3003ms
sample,120,2,off	41011	C1BeamPolish	期間要件(c1)研磨[ビーム K=16 steps=22/408ms/最良が20手更新されず打ち切り]: c1 10->8 / total 257->262 score 11499->11439 HARD 1->1 手数2
sample,120,2,off	46916	POST	後処理タイミング 総6525ms: HF80=16ms HF67=18ms HF66=1ms 巡回研磨(厳密日割当+c1/c3/range/apt/fair+曜日/交互)=2241ms C1共同LNS=3032ms 個人共同LNS=1217ms 最終検査+HF70=0ms
sample,120,2,off	46916	POST	後処理パス別 計6523ms: C1共同LNS=3032ms(46%) 個人回数共同LNS=1151ms(17%) C1広域ビーム=1104ms(16%) C1時系列フロー=557ms(8%) BlockRotationPolish=182ms(2%) ComponentRepair=84ms(1%) AdaptiveBlockSwapPolish=59ms(0%) AnchoredWindowSwap=55ms(0%)
sample,120,2,off	46915	UnifiedCheck	合計=267 | HARD=1 [groupViol=0 c3n=1 covU=0 pref=0 c3w=0] | SOFT=266 [c1=5 c2=2 c3=66 c3m=28 c42=7 low=4 high=2 fair=3 weekly=149] (0ms)
sample,120,2,off	41011	C1BeamPolish	期間要件(c1)研磨[ビーム K=16 steps=22/408ms/最良が20手更新されず打ち切り]: c1 10->8 / total 257->262 score 11499->11439 HARD 1->1 手数2
sample,120,2,off	46916	POST	後処理タイミング 総6525ms: HF80=16ms HF67=18ms HF66=1ms 巡回研磨(厳密日割当+c1/c3/range/apt/fair+曜日/交互)=2241ms C1共同LNS=3032ms 個人共同LNS=1217ms 最終検査+HF70=0ms
sample,120,2,off	46916	POST	後処理パス別 計6523ms: C1共同LNS=3032ms(46%) 個人回数共同LNS=1151ms(17%) C1広域ビーム=1104ms(16%) C1時系列フロー=557ms(8%) BlockRotationPolish=182ms(2%) ComponentRepair=84ms(1%) AdaptiveBlockSwapPolish=59ms(0%) AnchoredWindowSwap=55ms(0%)
sample,120,2,on	38416	V6Dispatcher	完了 algorithm=RSI HARD=1 total=292 elapsed=38414ms
sample,120,2,on	39487	C1BeamPolish	期間要件(c1)研磨[ビーム K=16 steps=22/349ms/最良が20手更新されず打ち切り]: c1 7->7 / total 294->294 score 11597->11597 HARD 1->1 手数0 [探索結果が根に勝てず破棄]
sample,120,2,on	44587	C1EjectionChain	期間要件(c1)玉突き連鎖[起点72/連鎖4968/採用1/評価341166/534ms]: c1 6->6 score 11491->11489 HARD 1->1
sample,120,2,on	45175	POST	後処理タイミング 総6450ms: HF80=16ms HF67=18ms HF66=1ms 巡回研磨(厳密日割当+c1/c3/range/apt/fair+曜日/交互)=2308ms C1共同LNS=3519ms 個人共同LNS=587ms 最終検査+HF70=1ms
sample,120,2,on	45175	POST	後処理パス別 計6446ms: C1共同LNS=2985ms(46%) C1広域ビーム=1086ms(16%) C1時系列フロー=590ms(9%) C1玉突き連鎖=534ms(8%) 個人回数共同LNS=531ms(8%) BlockRotationPolish=149ms(2%) ComponentRepair=135ms(2%) CyclicSwapPolish=63ms(0%)
sample,120,2,on	45174	UnifiedCheck	合計=283 | HARD=1 [groupViol=0 c3n=1 covU=0 pref=0 c3w=0] | SOFT=282 [c1=6 c2=1 c3=73 c3m=24 c42=7 low=4 high=3 fair=2 weekly=162] (0ms)
sample,120,2,on	39487	C1BeamPolish	期間要件(c1)研磨[ビーム K=16 steps=22/349ms/最良が20手更新されず打ち切り]: c1 7->7 / total 294->294 score 11597->11597 HARD 1->1 手数0 [探索結果が根に勝てず破棄]
sample,120,2,on	44587	C1EjectionChain	期間要件(c1)玉突き連鎖[起点72/連鎖4968/採用1/評価341166/534ms]: c1 6->6 score 11491->11489 HARD 1->1
sample,120,2,on	45175	POST	後処理タイミング 総6450ms: HF80=16ms HF67=18ms HF66=1ms 巡回研磨(厳密日割当+c1/c3/range/apt/fair+曜日/交互)=2308ms C1共同LNS=3519ms 個人共同LNS=587ms 最終検査+HF70=1ms
sample,120,2,on	45175	POST	後処理パス別 計6446ms: C1共同LNS=2985ms(46%) C1広域ビーム=1086ms(16%) C1時系列フロー=590ms(9%) C1玉突き連鎖=534ms(8%) 個人回数共同LNS=531ms(8%) BlockRotationPolish=149ms(2%) ComponentRepair=135ms(2%) CyclicSwapPolish=63ms(0%)
sample,120,3,on	39626	V6Dispatcher	完了 algorithm=RSI HARD=1 total=255 elapsed=39622ms
sample,120,3,on	56733	V6Dispatcher	完了 algorithm=ALNS HARD=1 total=249 elapsed=17108ms
sample,120,3,on	56963	C1Polish	期間要件(c1)研磨: c1 9->7 / total 249->256 HARD 1->1 採用1回(鏡像:0 自己:0 再配置:0) 残存: 古泉 健一 休(5日1回)(不採用×22 主因 low:18 c3n:4), 古泉 健一 休(14日4回)(不採用×56 主因 low:34 c3n:14), 福澤俊陽 休(14日4回)(不採用×22 主因 c3n:8 low:7), 金沢勇輝 休(5日1回)(不採用×11 主因 low:4 c1:4), アリフ 休(5日1回)(不採用×14 主因 low:12 c3n:2) / 結合候補: 手B×52 / 結合探索: 200通り試行/1ms→無駄打ち回避で早期終了
sample,120,3,on	57485	C1BeamPolish	期間要件(c1)研磨[ビーム K=16 steps=22/338ms/最良が20手更新されず打ち切り]: c1 6->6 / total 256->256 score 11360->11360 HARD 1->1 手数0 [探索結果が根に勝てず破棄]
sample,120,3,on	60214	C1EjectionChain	期間要件(c1)玉突き連鎖[起点35/連鎖2415/採用0/評価159289/285ms]: c1 6->6 score 11299->11299 HARD 1->1
sample,120,3,on	60741	POST	後処理タイミング 総3844ms: HF80=15ms HF67=18ms HF66=1ms 巡回研磨(厳密日割当+c1/c3/range/apt/fair+曜日/交互)=1898ms C1共同LNS=1384ms 個人共同LNS=527ms 最終検査+HF70=1ms
sample,120,3,on	60741	POST	後処理パス別 計3839ms: C1共同LNS=1099ms(28%) C1広域ビーム=1048ms(27%) 個人回数共同LNS=454ms(11%) C1玉突き連鎖=285ms(7%) C1時系列フロー=264ms(6%) BlockRotationPolish=158ms(4%) ComponentRepair=116ms(3%) AnchoredWindowSwap=71ms(1%)
sample,120,3,on	60741	UnifiedCheck	合計=255 | HARD=1 [groupViol=0 c3n=1 covU=0 pref=0 c3w=0] | SOFT=254 [c1=6 c3=64 c3m=26 c42=7 low=4 high=2 fair=1 weekly=144] (0ms)
sample,120,3,on	56963	C1Polish	期間要件(c1)研磨: c1 9->7 / total 249->256 HARD 1->1 採用1回(鏡像:0 自己:0 再配置:0) 残存: 古泉 健一 休(5日1回)(不採用×22 主因 low:18 c3n:4), 古泉 健一 休(14日4回)(不採用×56 主因 low:34 c3n:14), 福澤俊陽 休(14日4回)(不採用×22 主因 c3n:8 low:7), 金沢勇輝 休(5日1回)(不採用×11 主因 low:4 c1:4), アリフ 休(5日1回)(不採用×14 主因 low:12 c3n:2) / 結合候補: 手B×52 / 結合探索: 200通り試行/1ms→無駄打ち回避で早期終了
sample,120,3,on	57485	C1BeamPolish	期間要件(c1)研磨[ビーム K=16 steps=22/338ms/最良が20手更新されず打ち切り]: c1 6->6 / total 256->256 score 11360->11360 HARD 1->1 手数0 [探索結果が根に勝てず破棄]
sample,120,3,on	60214	C1EjectionChain	期間要件(c1)玉突き連鎖[起点35/連鎖2415/採用0/評価159289/285ms]: c1 6->6 score 11299->11299 HARD 1->1
sample,120,3,on	60741	POST	後処理タイミング 総3844ms: HF80=15ms HF67=18ms HF66=1ms 巡回研磨(厳密日割当+c1/c3/range/apt/fair+曜日/交互)=1898ms C1共同LNS=1384ms 個人共同LNS=527ms 最終検査+HF70=1ms
sample,120,3,on	60741	POST	後処理パス別 計3839ms: C1共同LNS=1099ms(28%) C1広域ビーム=1048ms(27%) 個人回数共同LNS=454ms(11%) C1玉突き連鎖=285ms(7%) C1時系列フロー=264ms(6%) BlockRotationPolish=158ms(4%) ComponentRepair=116ms(3%) AnchoredWindowSwap=71ms(1%)
sample,120,3,off	33018	V6Dispatcher	完了 algorithm=RSI HARD=1 total=277 elapsed=33011ms
sample,120,3,off	49355	V6Dispatcher	完了 algorithm=ALNS HARD=1 total=272 elapsed=16337ms
sample,120,3,off	49884	C1BeamPolish	期間要件(c1)研磨[ビーム K=16 steps=22/257ms/最良が20手更新されず打ち切り]: c1 4->4 / total 272->268 score 11374->11340 HARD 1->1 手数2
sample,120,3,off	49921	RangePolish	個人回数(low/high)玉突き研磨: low 4->4 / high 2->2 / total 267->267 HARD 1->1 採用0回（日割当:0 / 柔軟日割当:0） [頭打ち=改善手なし] 残存: 福澤俊陽 B4(希望固定×12: 12/2・12/4・12/5・12/6・12/7・12/10ほか6日・不採用×8 主因 c1:7 c2:1・候補なし×4・禁止連続×4・range後回し×3), 桒澤美幸 休(希望固定×16: 12/6・12/11・12/13・12/17・12/23・12/29ほか2日・不採用×8 主因 c1:6 c3:2・柔軟日割当候補なし×1・日割当候補なし×1), 吉江雄貴 B4(range後回し×12・希望固定×6・不採用×6 主因 c1:5 c3:1・禁止連続×4・候補なし×3), モニカ B4(希望固定×10: 12/1・12/5・12/6・12/7・12/8・12/12ほか4日・range後回し×8・不採用×7 主因 c1:5 c3:1・禁止連続×4・候補なし×2), アリフ B4(不採用×9 主因 c1:7 weekly:1・range後回し×7・希望固定×6・候補なし×5・禁止連続×4) / 結合候補: tryRelocate×68 / 結合探索: 200通り試行/1ms→無駄打ち回避で早期終了
sample,120,3,off	52407	POST	後処理タイミング 総2930ms: HF80=16ms HF67=18ms HF66=1ms 巡回研磨(厳密日割当+c1/c3/range/apt/fair+曜日/交互)=1066ms C1共同LNS=1267ms 個人共同LNS=562ms 最終検査+HF70=0ms
sample,120,3,off	52407	POST	後処理パス別 計2929ms: C1共同LNS=1267ms(43%) C1広域ビーム=574ms(19%) 個人回数共同LNS=508ms(17%) C1時系列フロー=156ms(5%) ComponentRepair=72ms(2%) BlockRotationPolish=55ms(1%) AdaptiveBlockSwapPolish=42ms(1%) C3SequencePolish=41ms(1%)
sample,120,3,off	52407	UnifiedCheck	合計=263 | HARD=1 [groupViol=0 c3n=1 covU=0 pref=0 c3w=0] | SOFT=262 [c1=4 c3=72 c3m=26 c42=8 low=4 high=2 fair=1 weekly=145] (0ms)
sample,120,3,off	49884	C1BeamPolish	期間要件(c1)研磨[ビーム K=16 steps=22/257ms/最良が20手更新されず打ち切り]: c1 4->4 / total 272->268 score 11374->11340 HARD 1->1 手数2
sample,120,3,off	49921	RangePolish	個人回数(low/high)玉突き研磨: low 4->4 / high 2->2 / total 267->267 HARD 1->1 採用0回（日割当:0 / 柔軟日割当:0） [頭打ち=改善手なし] 残存: 福澤俊陽 B4(希望固定×12: 12/2・12/4・12/5・12/6・12/7・12/10ほか6日・不採用×8 主因 c1:7 c2:1・候補なし×4・禁止連続×4・range後回し×3), 桒澤美幸 休(希望固定×16: 12/6・12/11・12/13・12/17・12/23・12/29ほか2日・不採用×8 主因 c1:6 c3:2・柔軟日割当候補なし×1・日割当候補なし×1), 吉江雄貴 B4(range後回し×12・希望固定×6・不採用×6 主因 c1:5 c3:1・禁止連続×4・候補なし×3), モニカ B4(希望固定×10: 12/1・12/5・12/6・12/7・12/8・12/12ほか4日・range後回し×8・不採用×7 主因 c1:5 c3:1・禁止連続×4・候補なし×2), アリフ B4(不採用×9 主因 c1:7 weekly:1・range後回し×7・希望固定×6・候補なし×5・禁止連続×4) / 結合候補: tryRelocate×68 / 結合探索: 200通り試行/1ms→無駄打ち回避で早期終了
sample,120,3,off	52407	POST	後処理タイミング 総2930ms: HF80=16ms HF67=18ms HF66=1ms 巡回研磨(厳密日割当+c1/c3/range/apt/fair+曜日/交互)=1066ms C1共同LNS=1267ms 個人共同LNS=562ms 最終検査+HF70=0ms
sample,120,3,off	52407	POST	後処理パス別 計2929ms: C1共同LNS=1267ms(43%) C1広域ビーム=574ms(19%) 個人回数共同LNS=508ms(17%) C1時系列フロー=156ms(5%) ComponentRepair=72ms(2%) BlockRotationPolish=55ms(1%) AdaptiveBlockSwapPolish=42ms(1%) C3SequencePolish=41ms(1%)
blocked_covu,60,1,on	39035	V6Dispatcher	完了 algorithm=RSI HARD=4 total=297 elapsed=39030ms
blocked_covu,60,1,on	52003	V6Dispatcher	完了 algorithm=ALNS HARD=4 total=297 elapsed=12969ms
blocked_covu,60,1,on	52291	C1Polish	期間要件(c1)研磨: c1 56->56 / total 285->285 HARD 4->4 採用0回(鏡像:0 自己:0 再配置:0) [頭打ち=改善手なし] 残存: 職員A 休(5日1回)(不採用×9 主因 c3n:5 low:3), 職員B 休(5日1回)(不採用×7 主因 c1:3 c3n:3), 職員C 休(5日1回)(不採用×2 主因 c1:1 c3n:1), 職員E Dﾃ(14日1回)(不採用×25 主因 c3n:24 low:1), 職員B 休(15日4回)(不採用×15 主因 c1:7 c3n:7), 職員E 休(5日1回)(不採用×36 主因 c3n:16 c1:11), 職員F 休(5日1回)(不採用×14 主因 c1:8 c3n:4), 職員G Dﾃ(14日1回)(不採用×16 主因 c3n:16), 職員G 休(5日1回)(不採用×9 主因 c3n:5 c1:2), 職員F 休(15日4回)(不採用×21 主因 c1:8 c3n:8), 職員I 休(5日1回)(不採用×35 主因 c3n:14 c1:10), 職員G 休(15日4回)(不採用×18 主因 c3n:9 c1:6), 職員J 休(5日1回)(不採用×16 主因 c1:8 c3n:6), 職員I 休(15日4回)(不採用×43 主因 c3n:17 c1:13), 職員J 休(15日4回)(不採用×28 主因 c3n:12 c1:10) / 結合候補: 手B×104 / 結合探索: 200通り試行/3ms→無駄打ち回避で早期終了
blocked_covu,60,1,on	53159	C1BeamPolish	期間要件(c1)研磨[ビーム K=16 steps=22/377ms/最良が20手更新されず打ち切り]: c1 56->56 / total 285->285 score 43030->43030 HARD 4->4 手数0 [探索結果が根に勝てず破棄]
blocked_covu,60,1,on	53240	C3mnPolish	回避パターン(c3mn)研磨: c3mn 3->3 / total 293->293 HARD 4->4 採用0回 [頭打ち=改善手なし] 不採用11件(重み悪化:11)(主因 c1:8 c3m:2 c3mn:1) 残存: 職員G, 職員C, 職員I / 結合候補: C3mnAlt×11 / 結合探索: 200通り試行/1ms→無駄打ち回避で早期終了
blocked_covu,60,1,on	53260	RangePolish	個人回数(low/high)玉突き研磨: low 3->3 / high 3->3 / total 293->293 HARD 4->4 採用0回（日割当:0 / 柔軟日割当:0） [頭打ち=改善手なし] 残存: 職員C 休(range後回し×10・希望固定×7・候補なし×4・不採用×1 主因 c1:1), 職員C B4(希望固定×24: 8/3・8/5・8/7・柔軟日割当候補なし×1・日割当候補なし×1), 職員E B4(不採用×14 主因 c1:10 low:4・希望固定×8・range後回し×4・候補なし×3・禁止連続×2), 職員F 休(不採用×35 主因 c1:35・希望固定×21・禁止連続×7・柔軟日割当候補なし×1・日割当候補なし×1), 職員I B4(不採用×11 主因 c1:9 low:1・希望固定×7・候補なし×5・禁止連続×4・range後回し×4) / 結合候補: tryRelocate×79 / 結合探索: 200通り試行/1ms→無駄打ち回避で早期終了
blocked_covu,60,1,on	58173	C1EjectionChain	期間要件(c1)玉突き連鎖[起点54/連鎖3678/採用0/評価297045/609ms]: c1 50->50 score 42744->42744 HARD 4->4
blocked_covu,60,1,on	59571	POST	後処理タイミング 総7545ms: HF80=27ms HF67=37ms HF66=2ms 巡回研磨(厳密日割当+c1/c3/range/apt/fair+曜日/交互)=3963ms C1共同LNS=2118ms 個人共同LNS=1397ms 最終検査+HF70=1ms
blocked_covu,60,1,on	59571	POST	後処理パス別 計7542ms: C1共同LNS=1508ms(19%) C1時系列フロー=1350ms(17%) 個人回数共同LNS=1283ms(17%) C1広域ビーム=1024ms(13%) C1玉突き連鎖=609ms(8%) ComponentRepair=535ms(7%) BlockRotationPolish=280ms(3%) CyclicSwapPolish=248ms(3%)
blocked_covu,60,1,on	59570	UnifiedCheck	合計=281 | HARD=4 [groupViol=0 c3n=1 covU=3 pref=0 c3w=0] | SOFT=277 [c1=50 c3m=7 c3mn=3 c42=5 covO=2 low=3 high=3 fair=10 weekly=194] (0ms)
blocked_covu,60,1,on	52291	C1Polish	期間要件(c1)研磨: c1 56->56 / total 285->285 HARD 4->4 採用0回(鏡像:0 自己:0 再配置:0) [頭打ち=改善手なし] 残存: 職員A 休(5日1回)(不採用×9 主因 c3n:5 low:3), 職員B 休(5日1回)(不採用×7 主因 c1:3 c3n:3), 職員C 休(5日1回)(不採用×2 主因 c1:1 c3n:1), 職員E Dﾃ(14日1回)(不採用×25 主因 c3n:24 low:1), 職員B 休(15日4回)(不採用×15 主因 c1:7 c3n:7), 職員E 休(5日1回)(不採用×36 主因 c3n:16 c1:11), 職員F 休(5日1回)(不採用×14 主因 c1:8 c3n:4), 職員G Dﾃ(14日1回)(不採用×16 主因 c3n:16), 職員G 休(5日1回)(不採用×9 主因 c3n:5 c1:2), 職員F 休(15日4回)(不採用×21 主因 c1:8 c3n:8), 職員I 休(5日1回)(不採用×35 主因 c3n:14 c1:10), 職員G 休(15日4回)(不採用×18 主因 c3n:9 c1:6), 職員J 休(5日1回)(不採用×16 主因 c1:8 c3n:6), 職員I 休(15日4回)(不採用×43 主因 c3n:17 c1:13), 職員J 休(15日4回)(不採用×28 主因 c3n:12 c1:10) / 結合候補: 手B×104 / 結合探索: 200通り試行/3ms→無駄打ち回避で早期終了
blocked_covu,60,1,on	53159	C1BeamPolish	期間要件(c1)研磨[ビーム K=16 steps=22/377ms/最良が20手更新されず打ち切り]: c1 56->56 / total 285->285 score 43030->43030 HARD 4->4 手数0 [探索結果が根に勝てず破棄]
blocked_covu,60,1,on	53240	C3mnPolish	回避パターン(c3mn)研磨: c3mn 3->3 / total 293->293 HARD 4->4 採用0回 [頭打ち=改善手なし] 不採用11件(重み悪化:11)(主因 c1:8 c3m:2 c3mn:1) 残存: 職員G, 職員C, 職員I / 結合候補: C3mnAlt×11 / 結合探索: 200通り試行/1ms→無駄打ち回避で早期終了
blocked_covu,60,1,on	53260	RangePolish	個人回数(low/high)玉突き研磨: low 3->3 / high 3->3 / total 293->293 HARD 4->4 採用0回（日割当:0 / 柔軟日割当:0） [頭打ち=改善手なし] 残存: 職員C 休(range後回し×10・希望固定×7・候補なし×4・不採用×1 主因 c1:1), 職員C B4(希望固定×24: 8/3・8/5・8/7・柔軟日割当候補なし×1・日割当候補なし×1), 職員E B4(不採用×14 主因 c1:10 low:4・希望固定×8・range後回し×4・候補なし×3・禁止連続×2), 職員F 休(不採用×35 主因 c1:35・希望固定×21・禁止連続×7・柔軟日割当候補なし×1・日割当候補なし×1), 職員I B4(不採用×11 主因 c1:9 low:1・希望固定×7・候補なし×5・禁止連続×4・range後回し×4) / 結合候補: tryRelocate×79 / 結合探索: 200通り試行/1ms→無駄打ち回避で早期終了
blocked_covu,60,1,on	58173	C1EjectionChain	期間要件(c1)玉突き連鎖[起点54/連鎖3678/採用0/評価297045/609ms]: c1 50->50 score 42744->42744 HARD 4->4
blocked_covu,60,1,on	59571	POST	後処理タイミング 総7545ms: HF80=27ms HF67=37ms HF66=2ms 巡回研磨(厳密日割当+c1/c3/range/apt/fair+曜日/交互)=3963ms C1共同LNS=2118ms 個人共同LNS=1397ms 最終検査+HF70=1ms
blocked_covu,60,1,on	59571	POST	後処理パス別 計7542ms: C1共同LNS=1508ms(19%) C1時系列フロー=1350ms(17%) 個人回数共同LNS=1283ms(17%) C1広域ビーム=1024ms(13%) C1玉突き連鎖=609ms(8%) ComponentRepair=535ms(7%) BlockRotationPolish=280ms(3%) CyclicSwapPolish=248ms(3%)
blocked_covu,60,1,off	39023	V6Dispatcher	完了 algorithm=RSI HARD=4 total=313 elapsed=39021ms
blocked_covu,60,1,off	52001	V6Dispatcher	完了 algorithm=ALNS HARD=4 total=313 elapsed=12978ms
blocked_covu,60,1,off	52507	C1Polish	期間要件(c1)研磨: c1 59->56 / total 292->297 HARD 4->4 採用2回(鏡像:0 自己:0 再配置:0) 残存: 職員A 休(5日1回)(不採用×18 主因 c3n:9 c1:5), 職員B 休(5日1回)(不採用×24 主因 c3n:16 c1:5), 職員C 休(5日1回)(不採用×13 主因 c3n:8 low:3), 職員E Dﾃ(14日1回)(不採用×32 主因 c3n:30 low:2), 職員B 休(15日4回)(不採用×62 主因 c3n:34 c1:17), 職員E 休(5日1回)(不採用×34 主因 c3n:16 low:9), 職員F 休(5日1回)(不採用×28 主因 low:13 c3n:8), 職員G 休(5日1回)(不採用×23 主因 c1:8 c3n:8), 職員E 休(15日4回)(不採用×49 主因 c3n:23 c1:18), 職員I 休(5日1回)(不採用×53 主因 low:28 c3n:20), 職員G 休(15日4回)(不採用×78 主因 c3n:29 c1:28), 職員J 休(5日1回)(不採用×22 主因 c1:13 c3n:8), 職員I 休(15日4回)(不採用×76 主因 low:32 c3n:28), 職員J 休(15日4回)(不採用×58 主因 c1:33 c3n:20), 職員A Dﾃ(14日1回)(不採用×26 主因 c3n:16 c1:8) / 結合候補: 手B×215 / 結合探索: 200通り試行/1ms→無駄打ち回避で早期終了
blocked_covu,60,1,off	54275	C1BeamPolish	期間要件(c1)研磨[ビーム K=16 steps=60/1207ms]: c1 54->54 / total 297->297 score 43692->43692 HARD 4->4 手数0 [探索結果が根に勝てず破棄]
blocked_covu,60,1,off	58459	POST	後処理タイミング 総6262ms: HF80=46ms HF67=51ms HF66=2ms 巡回研磨(厳密日割当+c1/c3/range/apt/fair+曜日/交互)=3863ms C1共同LNS=1501ms 個人共同LNS=799ms 最終検査+HF70=0ms
blocked_covu,60,1,off	58459	POST	後処理パス別 計6256ms: C1広域ビーム=1649ms(26%) C1共同LNS=1501ms(23%) C1時系列フロー=943ms(15%) 個人回数共同LNS=722ms(11%) BlockRotationPolish=246ms(3%) CyclicSwapPolish=231ms(3%) ComponentRepair=225ms(3%) C1同日交換=157ms(2%)
blocked_covu,60,1,off	58459	UnifiedCheck	合計=289 | HARD=4 [groupViol=0 c3n=1 covU=3 pref=0 c3w=0] | SOFT=285 [c1=54 c3m=8 c3mn=5 c42=5 covO=3 low=3 high=3 fair=12 weekly=192] (0ms)
blocked_covu,60,1,off	52507	C1Polish	期間要件(c1)研磨: c1 59->56 / total 292->297 HARD 4->4 採用2回(鏡像:0 自己:0 再配置:0) 残存: 職員A 休(5日1回)(不採用×18 主因 c3n:9 c1:5), 職員B 休(5日1回)(不採用×24 主因 c3n:16 c1:5), 職員C 休(5日1回)(不採用×13 主因 c3n:8 low:3), 職員E Dﾃ(14日1回)(不採用×32 主因 c3n:30 low:2), 職員B 休(15日4回)(不採用×62 主因 c3n:34 c1:17), 職員E 休(5日1回)(不採用×34 主因 c3n:16 low:9), 職員F 休(5日1回)(不採用×28 主因 low:13 c3n:8), 職員G 休(5日1回)(不採用×23 主因 c1:8 c3n:8), 職員E 休(15日4回)(不採用×49 主因 c3n:23 c1:18), 職員I 休(5日1回)(不採用×53 主因 low:28 c3n:20), 職員G 休(15日4回)(不採用×78 主因 c3n:29 c1:28), 職員J 休(5日1回)(不採用×22 主因 c1:13 c3n:8), 職員I 休(15日4回)(不採用×76 主因 low:32 c3n:28), 職員J 休(15日4回)(不採用×58 主因 c1:33 c3n:20), 職員A Dﾃ(14日1回)(不採用×26 主因 c3n:16 c1:8) / 結合候補: 手B×215 / 結合探索: 200通り試行/1ms→無駄打ち回避で早期終了
blocked_covu,60,1,off	54275	C1BeamPolish	期間要件(c1)研磨[ビーム K=16 steps=60/1207ms]: c1 54->54 / total 297->297 score 43692->43692 HARD 4->4 手数0 [探索結果が根に勝てず破棄]
blocked_covu,60,1,off	58459	POST	後処理タイミング 総6262ms: HF80=46ms HF67=51ms HF66=2ms 巡回研磨(厳密日割当+c1/c3/range/apt/fair+曜日/交互)=3863ms C1共同LNS=1501ms 個人共同LNS=799ms 最終検査+HF70=0ms
blocked_covu,60,1,off	58459	POST	後処理パス別 計6256ms: C1広域ビーム=1649ms(26%) C1共同LNS=1501ms(23%) C1時系列フロー=943ms(15%) 個人回数共同LNS=722ms(11%) BlockRotationPolish=246ms(3%) CyclicSwapPolish=231ms(3%) ComponentRepair=225ms(3%) C1同日交換=157ms(2%)
blocked_covu,60,2,off	39013	V6Dispatcher	完了 algorithm=RSI HARD=4 total=328 elapsed=39011ms
blocked_covu,60,2,off	52003	V6Dispatcher	完了 algorithm=ALNS HARD=4 total=328 elapsed=12990ms
blocked_covu,60,2,off	52631	C1Polish	期間要件(c1)研磨: c1 61->60 / total 309->314 HARD 4->4 採用1回(鏡像:0 自己:0 再配置:0) 残存: 職員A 休(5日1回)(不採用×18 主因 c3n:8 c1:7), 職員B 休(5日1回)(不採用×14 主因 c3n:8 low:3), 職員C 休(5日1回)(不採用×10 主因 c3n:6 low:4), 職員B 休(15日4回)(不採用×42 主因 c3n:24 c1:15), 職員E 休(5日1回)(不採用×32 主因 c3n:16 low:12), 職員F 休(5日1回)(不採用×26 主因 c1:11 c3n:8), 職員G 休(5日1回)(不採用×24 主因 c1:18 c3n:6), 職員E 休(15日4回)(不採用×60 主因 c3n:22 low:20), 職員I Dﾃ(14日1回)(不採用×44 主因 c3n:36 c1:5), 職員F 休(15日4回)(不採用×56 主因 c1:22 c3n:18), 職員I 休(5日1回)(不採用×72 主因 c3n:35 low:20), 職員G 休(15日4回)(不採用×38 主因 c1:21 c3n:16), 職員J 休(5日1回)(不採用×12 主因 low:4 c1:4), 職員I 休(15日4回)(不採用×56 主因 c3n:25 low:18), 職員J 休(15日4回)(不採用×66 主因 c1:40 c3n:20), 職員A Dﾃ(14日1回)(不採用×18 主因 c3n:12 low:6) / 結合候補: 手B×196 / 結合探索: 200通り試行/1ms→無駄打ち回避で早期終了
blocked_covu,60,2,off	54197	C1BeamPolish	期間要件(c1)研磨[ビーム K=16 steps=23/514ms/最良が20手更新されず打ち切り]: c1 62->62 / total 314->313 score 43768->43766 HARD 4->4 手数3
blocked_covu,60,2,off	54273	C3mnPolish	回避パターン(c3mn)研磨: c3mn 5->5 / total 313->313 HARD 4->4 採用0回 [頭打ち=改善手なし] 不採用23件(重み悪化:23)(主因 c1:17 low:6) 残存: 職員G, 職員I, 職員B, 職員C / 結合候補: C3mnAlt×23 / 結合探索: 200通り試行/1ms→無駄打ち回避で早期終了
blocked_covu,60,2,off	54397	FairPolish	グループ内公平化(fair)研磨: fair 13->13 / total 311->311 HARD 4->4 採用0回 [頭打ち=改善手なし] 不採用173件(重み悪化:172 同値:1)(主因 c1:103 low:63 c3mn:3) 残存: 職員I 希, 職員C Dﾃ, 職員B Aｱ, 職員C Aｱ, 職員C Cｱ, 職員E Cｱ, 職員E 希, 職員I Dﾃ, 職員J Aｱ, 職員G Cｱ, 職員G 希, 職員J 希 / 結合候補: FairChain×172 / 結合探索: 200通り試行/3ms→無駄打ち回避で早期終了
blocked_covu,60,2,off	60002	POST	後処理タイミング 総7611ms: HF80=22ms HF67=37ms HF66=1ms 巡回研磨(厳密日割当+c1/c3/range/apt/fair+曜日/交互)=3734ms C1共同LNS=3608ms 個人共同LNS=209ms 最終検査+HF70=0ms
blocked_covu,60,2,off	60002	POST	後処理パス別 計7608ms: C1共同LNS=3607ms(47%) C1時系列フロー=1449ms(19%) C1広域ビーム=921ms(12%) ComponentRepair=347ms(4%) BlockRotationPolish=280ms(3%) 個人回数共同LNS=209ms(2%) CyclicSwapPolish=140ms(1%) C1索引修復=138ms(1%)
blocked_covu,60,2,off	60002	UnifiedCheck	合計=309 | HARD=4 [groupViol=0 c3n=1 covU=3 pref=0 c3w=0] | SOFT=305 [c1=57 c3m=10 c3mn=6 c42=5 covO=4 low=3 high=4 fair=11 weekly=205] (0ms)
blocked_covu,60,2,off	52631	C1Polish	期間要件(c1)研磨: c1 61->60 / total 309->314 HARD 4->4 採用1回(鏡像:0 自己:0 再配置:0) 残存: 職員A 休(5日1回)(不採用×18 主因 c3n:8 c1:7), 職員B 休(5日1回)(不採用×14 主因 c3n:8 low:3), 職員C 休(5日1回)(不採用×10 主因 c3n:6 low:4), 職員B 休(15日4回)(不採用×42 主因 c3n:24 c1:15), 職員E 休(5日1回)(不採用×32 主因 c3n:16 low:12), 職員F 休(5日1回)(不採用×26 主因 c1:11 c3n:8), 職員G 休(5日1回)(不採用×24 主因 c1:18 c3n:6), 職員E 休(15日4回)(不採用×60 主因 c3n:22 low:20), 職員I Dﾃ(14日1回)(不採用×44 主因 c3n:36 c1:5), 職員F 休(15日4回)(不採用×56 主因 c1:22 c3n:18), 職員I 休(5日1回)(不採用×72 主因 c3n:35 low:20), 職員G 休(15日4回)(不採用×38 主因 c1:21 c3n:16), 職員J 休(5日1回)(不採用×12 主因 low:4 c1:4), 職員I 休(15日4回)(不採用×56 主因 c3n:25 low:18), 職員J 休(15日4回)(不採用×66 主因 c1:40 c3n:20), 職員A Dﾃ(14日1回)(不採用×18 主因 c3n:12 low:6) / 結合候補: 手B×196 / 結合探索: 200通り試行/1ms→無駄打ち回避で早期終了
blocked_covu,60,2,off	54197	C1BeamPolish	期間要件(c1)研磨[ビーム K=16 steps=23/514ms/最良が20手更新されず打ち切り]: c1 62->62 / total 314->313 score 43768->43766 HARD 4->4 手数3
blocked_covu,60,2,off	54273	C3mnPolish	回避パターン(c3mn)研磨: c3mn 5->5 / total 313->313 HARD 4->4 採用0回 [頭打ち=改善手なし] 不採用23件(重み悪化:23)(主因 c1:17 low:6) 残存: 職員G, 職員I, 職員B, 職員C / 結合候補: C3mnAlt×23 / 結合探索: 200通り試行/1ms→無駄打ち回避で早期終了
blocked_covu,60,2,off	54397	FairPolish	グループ内公平化(fair)研磨: fair 13->13 / total 311->311 HARD 4->4 採用0回 [頭打ち=改善手なし] 不採用173件(重み悪化:172 同値:1)(主因 c1:103 low:63 c3mn:3) 残存: 職員I 希, 職員C Dﾃ, 職員B Aｱ, 職員C Aｱ, 職員C Cｱ, 職員E Cｱ, 職員E 希, 職員I Dﾃ, 職員J Aｱ, 職員G Cｱ, 職員G 希, 職員J 希 / 結合候補: FairChain×172 / 結合探索: 200通り試行/3ms→無駄打ち回避で早期終了
blocked_covu,60,2,off	60002	POST	後処理タイミング 総7611ms: HF80=22ms HF67=37ms HF66=1ms 巡回研磨(厳密日割当+c1/c3/range/apt/fair+曜日/交互)=3734ms C1共同LNS=3608ms 個人共同LNS=209ms 最終検査+HF70=0ms
blocked_covu,60,2,off	60002	POST	後処理パス別 計7608ms: C1共同LNS=3607ms(47%) C1時系列フロー=1449ms(19%) C1広域ビーム=921ms(12%) ComponentRepair=347ms(4%) BlockRotationPolish=280ms(3%) 個人回数共同LNS=209ms(2%) CyclicSwapPolish=140ms(1%) C1索引修復=138ms(1%)
blocked_covu,60,2,on	39013	V6Dispatcher	完了 algorithm=RSI HARD=4 total=329 elapsed=39012ms
blocked_covu,60,2,on	52001	V6Dispatcher	完了 algorithm=ALNS HARD=4 total=329 elapsed=12988ms
blocked_covu,60,2,on	52464	C1Polish	期間要件(c1)研磨: c1 51->51 / total 325->325 HARD 4->4 採用0回(鏡像:0 自己:0 再配置:0) [頭打ち=改善手なし] 残存: 職員B 休(5日1回)(不採用×8 主因 c3n:6 low:1), 職員C 休(5日1回)(不採用×3 主因 low:1 c1:1), 職員E Dﾃ(14日1回)(不採用×17 主因 c3n:17), 職員B 休(15日4回)(不採用×19 主因 c3n:12 c1:4), 職員E 休(5日1回)(不採用×13 主因 c3n:7 low:4), 職員C 休(15日4回)(不採用×18 主因 c3n:10 c1:5), 職員F 休(5日1回)(不採用×25 主因 c3n:12 low:9), 職員G 休(5日1回)(不採用×20 主因 c1:10 c3n:6), 職員E 休(15日4回)(不採用×27 主因 c3n:13 c1:10), 職員I Dﾃ(14日1回)(不採用×17 主因 c3n:16 low:1), 職員F 休(15日4回)(不採用×20 主因 c3n:10 low:6), 職員I 休(5日1回)(不採用×28 主因 c3n:11 low:9), 職員J 休(5日1回)(不採用×15 主因 c1:9 c3n:6), 職員I 休(15日4回)(不採用×30 主因 c3n:12 low:9), 職員J 休(15日4回)(不採用×18 主因 c1:11 c3n:6) / 結合候補: 手B×94 / 結合探索: 200通り試行/1ms→無駄打ち回避で早期終了
blocked_covu,60,2,on	54326	C1BeamPolish	期間要件(c1)研磨[ビーム K=16 steps=60/1295ms]: c1 51->51 / total 325->325 score 44651->44651 HARD 4->4 手数0 [探索結果が根に勝てず破棄]
blocked_covu,60,2,on	54583	C3mnPolish	回避パターン(c3mn)研磨: c3mn 7->7 / total 325->325 HARD 4->4 採用0回 [頭打ち=改善手なし] 不採用47件(重み悪化:47)(主因 c1:28 low:19) 残存: 職員G, 職員C, 職員J, 職員I / 結合候補: C3mnAlt×47 / 結合探索: 200通り試行/3ms→無駄打ち回避で早期終了
blocked_covu,60,2,on	54645	RangePolish	個人回数(low/high)玉突き研磨: low 6->4 / high 6->4 / total 325->326 HARD 4->4 採用2回（日割当:0 / 柔軟日割当:1） 対象: 職員J B4, 職員A 休 残存: 職員B B4(range後回し×23・不採用×22 主因 c1:19・候補なし×18・希望固定×18・禁止連続×12), 職員C 休(希望固定×21: 8/1・8/3・8/5・8/7・8/12・8/21ほか1日・range後回し×20・不採用×16 主因 c1:9 low:7・候補なし×12), 職員C Cｵ(禁止連続×27: 8/9・8/13・8/17・8/18・8/19・8/24ほか3日・希望固定×24・不採用×17 主因 c1:9 low:6・range後回し×10), 職員C B4(希望固定×72: 8/3・8/5・8/7・禁止連続×12・候補なし×9・柔軟日割当候補なし×3・日割当候補なし×3・range後回し×2・不採用×1 主因 c3mn:1), 職員I 休(禁止連続×69: 8/9・8/10・8/11・8/15・8/24・8/31・不採用×43 主因 c1:43・希望固定×42・柔軟日割当候補なし×3・日割当候補なし×3) / 結合候補: tryRelocate×209 / 結合探索: 200通り試行/4ms→無駄打ち回避で早期終了
blocked_covu,60,2,on	59936	C1EjectionChain	期間要件(c1)玉突き連鎖[起点2/連鎖123/採用0/評価10025/21ms]: c1 53->53 score 44079->44079 HARD 4->4
blocked_covu,60,2,on	60002	POST	後処理タイミング 総7679ms: HF80=26ms HF67=38ms HF66=3ms 巡回研磨(厳密日割当+c1/c3/range/apt/fair+曜日/交互)=3883ms C1共同LNS=3663ms 個人共同LNS=66ms 最終検査+HF70=0ms
blocked_covu,60,2,on	60003	POST	後処理パス別 計7677ms: C1共同LNS=3642ms(47%) C1広域ビーム=1965ms(25%) C1時系列フロー=1006ms(13%) C1厳密窓=270ms(3%) ComponentRepair=135ms(1%) C1索引修復=107ms(1%) CyclicSwapPolish=104ms(1%) C1同日交換=79ms(1%)
blocked_covu,60,2,on	60002	UnifiedCheck	合計=321 | HARD=4 [groupViol=0 c3n=0 covU=4 pref=0 c3w=0] | SOFT=317 [c1=53 c3m=11 c3mn=4 c42=5 covO=3 low=3 high=4 fair=14 weekly=220] (0ms)
blocked_covu,60,2,on	52464	C1Polish	期間要件(c1)研磨: c1 51->51 / total 325->325 HARD 4->4 採用0回(鏡像:0 自己:0 再配置:0) [頭打ち=改善手なし] 残存: 職員B 休(5日1回)(不採用×8 主因 c3n:6 low:1), 職員C 休(5日1回)(不採用×3 主因 low:1 c1:1), 職員E Dﾃ(14日1回)(不採用×17 主因 c3n:17), 職員B 休(15日4回)(不採用×19 主因 c3n:12 c1:4), 職員E 休(5日1回)(不採用×13 主因 c3n:7 low:4), 職員C 休(15日4回)(不採用×18 主因 c3n:10 c1:5), 職員F 休(5日1回)(不採用×25 主因 c3n:12 low:9), 職員G 休(5日1回)(不採用×20 主因 c1:10 c3n:6), 職員E 休(15日4回)(不採用×27 主因 c3n:13 c1:10), 職員I Dﾃ(14日1回)(不採用×17 主因 c3n:16 low:1), 職員F 休(15日4回)(不採用×20 主因 c3n:10 low:6), 職員I 休(5日1回)(不採用×28 主因 c3n:11 low:9), 職員J 休(5日1回)(不採用×15 主因 c1:9 c3n:6), 職員I 休(15日4回)(不採用×30 主因 c3n:12 low:9), 職員J 休(15日4回)(不採用×18 主因 c1:11 c3n:6) / 結合候補: 手B×94 / 結合探索: 200通り試行/1ms→無駄打ち回避で早期終了
blocked_covu,60,2,on	54326	C1BeamPolish	期間要件(c1)研磨[ビーム K=16 steps=60/1295ms]: c1 51->51 / total 325->325 score 44651->44651 HARD 4->4 手数0 [探索結果が根に勝てず破棄]
blocked_covu,60,2,on	54583	C3mnPolish	回避パターン(c3mn)研磨: c3mn 7->7 / total 325->325 HARD 4->4 採用0回 [頭打ち=改善手なし] 不採用47件(重み悪化:47)(主因 c1:28 low:19) 残存: 職員G, 職員C, 職員J, 職員I / 結合候補: C3mnAlt×47 / 結合探索: 200通り試行/3ms→無駄打ち回避で早期終了
blocked_covu,60,2,on	54645	RangePolish	個人回数(low/high)玉突き研磨: low 6->4 / high 6->4 / total 325->326 HARD 4->4 採用2回（日割当:0 / 柔軟日割当:1） 対象: 職員J B4, 職員A 休 残存: 職員B B4(range後回し×23・不採用×22 主因 c1:19・候補なし×18・希望固定×18・禁止連続×12), 職員C 休(希望固定×21: 8/1・8/3・8/5・8/7・8/12・8/21ほか1日・range後回し×20・不採用×16 主因 c1:9 low:7・候補なし×12), 職員C Cｵ(禁止連続×27: 8/9・8/13・8/17・8/18・8/19・8/24ほか3日・希望固定×24・不採用×17 主因 c1:9 low:6・range後回し×10), 職員C B4(希望固定×72: 8/3・8/5・8/7・禁止連続×12・候補なし×9・柔軟日割当候補なし×3・日割当候補なし×3・range後回し×2・不採用×1 主因 c3mn:1), 職員I 休(禁止連続×69: 8/9・8/10・8/11・8/15・8/24・8/31・不採用×43 主因 c1:43・希望固定×42・柔軟日割当候補なし×3・日割当候補なし×3) / 結合候補: tryRelocate×209 / 結合探索: 200通り試行/4ms→無駄打ち回避で早期終了
blocked_covu,60,2,on	59936	C1EjectionChain	期間要件(c1)玉突き連鎖[起点2/連鎖123/採用0/評価10025/21ms]: c1 53->53 score 44079->44079 HARD 4->4
blocked_covu,60,2,on	60002	POST	後処理タイミング 総7679ms: HF80=26ms HF67=38ms HF66=3ms 巡回研磨(厳密日割当+c1/c3/range/apt/fair+曜日/交互)=3883ms C1共同LNS=3663ms 個人共同LNS=66ms 最終検査+HF70=0ms
blocked_covu,60,2,on	60003	POST	後処理パス別 計7677ms: C1共同LNS=3642ms(47%) C1広域ビーム=1965ms(25%) C1時系列フロー=1006ms(13%) C1厳密窓=270ms(3%) ComponentRepair=135ms(1%) C1索引修復=107ms(1%) CyclicSwapPolish=104ms(1%) C1同日交換=79ms(1%)
blocked_covu,60,3,on	39016	V6Dispatcher	完了 algorithm=RSI HARD=4 total=306 elapsed=39016ms
blocked_covu,60,3,on	52001	V6Dispatcher	完了 algorithm=ALNS HARD=4 total=306 elapsed=12984ms
blocked_covu,60,3,on	52458	C1Polish	期間要件(c1)研磨: c1 56->51 / total 297->302 HARD 4->4 採用2回(鏡像:1 自己:0 再配置:0) 残存: 職員A 休(5日1回)(不採用×15 主因 c3n:7 low:6), 職員B 休(5日1回)(不採用×42 主因 c3n:24 low:9), 職員C 休(5日1回)(不採用×36 主因 c3n:18 c1:16), 職員E Dﾃ(14日1回)(不採用×34 主因 c3n:32 low:1), 職員B 休(15日4回)(不採用×32 主因 c3n:16 c1:11), 職員E 休(5日1回)(不採用×30 主因 low:14 c3n:14), 職員C 休(15日4回)(不採用×38 主因 c3n:20 c1:14), 職員F 休(5日1回)(不採用×12 主因 c3n:6 c1:5), 職員E 休(15日4回)(不採用×58 主因 c3n:30 c1:19), 職員F 休(15日4回)(不採用×42 主因 c1:17 c3n:16), 職員I 休(5日1回)(不採用×44 主因 low:19 c3n:18), 職員J Dﾃ(14日1回)(不採用×36 主因 c3n:28 low:3), 職員J 休(5日1回)(不採用×24 主因 c3n:11 c1:10), 職員I 休(15日4回)(不採用×72 主因 c3n:32 low:29) / 結合候補: 手B×184 / 結合探索: 200通り試行/1ms→無駄打ち回避で早期終了
blocked_covu,60,3,on	54034	C1BeamPolish	期間要件(c1)研磨[ビーム K=16 steps=60/1033ms]: c1 50->50 / total 304->304 score 43117->43117 HARD 4->4 手数0 [探索結果が根に勝てず破棄]
blocked_covu,60,3,on	54108	C3mnPolish	回避パターン(c3mn)研磨: c3mn 5->4 / total 301->300 HARD 4->4 採用1回 不採用40件(重み悪化:40)(主因 c1:27 low:13) 残存: 職員J, 職員E, 職員G, 職員C / 結合候補: C3mnAlt×40 / 結合探索: 200通り試行/1ms→無駄打ち回避で早期終了
blocked_covu,60,3,on	54126	RangePolish	個人回数(low/high)玉突き研磨: low 4->4 / high 4->4 / total 300->300 HARD 4->4 採用0回（日割当:0 / 柔軟日割当:0） [頭打ち=改善手なし] 残存: 職員B B4(不採用×11 主因 c1:8 weekly:2・候補なし×6・希望固定×6・禁止連続×5・range後回し×2・ピン破り×1), 職員C 休(range後回し×8・希望固定×7・候補なし×4・不採用×4 主因 low:2 c1:2), 職員C B4(希望固定×24: 8/3・8/5・8/7・柔軟日割当候補なし×1・日割当候補なし×1), 職員I 休(禁止連続×26: 8/10・8/12・8/14・8/19・8/24・8/31・不採用×16 主因 c1:16・希望固定×14・柔軟日割当候補なし×1・日割当候補なし×1), 職員I B4(不採用×12 主因 c1:10 low:1・希望固定×7・候補なし×5・禁止連続×5・range後回し×2) / 結合候補: tryRelocate×56 / 結合探索: 200通り試行/2ms→無駄打ち回避で早期終了
blocked_covu,60,3,on	58280	C1EjectionChain	期間要件(c1)玉突き連鎖[起点46/連鎖3125/採用0/評価285609/574ms]: c1 48->48 score 42918->42918 HARD 4->4
blocked_covu,60,3,on	58968	POST	後処理タイミング 総6674ms: HF80=23ms HF67=37ms HF66=2ms 巡回研磨(厳密日割当+c1/c3/range/apt/fair+曜日/交互)=3844ms C1共同LNS=2080ms 個人共同LNS=688ms 最終検査+HF70=0ms
blocked_covu,60,3,on	58968	POST	後処理パス別 計6670ms: C1共同LNS=1504ms(22%) C1広域ビーム=1436ms(21%) C1時系列フロー=925ms(13%) 個人回数共同LNS=619ms(9%) C1玉突き連鎖=576ms(8%) ComponentRepair=449ms(6%) C1索引修復=264ms(3%) BlockRotationPolish=236ms(3%)
blocked_covu,60,3,on	58968	UnifiedCheck	合計=287 | HARD=4 [groupViol=0 c3n=1 covU=3 pref=0 c3w=0] | SOFT=283 [c1=48 c3m=11 c3mn=4 c42=7 covO=2 low=4 high=5 fair=11 weekly=191] (0ms)
blocked_covu,60,3,on	52458	C1Polish	期間要件(c1)研磨: c1 56->51 / total 297->302 HARD 4->4 採用2回(鏡像:1 自己:0 再配置:0) 残存: 職員A 休(5日1回)(不採用×15 主因 c3n:7 low:6), 職員B 休(5日1回)(不採用×42 主因 c3n:24 low:9), 職員C 休(5日1回)(不採用×36 主因 c3n:18 c1:16), 職員E Dﾃ(14日1回)(不採用×34 主因 c3n:32 low:1), 職員B 休(15日4回)(不採用×32 主因 c3n:16 c1:11), 職員E 休(5日1回)(不採用×30 主因 low:14 c3n:14), 職員C 休(15日4回)(不採用×38 主因 c3n:20 c1:14), 職員F 休(5日1回)(不採用×12 主因 c3n:6 c1:5), 職員E 休(15日4回)(不採用×58 主因 c3n:30 c1:19), 職員F 休(15日4回)(不採用×42 主因 c1:17 c3n:16), 職員I 休(5日1回)(不採用×44 主因 low:19 c3n:18), 職員J Dﾃ(14日1回)(不採用×36 主因 c3n:28 low:3), 職員J 休(5日1回)(不採用×24 主因 c3n:11 c1:10), 職員I 休(15日4回)(不採用×72 主因 c3n:32 low:29) / 結合候補: 手B×184 / 結合探索: 200通り試行/1ms→無駄打ち回避で早期終了
blocked_covu,60,3,on	54034	C1BeamPolish	期間要件(c1)研磨[ビーム K=16 steps=60/1033ms]: c1 50->50 / total 304->304 score 43117->43117 HARD 4->4 手数0 [探索結果が根に勝てず破棄]
blocked_covu,60,3,on	54108	C3mnPolish	回避パターン(c3mn)研磨: c3mn 5->4 / total 301->300 HARD 4->4 採用1回 不採用40件(重み悪化:40)(主因 c1:27 low:13) 残存: 職員J, 職員E, 職員G, 職員C / 結合候補: C3mnAlt×40 / 結合探索: 200通り試行/1ms→無駄打ち回避で早期終了
blocked_covu,60,3,on	54126	RangePolish	個人回数(low/high)玉突き研磨: low 4->4 / high 4->4 / total 300->300 HARD 4->4 採用0回（日割当:0 / 柔軟日割当:0） [頭打ち=改善手なし] 残存: 職員B B4(不採用×11 主因 c1:8 weekly:2・候補なし×6・希望固定×6・禁止連続×5・range後回し×2・ピン破り×1), 職員C 休(range後回し×8・希望固定×7・候補なし×4・不採用×4 主因 low:2 c1:2), 職員C B4(希望固定×24: 8/3・8/5・8/7・柔軟日割当候補なし×1・日割当候補なし×1), 職員I 休(禁止連続×26: 8/10・8/12・8/14・8/19・8/24・8/31・不採用×16 主因 c1:16・希望固定×14・柔軟日割当候補なし×1・日割当候補なし×1), 職員I B4(不採用×12 主因 c1:10 low:1・希望固定×7・候補なし×5・禁止連続×5・range後回し×2) / 結合候補: tryRelocate×56 / 結合探索: 200通り試行/2ms→無駄打ち回避で早期終了
blocked_covu,60,3,on	58280	C1EjectionChain	期間要件(c1)玉突き連鎖[起点46/連鎖3125/採用0/評価285609/574ms]: c1 48->48 score 42918->42918 HARD 4->4
blocked_covu,60,3,on	58968	POST	後処理タイミング 総6674ms: HF80=23ms HF67=37ms HF66=2ms 巡回研磨(厳密日割当+c1/c3/range/apt/fair+曜日/交互)=3844ms C1共同LNS=2080ms 個人共同LNS=688ms 最終検査+HF70=0ms
blocked_covu,60,3,on	58968	POST	後処理パス別 計6670ms: C1共同LNS=1504ms(22%) C1広域ビーム=1436ms(21%) C1時系列フロー=925ms(13%) 個人回数共同LNS=619ms(9%) C1玉突き連鎖=576ms(8%) ComponentRepair=449ms(6%) C1索引修復=264ms(3%) BlockRotationPolish=236ms(3%)
blocked_covu,60,3,off	39012	V6Dispatcher	完了 algorithm=RSI HARD=4 total=310 elapsed=39012ms
blocked_covu,60,3,off	52000	V6Dispatcher	完了 algorithm=ALNS HARD=4 total=310 elapsed=12987ms
blocked_covu,60,3,off	52581	C1Polish	期間要件(c1)研磨: c1 61->61 / total 292->292 HARD 4->4 採用0回(鏡像:0 自己:0 再配置:0) [頭打ち=改善手なし] 残存: 職員A 休(5日1回)(不採用×9 主因 low:5 c3n:4), 職員B Dﾃ(14日1回)(不採用×18 主因 c3n:14 c1:4), 職員B 休(5日1回)(不採用×8 主因 c3n:5 low:2), 職員C 休(5日1回)(不採用×19 主因 c1:9 c3n:7), 職員E Dﾃ(14日1回)(不採用×17 主因 c3n:16 low:1), 職員B 休(15日4回)(不採用×21 主因 c3n:12 c1:7), 職員E 休(5日1回)(不採用×21 主因 low:10 c3n:10), 職員C 休(15日4回)(不採用×19 主因 c3n:9 c1:5), 職員F 休(5日1回)(不採用×7 主因 low:3 c3n:3), 職員G Dﾃ(14日1回)(不採用×16 主因 c3n:16), 職員G 休(5日1回)(不採用×12 主因 c1:6 low:3), 職員E 休(15日4回)(不採用×26 主因 c3n:13 c1:7), 職員F 休(15日4回)(不採用×28 主因 c3n:11 low:10), 職員I 休(5日1回)(不採用×22 主因 low:9 c3n:6), 職員G 休(15日4回)(不採用×22 主因 c1:10 c3n:9), 職員J 休(5日1回)(不採用×16 主因 c1:6 low:5), 職員I 休(15日4回)(不採用×36 主因 low:18 c3n:11), 職員J 休(15日4回)(不採用×28 主因 c1:14 c3n:9) / 結合候補: 手B×122 / 結合探索: 200通り試行/2ms→無駄打ち回避で早期終了
blocked_covu,60,3,off	53545	C1BeamPolish	期間要件(c1)研磨[ビーム K=16 steps=22/412ms/最良が20手更新されず打ち切り]: c1 61->61 / total 292->292 score 43385->43385 HARD 4->4 手数0 [探索結果が根に勝てず破棄]
blocked_covu,60,3,off	53820	C3mnPolish	回避パターン(c3mn)研磨: c3mn 4->4 / total 292->292 HARD 4->4 採用0回 [頭打ち=改善手なし] 不採用19件(必須増:2 重み悪化:17)(主因 c1:15 covU:2 low:2) 残存: 職員G, 職員J, 職員C, 職員I / 結合候補: C3mnAlt×19 / 結合探索: 200通り試行/1ms→無駄打ち回避で早期終了
blocked_covu,60,3,off	53834	RangePolish	個人回数(low/high)玉突き研磨: low 3->3 / high 3->3 / total 292->292 HARD 4->4 採用0回（日割当:0 / 柔軟日割当:0） [頭打ち=改善手なし] 残存: 職員C 休(希望固定×7: 8/1・8/3・8/5・8/7・8/12・8/21ほか1日・range後回し×6・不採用×5 主因 c1:4 low:1・候補なし×4), 職員C B4(希望固定×24: 8/3・8/5・8/7・柔軟日割当候補なし×1・日割当候補なし×1), 職員E B4(不採用×10 主因 c1:7 low:3・希望固定×8・range後回し×6・禁止連続×4・候補なし×3), 職員F B4(不採用×16 主因 c1:15 c3mn:1・候補なし×7・希望固定×6・range後回し×2), 職員I 休(禁止連続×27: 8/9・8/10・8/14・8/19・8/25・希望固定×14・不採用×8 主因 c1:8・柔軟日割当候補なし×1・日割当候補なし×1) / 結合候補: tryRelocate×53 / 結合探索: 200通り試行/1ms→無駄打ち回避で早期終了
blocked_covu,60,3,off	60001	POST	後処理タイミング 総7637ms: HF80=24ms HF67=38ms HF66=1ms 巡回研磨(厳密日割当+c1/c3/range/apt/fair+曜日/交互)=3794ms C1共同LNS=3677ms 個人共同LNS=103ms 最終検査+HF70=0ms
blocked_covu,60,3,off	60001	POST	後処理パス別 計7634ms: C1共同LNS=3677ms(48%) C1時系列フロー=1375ms(18%) C1広域ビーム=1007ms(13%) ComponentRepair=344ms(4%) BlockRotationPolish=237ms(3%) CyclicSwapPolish=207ms(2%) C1索引修復=195ms(2%) C1同日交換=130ms(1%)
blocked_covu,60,3,off	60000	UnifiedCheck	合計=294 | HARD=4 [groupViol=0 c3n=1 covU=3 pref=0 c3w=0] | SOFT=290 [c1=48 c3m=12 c3mn=5 c42=6 covO=2 low=4 high=3 fair=14 weekly=196] (0ms)
blocked_covu,60,3,off	52581	C1Polish	期間要件(c1)研磨: c1 61->61 / total 292->292 HARD 4->4 採用0回(鏡像:0 自己:0 再配置:0) [頭打ち=改善手なし] 残存: 職員A 休(5日1回)(不採用×9 主因 low:5 c3n:4), 職員B Dﾃ(14日1回)(不採用×18 主因 c3n:14 c1:4), 職員B 休(5日1回)(不採用×8 主因 c3n:5 low:2), 職員C 休(5日1回)(不採用×19 主因 c1:9 c3n:7), 職員E Dﾃ(14日1回)(不採用×17 主因 c3n:16 low:1), 職員B 休(15日4回)(不採用×21 主因 c3n:12 c1:7), 職員E 休(5日1回)(不採用×21 主因 low:10 c3n:10), 職員C 休(15日4回)(不採用×19 主因 c3n:9 c1:5), 職員F 休(5日1回)(不採用×7 主因 low:3 c3n:3), 職員G Dﾃ(14日1回)(不採用×16 主因 c3n:16), 職員G 休(5日1回)(不採用×12 主因 c1:6 low:3), 職員E 休(15日4回)(不採用×26 主因 c3n:13 c1:7), 職員F 休(15日4回)(不採用×28 主因 c3n:11 low:10), 職員I 休(5日1回)(不採用×22 主因 low:9 c3n:6), 職員G 休(15日4回)(不採用×22 主因 c1:10 c3n:9), 職員J 休(5日1回)(不採用×16 主因 c1:6 low:5), 職員I 休(15日4回)(不採用×36 主因 low:18 c3n:11), 職員J 休(15日4回)(不採用×28 主因 c1:14 c3n:9) / 結合候補: 手B×122 / 結合探索: 200通り試行/2ms→無駄打ち回避で早期終了
blocked_covu,60,3,off	53545	C1BeamPolish	期間要件(c1)研磨[ビーム K=16 steps=22/412ms/最良が20手更新されず打ち切り]: c1 61->61 / total 292->292 score 43385->43385 HARD 4->4 手数0 [探索結果が根に勝てず破棄]
blocked_covu,60,3,off	53820	C3mnPolish	回避パターン(c3mn)研磨: c3mn 4->4 / total 292->292 HARD 4->4 採用0回 [頭打ち=改善手なし] 不採用19件(必須増:2 重み悪化:17)(主因 c1:15 covU:2 low:2) 残存: 職員G, 職員J, 職員C, 職員I / 結合候補: C3mnAlt×19 / 結合探索: 200通り試行/1ms→無駄打ち回避で早期終了
blocked_covu,60,3,off	53834	RangePolish	個人回数(low/high)玉突き研磨: low 3->3 / high 3->3 / total 292->292 HARD 4->4 採用0回（日割当:0 / 柔軟日割当:0） [頭打ち=改善手なし] 残存: 職員C 休(希望固定×7: 8/1・8/3・8/5・8/7・8/12・8/21ほか1日・range後回し×6・不採用×5 主因 c1:4 low:1・候補なし×4), 職員C B4(希望固定×24: 8/3・8/5・8/7・柔軟日割当候補なし×1・日割当候補なし×1), 職員E B4(不採用×10 主因 c1:7 low:3・希望固定×8・range後回し×6・禁止連続×4・候補なし×3), 職員F B4(不採用×16 主因 c1:15 c3mn:1・候補なし×7・希望固定×6・range後回し×2), 職員I 休(禁止連続×27: 8/9・8/10・8/14・8/19・8/25・希望固定×14・不採用×8 主因 c1:8・柔軟日割当候補なし×1・日割当候補なし×1) / 結合候補: tryRelocate×53 / 結合探索: 200通り試行/1ms→無駄打ち回避で早期終了
blocked_covu,60,3,off	60001	POST	後処理タイミング 総7637ms: HF80=24ms HF67=38ms HF66=1ms 巡回研磨(厳密日割当+c1/c3/range/apt/fair+曜日/交互)=3794ms C1共同LNS=3677ms 個人共同LNS=103ms 最終検査+HF70=0ms
blocked_covu,60,3,off	60001	POST	後処理パス別 計7634ms: C1共同LNS=3677ms(48%) C1時系列フロー=1375ms(18%) C1広域ビーム=1007ms(13%) ComponentRepair=344ms(4%) BlockRotationPolish=237ms(3%) CyclicSwapPolish=207ms(2%) C1索引修復=195ms(2%) C1同日交換=130ms(1%)
blocked_covu,120,1,on	80011	V6Dispatcher	完了 algorithm=RSI HARD=4 total=304 elapsed=80009ms
blocked_covu,120,1,on	110001	V6Dispatcher	完了 algorithm=ALNS HARD=4 total=306 elapsed=29990ms
blocked_covu,120,1,on	110474	C1Polish	期間要件(c1)研磨: c1 51->47 / total 288->289 HARD 4->4 採用1回(鏡像:0 自己:0 再配置:0) 残存: 職員A 休(5日1回)(不採用×20 主因 c3n:9 low:7), 職員B 休(5日1回)(不採用×16 主因 c3n:10 low:4), 職員C 休(5日1回)(不採用×10 主因 c3n:5 low:4), 職員E Dﾃ(14日1回)(不採用×38 主因 c3n:34 low:4), 職員B 休(15日4回)(不採用×40 主因 c3n:24 c1:12), 職員E 休(5日1回)(不採用×40 主因 low:20 c3n:13), 職員I 休(5日1回)(不採用×76 主因 low:28 c3n:28), 職員J 休(5日1回)(不採用×32 主因 c3n:15 c1:12), 職員I 休(15日4回)(不採用×76 主因 low:29 c3n:28), 職員J 休(15日4回)(不採用×62 主因 c1:31 c3n:22) / 結合候補: 手B×150 / 結合探索: 200通り試行/2ms→無駄打ち回避で早期終了
blocked_covu,120,1,on	111231	C1BeamPolish	期間要件(c1)研磨[ビーム K=16 steps=25/431ms/最良が20手更新されず打ち切り]: c1 47->47 / total 289->289 score 42867->42867 HARD 4->4 手数0 [探索結果が根に勝てず破棄]
blocked_covu,120,1,on	111550	C3mnPolish	回避パターン(c3mn)研磨: c3mn 4->4 / total 289->289 HARD 4->4 採用0回 [頭打ち=改善手なし] 不採用20件(重み悪化:20)(主因 c1:15 low:5) 残存: 職員G, 職員A, 職員C, 職員I / 結合候補: C3mnAlt×20 / 結合探索: 200通り試行/2ms→無駄打ち回避で早期終了
blocked_covu,120,1,on	117088	C1EjectionChain	期間要件(c1)玉突き連鎖[起点65/連鎖4454/採用0/評価465207/971ms]: c1 47->47 score 42757->42757 HARD 4->4
blocked_covu,120,1,on	117813	POST	後処理タイミング 総7528ms: HF80=23ms HF67=38ms HF66=1ms 巡回研磨(厳密日割当+c1/c3/range/apt/fair+曜日/交互)=4225ms C1共同LNS=2515ms 個人共同LNS=725ms 最終検査+HF70=1ms
blocked_covu,120,1,on	117814	POST	後処理パス別 計7524ms: C1共同LNS=1544ms(20%) C1広域ビーム=1212ms(16%) C1玉突き連鎖=971ms(12%) BlockRotationPolish=841ms(11%) C1時系列フロー=808ms(10%) 個人回数共同LNS=642ms(8%) ComponentRepair=547ms(7%) CyclicSwapPolish=162ms(2%)
blocked_covu,120,1,on	117813	UnifiedCheck	合計=274 | HARD=4 [groupViol=0 c3n=1 covU=3 pref=0 c3w=0] | SOFT=270 [c1=47 c3m=10 c3mn=3 c42=5 covO=3 low=4 high=5 fair=13 weekly=180] (0ms)
blocked_covu,120,1,on	110474	C1Polish	期間要件(c1)研磨: c1 51->47 / total 288->289 HARD 4->4 採用1回(鏡像:0 自己:0 再配置:0) 残存: 職員A 休(5日1回)(不採用×20 主因 c3n:9 low:7), 職員B 休(5日1回)(不採用×16 主因 c3n:10 low:4), 職員C 休(5日1回)(不採用×10 主因 c3n:5 low:4), 職員E Dﾃ(14日1回)(不採用×38 主因 c3n:34 low:4), 職員B 休(15日4回)(不採用×40 主因 c3n:24 c1:12), 職員E 休(5日1回)(不採用×40 主因 low:20 c3n:13), 職員I 休(5日1回)(不採用×76 主因 low:28 c3n:28), 職員J 休(5日1回)(不採用×32 主因 c3n:15 c1:12), 職員I 休(15日4回)(不採用×76 主因 low:29 c3n:28), 職員J 休(15日4回)(不採用×62 主因 c1:31 c3n:22) / 結合候補: 手B×150 / 結合探索: 200通り試行/2ms→無駄打ち回避で早期終了
blocked_covu,120,1,on	111231	C1BeamPolish	期間要件(c1)研磨[ビーム K=16 steps=25/431ms/最良が20手更新されず打ち切り]: c1 47->47 / total 289->289 score 42867->42867 HARD 4->4 手数0 [探索結果が根に勝てず破棄]
blocked_covu,120,1,on	111550	C3mnPolish	回避パターン(c3mn)研磨: c3mn 4->4 / total 289->289 HARD 4->4 採用0回 [頭打ち=改善手なし] 不採用20件(重み悪化:20)(主因 c1:15 low:5) 残存: 職員G, 職員A, 職員C, 職員I / 結合候補: C3mnAlt×20 / 結合探索: 200通り試行/2ms→無駄打ち回避で早期終了
blocked_covu,120,1,on	117088	C1EjectionChain	期間要件(c1)玉突き連鎖[起点65/連鎖4454/採用0/評価465207/971ms]: c1 47->47 score 42757->42757 HARD 4->4
blocked_covu,120,1,on	117813	POST	後処理タイミング 総7528ms: HF80=23ms HF67=38ms HF66=1ms 巡回研磨(厳密日割当+c1/c3/range/apt/fair+曜日/交互)=4225ms C1共同LNS=2515ms 個人共同LNS=725ms 最終検査+HF70=1ms
blocked_covu,120,1,on	117814	POST	後処理パス別 計7524ms: C1共同LNS=1544ms(20%) C1広域ビーム=1212ms(16%) C1玉突き連鎖=971ms(12%) BlockRotationPolish=841ms(11%) C1時系列フロー=808ms(10%) 個人回数共同LNS=642ms(8%) ComponentRepair=547ms(7%) CyclicSwapPolish=162ms(2%)
blocked_covu,120,1,off	80015	V6Dispatcher	完了 algorithm=RSI HARD=4 total=299 elapsed=80014ms
blocked_covu,120,1,off	110001	V6Dispatcher	完了 algorithm=ALNS HARD=4 total=299 elapsed=29986ms
blocked_covu,120,1,off	110146	C1Polish	期間要件(c1)研磨: c1 53->53 / total 296->296 HARD 4->4 採用0回(鏡像:0 自己:0 再配置:0) [頭打ち=改善手なし] 残存: 職員A 休(5日1回)(不採用×9 主因 c1:4 c3n:4), 職員B 休(5日1回)(不採用×7 主因 c3n:4 low:2), 職員C 休(5日1回)(不採用×5 主因 c1:3 c3n:2), 職員E Dﾃ(14日1回)(不採用×24 主因 c3n:22 low:2), 職員B 休(15日4回)(不採用×22 主因 c3n:12 c1:7), 職員E 休(5日1回)(不採用×30 主因 c3n:14 low:9), 職員F 休(5日1回)(不採用×5 主因 c1:3 low:1), 職員G Dﾃ(14日1回)(不採用×16 主因 c3n:14 low:1), 職員G 休(5日1回)(不採用×27 主因 c3n:12 c1:11), 職員E 休(15日4回)(不採用×32 主因 low:14 c3n:12), 職員I 休(5日1回)(不採用×23 主因 c3n:11 c1:9), 職員J 休(5日1回)(不採用×16 主因 c1:8 c3n:6), 職員I 休(15日4回)(不採用×25 主因 c3n:11 c1:9), 職員J 休(15日4回)(不採用×31 主因 c3n:14 c1:11), 職員A Dﾃ(14日1回)(不採用×9 主因 c3n:6 c3mn:2) / 結合候補: 手B×98 / 結合探索: 200通り試行/2ms→無駄打ち回避で早期終了
blocked_covu,120,1,off	111181	C1BeamPolish	期間要件(c1)研磨[ビーム K=16 steps=24/468ms/最良が20手更新されず打ち切り]: c1 53->53 / total 296->296 score 43637->43637 HARD 4->4 手数0 [探索結果が根に勝てず破棄]
blocked_covu,120,1,off	111453	C3mnPolish	回避パターン(c3mn)研磨: c3mn 5->5 / total 296->296 HARD 4->4 採用0回 [頭打ち=改善手なし] 不採用16件(必須増:1 重み悪化:15)(主因 c1:11 low:4 covU:1) 残存: 職員G, 職員I, 職員C / 結合候補: C3mnAlt×16 / 結合探索: 200通り試行/1ms→無駄打ち回避で早期終了
blocked_covu,120,1,off	115563	POST	後処理タイミング 総5555ms: HF80=23ms HF67=38ms HF66=3ms 巡回研磨(厳密日割当+c1/c3/range/apt/fair+曜日/交互)=1644ms C1共同LNS=3233ms 個人共同LNS=614ms 最終検査+HF70=0ms
blocked_covu,120,1,off	115563	POST	後処理パス別 計5552ms: C1共同LNS=3233ms(58%) 個人回数共同LNS=559ms(10%) C1時系列フロー=512ms(9%) C1広域ビーム=468ms(8%) BlockRotationPolish=235ms(4%) ComponentRepair=190ms(3%) C1索引修復=55ms(0%) RangePolish=40ms(0%)
blocked_covu,120,1,off	115563	UnifiedCheck	合計=297 | HARD=4 [groupViol=0 c3n=1 covU=3 pref=0 c3w=0] | SOFT=293 [c1=51 c3m=8 c3mn=6 c42=6 covO=2 low=6 high=6 fair=11 weekly=197] (0ms)
blocked_covu,120,1,off	110146	C1Polish	期間要件(c1)研磨: c1 53->53 / total 296->296 HARD 4->4 採用0回(鏡像:0 自己:0 再配置:0) [頭打ち=改善手なし] 残存: 職員A 休(5日1回)(不採用×9 主因 c1:4 c3n:4), 職員B 休(5日1回)(不採用×7 主因 c3n:4 low:2), 職員C 休(5日1回)(不採用×5 主因 c1:3 c3n:2), 職員E Dﾃ(14日1回)(不採用×24 主因 c3n:22 low:2), 職員B 休(15日4回)(不採用×22 主因 c3n:12 c1:7), 職員E 休(5日1回)(不採用×30 主因 c3n:14 low:9), 職員F 休(5日1回)(不採用×5 主因 c1:3 low:1), 職員G Dﾃ(14日1回)(不採用×16 主因 c3n:14 low:1), 職員G 休(5日1回)(不採用×27 主因 c3n:12 c1:11), 職員E 休(15日4回)(不採用×32 主因 low:14 c3n:12), 職員I 休(5日1回)(不採用×23 主因 c3n:11 c1:9), 職員J 休(5日1回)(不採用×16 主因 c1:8 c3n:6), 職員I 休(15日4回)(不採用×25 主因 c3n:11 c1:9), 職員J 休(15日4回)(不採用×31 主因 c3n:14 c1:11), 職員A Dﾃ(14日1回)(不採用×9 主因 c3n:6 c3mn:2) / 結合候補: 手B×98 / 結合探索: 200通り試行/2ms→無駄打ち回避で早期終了
blocked_covu,120,1,off	111181	C1BeamPolish	期間要件(c1)研磨[ビーム K=16 steps=24/468ms/最良が20手更新されず打ち切り]: c1 53->53 / total 296->296 score 43637->43637 HARD 4->4 手数0 [探索結果が根に勝てず破棄]
blocked_covu,120,1,off	111453	C3mnPolish	回避パターン(c3mn)研磨: c3mn 5->5 / total 296->296 HARD 4->4 採用0回 [頭打ち=改善手なし] 不採用16件(必須増:1 重み悪化:15)(主因 c1:11 low:4 covU:1) 残存: 職員G, 職員I, 職員C / 結合候補: C3mnAlt×16 / 結合探索: 200通り試行/1ms→無駄打ち回避で早期終了
blocked_covu,120,1,off	115563	POST	後処理タイミング 総5555ms: HF80=23ms HF67=38ms HF66=3ms 巡回研磨(厳密日割当+c1/c3/range/apt/fair+曜日/交互)=1644ms C1共同LNS=3233ms 個人共同LNS=614ms 最終検査+HF70=0ms
blocked_covu,120,1,off	115563	POST	後処理パス別 計5552ms: C1共同LNS=3233ms(58%) 個人回数共同LNS=559ms(10%) C1時系列フロー=512ms(9%) C1広域ビーム=468ms(8%) BlockRotationPolish=235ms(4%) ComponentRepair=190ms(3%) C1索引修復=55ms(0%) RangePolish=40ms(0%)
blocked_covu,120,2,off	80710	V6Dispatcher	完了 algorithm=RSI HARD=4 total=317 elapsed=80157ms
blocked_covu,120,2,off	110523	V6Dispatcher	完了 algorithm=ALNS HARD=4 total=317 elapsed=29813ms
blocked_covu,120,2,off	111204	C1Polish	期間要件(c1)研磨: c1 58->58 / total 307->307 HARD 4->4 採用0回(鏡像:0 自己:0 再配置:0) [頭打ち=改善手なし] 残存: 職員B Dﾃ(14日1回)(不採用×19 主因 c3n:15 c3mn:2), 職員B 休(5日1回)(不採用×7 主因 c3n:4 low:2), 職員C 休(5日1回)(不採用×4 主因 c3n:2 covU:1), 職員E Dﾃ(14日1回)(不採用×17 主因 c3n:16 low:1), 職員B 休(15日4回)(不採用×23 主因 c3n:11 c1:6), 職員E 休(5日1回)(不採用×15 主因 c3n:7 low:4), 職員F 休(5日1回)(不採用×19 主因 c3n:8 low:6), 職員G Dﾃ(14日1回)(不採用×16 主因 c3n:16), 職員E 休(15日4回)(不採用×31 主因 c3n:14 low:8), 職員F 休(15日4回)(不採用×16 主因 c3n:8 c1:6), 職員I 休(5日1回)(不採用×32 主因 c3n:13 low:9), 職員J 休(5日1回)(不採用×9 主因 c1:4 c3n:4), 職員I 休(15日4回)(不採用×46 主因 c3n:21 low:9) / 結合候補: 手B×90 / 結合探索: 200通り試行/1ms→無駄打ち回避で早期終了
blocked_covu,120,2,off	112253	C1BeamPolish	期間要件(c1)研磨[ビーム K=16 steps=22/318ms/最良が20手更新されず打ち切り]: c1 58->58 / total 307->307 score 44398->44398 HARD 4->4 手数0 [探索結果が根に勝てず破棄]
blocked_covu,120,2,off	112498	C3mnPolish	回避パターン(c3mn)研磨: c3mn 4->4 / total 307->307 HARD 4->4 採用0回 [頭打ち=改善手なし] 不採用18件(重み悪化:18)(主因 c1:14 low:3 high:1) 残存: 職員E, 職員G, 職員C, 職員I / 結合候補: C3mnAlt×18 / 結合探索: 200通り試行/1ms→無駄打ち回避で早期終了
blocked_covu,120,2,off	112552	RangePolish	個人回数(low/high)玉突き研磨: low 4->2 / high 4->3 / total 307->311 HARD 4->4 採用2回（日割当:0 / 柔軟日割当:1） 対象: 職員A 休, 職員F B4 残存: 職員B B4(不採用×14 主因 c1:9 c3mn:2・range後回し×14・候補なし×12・希望固定×12・禁止連続×10), 職員C 休(希望固定×14: 8/1・8/3・8/5・8/7・8/12・8/21ほか1日・range後回し×13・不採用×9 主因 c1:5 low:4・候補なし×8), 職員C B4(希望固定×48: 8/3・8/5・8/7・柔軟日割当候補なし×2・日割当候補なし×2), 職員F 休(不採用×74 主因 c1:74・希望固定×42・禁止連続×10・柔軟日割当候補なし×2・日割当候補なし×2) / 結合候補: tryRelocate×143 / 結合探索: 200通り試行/1ms→無駄打ち回避で早期終了
blocked_covu,120,2,off	112784	FairPolish	グループ内公平化(fair)研磨: fair 12->12 / total 313->313 HARD 4->4 採用0回 [頭打ち=改善手なし] 不採用107件(重み悪化:107)(主因 c1:67 low:37 c3mn:1) 残存: 職員I 希, 職員B Dﾃ, 職員C Dﾃ, 職員C Aｱ, 職員C Cｱ, 職員E 希, 職員I Dﾃ, 職員J A4, 職員J Cｱ, 職員G 希, 職員J 希 / 結合候補: FairChain×107 / 結合探索: 200通り試行/1ms→無駄打ち回避で早期終了
blocked_covu,120,2,off	119547	POST	後処理タイミング 総8583ms: HF80=77ms HF67=28ms HF66=3ms 巡回研磨(厳密日割当+c1/c3/range/apt/fair+曜日/交互)=4740ms C1共同LNS=1569ms 個人共同LNS=2164ms 最終検査+HF70=2ms
blocked_covu,120,2,off	119551	POST	後処理パス別 計8522ms: 個人回数共同LNS=2050ms(24%) C1広域ビーム=1776ms(20%) C1共同LNS=1568ms(18%) C1時系列フロー=1289ms(15%) BlockRotationPolish=490ms(5%) ComponentRepair=329ms(3%) C1索引修復=193ms(2%) CyclicSwapPolish=122ms(1%)
blocked_covu,120,2,off	119543	UnifiedCheck	合計=305 | HARD=4 [groupViol=0 c3n=0 covU=4 pref=0 c3w=0] | SOFT=301 [c1=56 c3m=10 c3mn=4 c42=3 covO=2 low=2 high=3 fair=13 weekly=208] (0ms)
blocked_covu,120,2,off	111204	C1Polish	期間要件(c1)研磨: c1 58->58 / total 307->307 HARD 4->4 採用0回(鏡像:0 自己:0 再配置:0) [頭打ち=改善手なし] 残存: 職員B Dﾃ(14日1回)(不採用×19 主因 c3n:15 c3mn:2), 職員B 休(5日1回)(不採用×7 主因 c3n:4 low:2), 職員C 休(5日1回)(不採用×4 主因 c3n:2 covU:1), 職員E Dﾃ(14日1回)(不採用×17 主因 c3n:16 low:1), 職員B 休(15日4回)(不採用×23 主因 c3n:11 c1:6), 職員E 休(5日1回)(不採用×15 主因 c3n:7 low:4), 職員F 休(5日1回)(不採用×19 主因 c3n:8 low:6), 職員G Dﾃ(14日1回)(不採用×16 主因 c3n:16), 職員E 休(15日4回)(不採用×31 主因 c3n:14 low:8), 職員F 休(15日4回)(不採用×16 主因 c3n:8 c1:6), 職員I 休(5日1回)(不採用×32 主因 c3n:13 low:9), 職員J 休(5日1回)(不採用×9 主因 c1:4 c3n:4), 職員I 休(15日4回)(不採用×46 主因 c3n:21 low:9) / 結合候補: 手B×90 / 結合探索: 200通り試行/1ms→無駄打ち回避で早期終了
blocked_covu,120,2,off	112253	C1BeamPolish	期間要件(c1)研磨[ビーム K=16 steps=22/318ms/最良が20手更新されず打ち切り]: c1 58->58 / total 307->307 score 44398->44398 HARD 4->4 手数0 [探索結果が根に勝てず破棄]
blocked_covu,120,2,off	112498	C3mnPolish	回避パターン(c3mn)研磨: c3mn 4->4 / total 307->307 HARD 4->4 採用0回 [頭打ち=改善手なし] 不採用18件(重み悪化:18)(主因 c1:14 low:3 high:1) 残存: 職員E, 職員G, 職員C, 職員I / 結合候補: C3mnAlt×18 / 結合探索: 200通り試行/1ms→無駄打ち回避で早期終了
blocked_covu,120,2,off	112552	RangePolish	個人回数(low/high)玉突き研磨: low 4->2 / high 4->3 / total 307->311 HARD 4->4 採用2回（日割当:0 / 柔軟日割当:1） 対象: 職員A 休, 職員F B4 残存: 職員B B4(不採用×14 主因 c1:9 c3mn:2・range後回し×14・候補なし×12・希望固定×12・禁止連続×10), 職員C 休(希望固定×14: 8/1・8/3・8/5・8/7・8/12・8/21ほか1日・range後回し×13・不採用×9 主因 c1:5 low:4・候補なし×8), 職員C B4(希望固定×48: 8/3・8/5・8/7・柔軟日割当候補なし×2・日割当候補なし×2), 職員F 休(不採用×74 主因 c1:74・希望固定×42・禁止連続×10・柔軟日割当候補なし×2・日割当候補なし×2) / 結合候補: tryRelocate×143 / 結合探索: 200通り試行/1ms→無駄打ち回避で早期終了
blocked_covu,120,2,off	112784	FairPolish	グループ内公平化(fair)研磨: fair 12->12 / total 313->313 HARD 4->4 採用0回 [頭打ち=改善手なし] 不採用107件(重み悪化:107)(主因 c1:67 low:37 c3mn:1) 残存: 職員I 希, 職員B Dﾃ, 職員C Dﾃ, 職員C Aｱ, 職員C Cｱ, 職員E 希, 職員I Dﾃ, 職員J A4, 職員J Cｱ, 職員G 希, 職員J 希 / 結合候補: FairChain×107 / 結合探索: 200通り試行/1ms→無駄打ち回避で早期終了
blocked_covu,120,2,off	119547	POST	後処理タイミング 総8583ms: HF80=77ms HF67=28ms HF66=3ms 巡回研磨(厳密日割当+c1/c3/range/apt/fair+曜日/交互)=4740ms C1共同LNS=1569ms 個人共同LNS=2164ms 最終検査+HF70=2ms
blocked_covu,120,2,off	119551	POST	後処理パス別 計8522ms: 個人回数共同LNS=2050ms(24%) C1広域ビーム=1776ms(20%) C1共同LNS=1568ms(18%) C1時系列フロー=1289ms(15%) BlockRotationPolish=490ms(5%) ComponentRepair=329ms(3%) C1索引修復=193ms(2%) CyclicSwapPolish=122ms(1%)
blocked_covu,120,2,on	80020	V6Dispatcher	完了 algorithm=RSI HARD=4 total=309 elapsed=80017ms
blocked_covu,120,2,on	110001	V6Dispatcher	完了 algorithm=ALNS HARD=4 total=309 elapsed=29981ms
blocked_covu,120,2,on	110357	C1Polish	期間要件(c1)研磨: c1 66->57 / total 283->283 HARD 4->4 採用3回(鏡像:1 自己:0 再配置:0) 残存: 職員A 休(5日1回)(不採用×16 主因 low:6 c3n:6), 職員C 休(5日1回)(不採用×30 主因 c1:15 c3n:12), 職員E Dﾃ(14日1回)(不採用×36 主因 c3n:32 low:4), 職員E 休(5日1回)(不採用×38 主因 c3n:20 low:14), 職員F 休(5日1回)(不採用×26 主因 low:10 c3n:9), 職員G Dﾃ(14日1回)(不採用×45 主因 c3n:44 low:1), 職員G 休(5日1回)(不採用×25 主因 c3n:13 low:9), 職員F 休(15日4回)(不採用×56 主因 low:20 c3n:19), 職員I 休(5日1回)(不採用×68 主因 low:32 c3n:26), 職員G 休(15日4回)(不採用×38 主因 c3n:20 low:9), 職員J 休(5日1回)(不採用×26 主因 c1:10 c3n:10), 職員I 休(15日4回)(不採用×82 主因 low:31 c3n:30), 職員J 休(15日4回)(不採用×56 主因 c3n:26 c1:17) / 結合候補: 手B×193 / 結合探索: 200通り試行/2ms→無駄打ち回避で早期終了
blocked_covu,120,2,on	111071	C1BeamPolish	期間要件(c1)研磨[ビーム K=16 steps=26/379ms/最良が20手更新されず打ち切り]: c1 57->56 / total 283->283 score 43272->43136 HARD 4->4 手数6
blocked_covu,120,2,on	111221	FairPolish	グループ内公平化(fair)研磨: fair 14->14 / total 286->285 HARD 4->4 採用3回 対象: 職員B Aｱ, 職員B Cｱ, 職員B Dﾃ 不採用508件(ピン破り:2 重み悪化:498 同値:8)(主因 c1:295 low:183 c3mn:11) 残存: 職員I 希, 職員C A4, 職員B Aｱ, 職員C Cｱ, 職員E Cｱ, 職員E 希, 職員G Dﾃ, 職員G Aｱ, 職員I Aｱ, 職員J Cｵ, 職員I Cｱ, 職員G 希, 職員J 希 / 結合候補: FairChain×503 / 結合探索: 200通り試行/1ms→無駄打ち回避で早期終了
blocked_covu,120,2,on	116408	C1EjectionChain	期間要件(c1)玉突き連鎖[起点101/連鎖6936/採用0/評価571131/1199ms]: c1 53->53 score 42841->42841 HARD 4->4
blocked_covu,120,2,on	116932	POST	後処理タイミング 総6728ms: HF80=17ms HF67=23ms HF66=1ms 巡回研磨(厳密日割当+c1/c3/range/apt/fair+曜日/交互)=3456ms C1共同LNS=2706ms 個人共同LNS=524ms 最終検査+HF70=1ms
blocked_covu,120,2,on	116932	POST	後処理パス別 計6717ms: C1共同LNS=1501ms(22%) C1玉突き連鎖=1203ms(17%) C1広域ビーム=1118ms(16%) C1時系列フロー=978ms(14%) ComponentRepair=463ms(6%) 個人回数共同LNS=402ms(5%) BlockRotationPolish=318ms(4%) CyclicSwapPolish=120ms(1%)
blocked_covu,120,2,on	116931	UnifiedCheck	合計=280 | HARD=4 [groupViol=0 c3n=1 covU=3 pref=0 c3w=0] | SOFT=276 [c1=53 c3m=9 c3mn=4 c42=4 covO=3 low=2 high=3 fair=13 weekly=185] (0ms)
blocked_covu,120,2,on	110357	C1Polish	期間要件(c1)研磨: c1 66->57 / total 283->283 HARD 4->4 採用3回(鏡像:1 自己:0 再配置:0) 残存: 職員A 休(5日1回)(不採用×16 主因 low:6 c3n:6), 職員C 休(5日1回)(不採用×30 主因 c1:15 c3n:12), 職員E Dﾃ(14日1回)(不採用×36 主因 c3n:32 low:4), 職員E 休(5日1回)(不採用×38 主因 c3n:20 low:14), 職員F 休(5日1回)(不採用×26 主因 low:10 c3n:9), 職員G Dﾃ(14日1回)(不採用×45 主因 c3n:44 low:1), 職員G 休(5日1回)(不採用×25 主因 c3n:13 low:9), 職員F 休(15日4回)(不採用×56 主因 low:20 c3n:19), 職員I 休(5日1回)(不採用×68 主因 low:32 c3n:26), 職員G 休(15日4回)(不採用×38 主因 c3n:20 low:9), 職員J 休(5日1回)(不採用×26 主因 c1:10 c3n:10), 職員I 休(15日4回)(不採用×82 主因 low:31 c3n:30), 職員J 休(15日4回)(不採用×56 主因 c3n:26 c1:17) / 結合候補: 手B×193 / 結合探索: 200通り試行/2ms→無駄打ち回避で早期終了
blocked_covu,120,2,on	111071	C1BeamPolish	期間要件(c1)研磨[ビーム K=16 steps=26/379ms/最良が20手更新されず打ち切り]: c1 57->56 / total 283->283 score 43272->43136 HARD 4->4 手数6
blocked_covu,120,2,on	111221	FairPolish	グループ内公平化(fair)研磨: fair 14->14 / total 286->285 HARD 4->4 採用3回 対象: 職員B Aｱ, 職員B Cｱ, 職員B Dﾃ 不採用508件(ピン破り:2 重み悪化:498 同値:8)(主因 c1:295 low:183 c3mn:11) 残存: 職員I 希, 職員C A4, 職員B Aｱ, 職員C Cｱ, 職員E Cｱ, 職員E 希, 職員G Dﾃ, 職員G Aｱ, 職員I Aｱ, 職員J Cｵ, 職員I Cｱ, 職員G 希, 職員J 希 / 結合候補: FairChain×503 / 結合探索: 200通り試行/1ms→無駄打ち回避で早期終了
blocked_covu,120,2,on	116408	C1EjectionChain	期間要件(c1)玉突き連鎖[起点101/連鎖6936/採用0/評価571131/1199ms]: c1 53->53 score 42841->42841 HARD 4->4
blocked_covu,120,2,on	116932	POST	後処理タイミング 総6728ms: HF80=17ms HF67=23ms HF66=1ms 巡回研磨(厳密日割当+c1/c3/range/apt/fair+曜日/交互)=3456ms C1共同LNS=2706ms 個人共同LNS=524ms 最終検査+HF70=1ms
blocked_covu,120,2,on	116932	POST	後処理パス別 計6717ms: C1共同LNS=1501ms(22%) C1玉突き連鎖=1203ms(17%) C1広域ビーム=1118ms(16%) C1時系列フロー=978ms(14%) ComponentRepair=463ms(6%) 個人回数共同LNS=402ms(5%) BlockRotationPolish=318ms(4%) CyclicSwapPolish=120ms(1%)
blocked_covu,120,3,on	80018	V6Dispatcher	完了 algorithm=RSI HARD=4 total=310 elapsed=80015ms
blocked_covu,120,3,on	110001	V6Dispatcher	完了 algorithm=ALNS HARD=4 total=310 elapsed=29983ms
blocked_covu,120,3,on	110945	C1BeamPolish	期間要件(c1)研磨[ビーム K=16 steps=24/323ms/最良が20手更新されず打ち切り]: c1 62->62 / total 297->297 score 43467->43467 HARD 4->4 手数0 [探索結果が根に勝てず破棄]
blocked_covu,120,3,on	111160	RangePolish	個人回数(low/high)玉突き研磨: low 4->4 / high 4->4 / total 297->297 HARD 4->4 採用0回（日割当:0 / 柔軟日割当:0） [頭打ち=改善手なし] 残存: 職員B 休(候補なし×8・range後回し×6・不採用×5 主因 c1:3 low:1・希望固定×3), 職員C 休(range後回し×8・希望固定×7・候補なし×4・不採用×4 主因 low:4), 職員C B4(希望固定×24: 8/3・8/5・8/7・柔軟日割当候補なし×1・日割当候補なし×1), 職員F 休(不採用×32 主因 c1:32・希望固定×21・禁止連続×10・柔軟日割当候補なし×1・日割当候補なし×1), 職員I 休(禁止連続×23: 8/10・8/11・8/13・8/19・8/28・希望固定×14・不採用×12 主因 c1:12・柔軟日割当候補なし×1・日割当候補なし×1), 職員I B4(不採用×12 主因 c1:11 low:1・希望固定×7・候補なし×5・禁止連続×4・range後回し×3) / 結合候補: tryRelocate×82 / 結合探索: 200通り試行/1ms→無駄打ち回避で早期終了
blocked_covu,120,3,on	111224	FairPolish	グループ内公平化(fair)研磨: fair 14->14 / total 297->297 HARD 4->4 採用0回 [頭打ち=改善手なし] 不採用168件(重み悪化:164 同値:4)(主因 c1:93 low:60 weekly:5) 残存: 職員B A4, 職員I 希, 職員C Dﾃ, 職員B Cｱ, 職員C Cｱ, 職員E Cｱ, 職員E 希, 職員I Dﾃ, 職員I A4, 職員I Aｱ, 職員G 希, 職員J 希 / 結合候補: FairChain×166 / 結合探索: 200通り試行/1ms→無駄打ち回避で早期終了
blocked_covu,120,3,on	118536	C1EjectionChain	期間要件(c1)玉突き連鎖[起点36/連鎖2478/採用0/評価241646/487ms]: c1 52->52 score 43096->43096 HARD 4->4
blocked_covu,120,3,on	119191	POST	後処理タイミング 総9137ms: HF80=18ms HF67=23ms HF66=1ms 巡回研磨(厳密日割当+c1/c3/range/apt/fair+曜日/交互)=3483ms C1共同LNS=4957ms 個人共同LNS=654ms 最終検査+HF70=1ms
blocked_covu,120,3,on	119192	POST	後処理パス別 計9128ms: C1共同LNS=4470ms(48%) C1時系列フロー=1105ms(12%) C1広域ビーム=966ms(10%) 個人回数共同LNS=570ms(6%) C1玉突き連鎖=487ms(5%) BlockRotationPolish=455ms(4%) ComponentRepair=396ms(4%) C1索引修復=111ms(1%)
blocked_covu,120,3,on	119190	UnifiedCheck	合計=292 | HARD=4 [groupViol=0 c3n=1 covU=3 pref=0 c3w=0] | SOFT=288 [c1=52 c3m=8 c3mn=4 c42=3 covO=4 low=4 high=5 fair=12 weekly=196] (0ms)
blocked_covu,120,3,on	110945	C1BeamPolish	期間要件(c1)研磨[ビーム K=16 steps=24/323ms/最良が20手更新されず打ち切り]: c1 62->62 / total 297->297 score 43467->43467 HARD 4->4 手数0 [探索結果が根に勝てず破棄]
blocked_covu,120,3,on	111160	RangePolish	個人回数(low/high)玉突き研磨: low 4->4 / high 4->4 / total 297->297 HARD 4->4 採用0回（日割当:0 / 柔軟日割当:0） [頭打ち=改善手なし] 残存: 職員B 休(候補なし×8・range後回し×6・不採用×5 主因 c1:3 low:1・希望固定×3), 職員C 休(range後回し×8・希望固定×7・候補なし×4・不採用×4 主因 low:4), 職員C B4(希望固定×24: 8/3・8/5・8/7・柔軟日割当候補なし×1・日割当候補なし×1), 職員F 休(不採用×32 主因 c1:32・希望固定×21・禁止連続×10・柔軟日割当候補なし×1・日割当候補なし×1), 職員I 休(禁止連続×23: 8/10・8/11・8/13・8/19・8/28・希望固定×14・不採用×12 主因 c1:12・柔軟日割当候補なし×1・日割当候補なし×1), 職員I B4(不採用×12 主因 c1:11 low:1・希望固定×7・候補なし×5・禁止連続×4・range後回し×3) / 結合候補: tryRelocate×82 / 結合探索: 200通り試行/1ms→無駄打ち回避で早期終了
blocked_covu,120,3,on	111224	FairPolish	グループ内公平化(fair)研磨: fair 14->14 / total 297->297 HARD 4->4 採用0回 [頭打ち=改善手なし] 不採用168件(重み悪化:164 同値:4)(主因 c1:93 low:60 weekly:5) 残存: 職員B A4, 職員I 希, 職員C Dﾃ, 職員B Cｱ, 職員C Cｱ, 職員E Cｱ, 職員E 希, 職員I Dﾃ, 職員I A4, 職員I Aｱ, 職員G 希, 職員J 希 / 結合候補: FairChain×166 / 結合探索: 200通り試行/1ms→無駄打ち回避で早期終了
blocked_covu,120,3,on	118536	C1EjectionChain	期間要件(c1)玉突き連鎖[起点36/連鎖2478/採用0/評価241646/487ms]: c1 52->52 score 43096->43096 HARD 4->4
blocked_covu,120,3,on	119191	POST	後処理タイミング 総9137ms: HF80=18ms HF67=23ms HF66=1ms 巡回研磨(厳密日割当+c1/c3/range/apt/fair+曜日/交互)=3483ms C1共同LNS=4957ms 個人共同LNS=654ms 最終検査+HF70=1ms
blocked_covu,120,3,on	119192	POST	後処理パス別 計9128ms: C1共同LNS=4470ms(48%) C1時系列フロー=1105ms(12%) C1広域ビーム=966ms(10%) 個人回数共同LNS=570ms(6%) C1玉突き連鎖=487ms(5%) BlockRotationPolish=455ms(4%) ComponentRepair=396ms(4%) C1索引修復=111ms(1%)
blocked_covu,120,3,off	80013	V6Dispatcher	完了 algorithm=RSI HARD=4 total=318 elapsed=80010ms
blocked_covu,120,3,off	110000	V6Dispatcher	完了 algorithm=ALNS HARD=4 total=318 elapsed=29987ms
blocked_covu,120,3,off	110357	C1Polish	期間要件(c1)研磨: c1 64->64 / total 301->301 HARD 4->4 採用0回(鏡像:0 自己:0 再配置:0) [頭打ち=改善手なし] 残存: 職員A 休(5日1回)(不採用×9 主因 c3n:4 low:3), 職員B 休(5日1回)(不採用×8 主因 c3n:5 c1:3), 職員C 休(5日1回)(不採用×10 主因 c1:5 c3n:4), 職員E Dﾃ(14日1回)(不採用×30 主因 c3n:28 low:2), 職員B 休(15日4回)(不採用×20 主因 c1:11 c3n:9), 職員E 休(5日1回)(不採用×41 主因 c3n:18 low:13), 職員F 休(5日1回)(不採用×8 主因 c3n:4 low:2), 職員G Dﾃ(14日1回)(不採用×18 主因 c3n:18), 職員E 休(15日4回)(不採用×29 主因 c3n:14 c1:8), 職員F 休(15日4回)(不採用×23 主因 c3n:11 low:8), 職員I 休(5日1回)(不採用×20 主因 low:8 c3n:7), 職員J 休(5日1回)(不採用×14 主因 c1:7 c3n:5), 職員I 休(15日4回)(不採用×37 主因 low:13 c1:12), 職員J 休(15日4回)(不採用×32 主因 c1:13 c3n:12), 職員A Dﾃ(14日1回)(不採用×9 主因 c3n:7 low:1) / 結合候補: 手B×109 / 結合探索: 200通り試行/1ms→無駄打ち回避で早期終了
blocked_covu,120,3,off	111432	C1BeamPolish	期間要件(c1)研磨[ビーム K=16 steps=48/678ms/最良が20手更新されず打ち切り]: c1 64->64 / total 301->310 score 43550->43545 HARD 4->4 手数28
blocked_covu,120,3,off	111473	C3mnPolish	回避パターン(c3mn)研磨: c3mn 4->4 / total 309->309 HARD 4->4 採用0回 [頭打ち=改善手なし] 不採用17件(重み悪化:17)(主因 c1:15 low:1 c3mn:1) 残存: 職員E, 職員G, 職員B, 職員C / 結合候補: C3mnAlt×17 / 結合探索: 200通り試行/1ms→無駄打ち回避で早期終了
blocked_covu,120,3,off	117855	POST	後処理タイミング 総7624ms: HF80=19ms HF67=25ms HF66=1ms 巡回研磨(厳密日割当+c1/c3/range/apt/fair+曜日/交互)=4356ms C1共同LNS=1516ms 個人共同LNS=1706ms 最終検査+HF70=1ms
blocked_covu,120,3,off	117855	POST	後処理パス別 計7621ms: C1広域ビーム=2232ms(29%) 個人回数共同LNS=1526ms(20%) C1共同LNS=1516ms(19%) C1時系列フロー=986ms(12%) ComponentRepair=477ms(6%) BlockRotationPolish=273ms(3%) CyclicSwapPolish=113ms(1%) C1索引修復=109ms(1%)
blocked_covu,120,3,off	117854	UnifiedCheck	合計=294 | HARD=4 [groupViol=0 c3n=1 covU=3 pref=0 c3w=0] | SOFT=290 [c1=62 c3m=7 c3mn=4 c42=3 covO=3 low=2 high=2 fair=13 weekly=194] (0ms)
blocked_covu,120,3,off	110357	C1Polish	期間要件(c1)研磨: c1 64->64 / total 301->301 HARD 4->4 採用0回(鏡像:0 自己:0 再配置:0) [頭打ち=改善手なし] 残存: 職員A 休(5日1回)(不採用×9 主因 c3n:4 low:3), 職員B 休(5日1回)(不採用×8 主因 c3n:5 c1:3), 職員C 休(5日1回)(不採用×10 主因 c1:5 c3n:4), 職員E Dﾃ(14日1回)(不採用×30 主因 c3n:28 low:2), 職員B 休(15日4回)(不採用×20 主因 c1:11 c3n:9), 職員E 休(5日1回)(不採用×41 主因 c3n:18 low:13), 職員F 休(5日1回)(不採用×8 主因 c3n:4 low:2), 職員G Dﾃ(14日1回)(不採用×18 主因 c3n:18), 職員E 休(15日4回)(不採用×29 主因 c3n:14 c1:8), 職員F 休(15日4回)(不採用×23 主因 c3n:11 low:8), 職員I 休(5日1回)(不採用×20 主因 low:8 c3n:7), 職員J 休(5日1回)(不採用×14 主因 c1:7 c3n:5), 職員I 休(15日4回)(不採用×37 主因 low:13 c1:12), 職員J 休(15日4回)(不採用×32 主因 c1:13 c3n:12), 職員A Dﾃ(14日1回)(不採用×9 主因 c3n:7 low:1) / 結合候補: 手B×109 / 結合探索: 200通り試行/1ms→無駄打ち回避で早期終了
blocked_covu,120,3,off	111432	C1BeamPolish	期間要件(c1)研磨[ビーム K=16 steps=48/678ms/最良が20手更新されず打ち切り]: c1 64->64 / total 301->310 score 43550->43545 HARD 4->4 手数28
blocked_covu,120,3,off	111473	C3mnPolish	回避パターン(c3mn)研磨: c3mn 4->4 / total 309->309 HARD 4->4 採用0回 [頭打ち=改善手なし] 不採用17件(重み悪化:17)(主因 c1:15 low:1 c3mn:1) 残存: 職員E, 職員G, 職員B, 職員C / 結合候補: C3mnAlt×17 / 結合探索: 200通り試行/1ms→無駄打ち回避で早期終了
blocked_covu,120,3,off	117855	POST	後処理タイミング 総7624ms: HF80=19ms HF67=25ms HF66=1ms 巡回研磨(厳密日割当+c1/c3/range/apt/fair+曜日/交互)=4356ms C1共同LNS=1516ms 個人共同LNS=1706ms 最終検査+HF70=1ms
blocked_covu,120,3,off	117855	POST	後処理パス別 計7621ms: C1広域ビーム=2232ms(29%) 個人回数共同LNS=1526ms(20%) C1共同LNS=1516ms(19%) C1時系列フロー=986ms(12%) ComponentRepair=477ms(6%) BlockRotationPolish=273ms(3%) CyclicSwapPolish=113ms(1%) C1索引修復=109ms(1%)
sept2026,60,1,on	17030	V6Dispatcher	完了 algorithm=RSI HARD=0 total=399 elapsed=17028ms
sept2026,60,1,on	32035	V6Dispatcher	完了 algorithm=ALNS HARD=0 total=399 elapsed=15004ms
sept2026,60,1,on	33902	C1BeamPolish	期間要件(c1)研磨[ビーム K=16 steps=60/1135ms]: c1 79->79 / total 399->399 score 5237->5237 HARD 0->0 手数0 [探索結果が根に勝てず破棄]
sept2026,60,1,on	33983	RangePolish	個人回数(low/high)玉突き研磨: low 0->0 / high 8->8 / total 399->399 HARD 0->0 採用0回（日割当:0 / 柔軟日割当:0） [頭打ち=改善手なし] 残存: 職員A Dﾃ(禁止連続×10: 9/10・9/11・候補なし×8・希望固定×6・柔軟日割当候補なし×1・日割当候補なし×1), 職員D A4(不採用×9 主因 c1:9・希望固定×6・候補なし×3・柔軟日割当候補なし×1・日割当候補なし×1), 職員H Aｱ(不採用×5 主因 c1:5・range後回し×5・柔軟日割当候補なし×1・日割当候補なし×1) / 結合候補: tryRelocate×19 / 結合探索: 200通り試行/1ms→無駄打ち回避で早期終了
sept2026,60,1,on	34056	FairPolish	グループ内公平化(fair)研磨: fair 17->17 / total 399->399 HARD 0->0 採用0回 [頭打ち=改善手なし] 不採用197件(ピン破り:3 必須増:1 重み悪化:193)(主因 low:128 c1:61 c3m:3) 残存: 職員E 有, 職員B 休, 職員B Cｵ, 職員B Cｱ, 職員E Cｱ, 職員C B4, 職員E B4, 職員B 有, 職員C 有, 職員G Dﾃ, 職員I Aｱ, 職員I B4, 職員J B4, 職員G 有, 職員I 有 / 結合候補: FairChain×192 / 結合探索: 200通り試行/4ms→無駄打ち回避で早期終了
sept2026,60,1,on	37500	C1EjectionChain	期間要件(c1)玉突き連鎖[起点153/連鎖10557/採用0/評価882907/1841ms]: c1 79->79 score 5237->5237 HARD 0->0
sept2026,60,1,on	38163	POST	後処理タイミング 総5807ms: HF80=28ms HF67=28ms HF66=1ms 巡回研磨(厳密日割当+c1/c3/range/apt/fair+曜日/交互)=1736ms C1共同LNS=3351ms 個人共同LNS=662ms 最終検査+HF70=1ms
sept2026,60,1,on	38163	POST	後処理パス別 計5805ms: C1玉突き連鎖=1841ms(31%) C1共同LNS=1509ms(25%) C1広域ビーム=1136ms(19%) 個人回数共同LNS=618ms(10%) C1時系列フロー=229ms(3%) ComponentRepair=129ms(2%) C1索引修復=82ms(1%) BlockRotationPolish=52ms(0%)
sept2026,60,1,on	38163	UnifiedCheck	合計=399 | HARD=0 [groupViol=0 c3n=0 covU=0 pref=0 c3w=0] | SOFT=399 [c1=79 c3m=62 c42=3 covO=23 high=8 apt=5 fair=17 weekly=202] (0ms)
sept2026,60,1,on	33902	C1BeamPolish	期間要件(c1)研磨[ビーム K=16 steps=60/1135ms]: c1 79->79 / total 399->399 score 5237->5237 HARD 0->0 手数0 [探索結果が根に勝てず破棄]
sept2026,60,1,on	33983	RangePolish	個人回数(low/high)玉突き研磨: low 0->0 / high 8->8 / total 399->399 HARD 0->0 採用0回（日割当:0 / 柔軟日割当:0） [頭打ち=改善手なし] 残存: 職員A Dﾃ(禁止連続×10: 9/10・9/11・候補なし×8・希望固定×6・柔軟日割当候補なし×1・日割当候補なし×1), 職員D A4(不採用×9 主因 c1:9・希望固定×6・候補なし×3・柔軟日割当候補なし×1・日割当候補なし×1), 職員H Aｱ(不採用×5 主因 c1:5・range後回し×5・柔軟日割当候補なし×1・日割当候補なし×1) / 結合候補: tryRelocate×19 / 結合探索: 200通り試行/1ms→無駄打ち回避で早期終了
sept2026,60,1,on	34056	FairPolish	グループ内公平化(fair)研磨: fair 17->17 / total 399->399 HARD 0->0 採用0回 [頭打ち=改善手なし] 不採用197件(ピン破り:3 必須増:1 重み悪化:193)(主因 low:128 c1:61 c3m:3) 残存: 職員E 有, 職員B 休, 職員B Cｵ, 職員B Cｱ, 職員E Cｱ, 職員C B4, 職員E B4, 職員B 有, 職員C 有, 職員G Dﾃ, 職員I Aｱ, 職員I B4, 職員J B4, 職員G 有, 職員I 有 / 結合候補: FairChain×192 / 結合探索: 200通り試行/4ms→無駄打ち回避で早期終了
sept2026,60,1,on	37500	C1EjectionChain	期間要件(c1)玉突き連鎖[起点153/連鎖10557/採用0/評価882907/1841ms]: c1 79->79 score 5237->5237 HARD 0->0
sept2026,60,1,on	38163	POST	後処理タイミング 総5807ms: HF80=28ms HF67=28ms HF66=1ms 巡回研磨(厳密日割当+c1/c3/range/apt/fair+曜日/交互)=1736ms C1共同LNS=3351ms 個人共同LNS=662ms 最終検査+HF70=1ms
sept2026,60,1,on	38163	POST	後処理パス別 計5805ms: C1玉突き連鎖=1841ms(31%) C1共同LNS=1509ms(25%) C1広域ビーム=1136ms(19%) 個人回数共同LNS=618ms(10%) C1時系列フロー=229ms(3%) ComponentRepair=129ms(2%) C1索引修復=82ms(1%) BlockRotationPolish=52ms(0%)
sept2026,60,1,off	17017	V6Dispatcher	完了 algorithm=RSI HARD=0 total=399 elapsed=17015ms
sept2026,60,1,off	32021	V6Dispatcher	完了 algorithm=ALNS HARD=0 total=399 elapsed=15004ms
sept2026,60,1,off	33658	C1BeamPolish	期間要件(c1)研磨[ビーム K=16 steps=60/1139ms]: c1 79->79 / total 399->399 score 5237->5237 HARD 0->0 手数0 [探索結果が根に勝てず破棄]
sept2026,60,1,off	33742	RangePolish	個人回数(low/high)玉突き研磨: low 0->0 / high 8->8 / total 399->399 HARD 0->0 採用0回（日割当:0 / 柔軟日割当:0） [頭打ち=改善手なし] 残存: 職員A Dﾃ(禁止連続×10: 9/10・9/11・候補なし×8・希望固定×6・柔軟日割当候補なし×1・日割当候補なし×1), 職員D A4(不採用×8 主因 c1:7 low:1・希望固定×6・候補なし×3・柔軟日割当候補なし×1・range後回し×1・日割当候補なし×1), 職員H Aｱ(range後回し×6・不採用×4 主因 c1:4・柔軟日割当候補なし×1・日割当候補なし×1) / 結合候補: tryRelocate×19 / 結合探索: 200通り試行/1ms→無駄打ち回避で早期終了
sept2026,60,1,off	33818	FairPolish	グループ内公平化(fair)研磨: fair 17->17 / total 399->399 HARD 0->0 採用0回 [頭打ち=改善手なし] 不採用197件(ピン破り:2 必須増:1 重み悪化:194)(主因 low:128 c1:63 c3m:3) 残存: 職員E 有, 職員B 休, 職員B Cｵ, 職員B Cｱ, 職員E Cｱ, 職員C B4, 職員E B4, 職員B 有, 職員C 有, 職員G Dﾃ, 職員I Aｱ, 職員I B4, 職員J B4, 職員G 有, 職員I 有 / 結合候補: FairChain×192 / 結合探索: 200通り試行/6ms→無駄打ち回避で早期終了
sept2026,60,1,off	36095	POST	後処理タイミング 総3901ms: HF80=16ms HF67=15ms HF66=1ms 巡回研磨(厳密日割当+c1/c3/range/apt/fair+曜日/交互)=1712ms C1共同LNS=1502ms 個人共同LNS=654ms 最終検査+HF70=1ms
sept2026,60,1,off	36095	POST	後処理パス別 計3896ms: C1共同LNS=1502ms(38%) C1広域ビーム=1140ms(29%) 個人回数共同LNS=611ms(15%) C1時系列フロー=185ms(4%) ComponentRepair=153ms(3%) C1索引修復=64ms(1%) BlockRotationPolish=51ms(1%) C1同日交換=29ms(0%)
sept2026,60,1,off	36095	UnifiedCheck	合計=399 | HARD=0 [groupViol=0 c3n=0 covU=0 pref=0 c3w=0] | SOFT=399 [c1=79 c3m=62 c42=3 covO=23 high=8 apt=5 fair=17 weekly=202] (0ms)
sept2026,60,1,off	33658	C1BeamPolish	期間要件(c1)研磨[ビーム K=16 steps=60/1139ms]: c1 79->79 / total 399->399 score 5237->5237 HARD 0->0 手数0 [探索結果が根に勝てず破棄]
sept2026,60,1,off	33742	RangePolish	個人回数(low/high)玉突き研磨: low 0->0 / high 8->8 / total 399->399 HARD 0->0 採用0回（日割当:0 / 柔軟日割当:0） [頭打ち=改善手なし] 残存: 職員A Dﾃ(禁止連続×10: 9/10・9/11・候補なし×8・希望固定×6・柔軟日割当候補なし×1・日割当候補なし×1), 職員D A4(不採用×8 主因 c1:7 low:1・希望固定×6・候補なし×3・柔軟日割当候補なし×1・range後回し×1・日割当候補なし×1), 職員H Aｱ(range後回し×6・不採用×4 主因 c1:4・柔軟日割当候補なし×1・日割当候補なし×1) / 結合候補: tryRelocate×19 / 結合探索: 200通り試行/1ms→無駄打ち回避で早期終了
sept2026,60,1,off	33818	FairPolish	グループ内公平化(fair)研磨: fair 17->17 / total 399->399 HARD 0->0 採用0回 [頭打ち=改善手なし] 不採用197件(ピン破り:2 必須増:1 重み悪化:194)(主因 low:128 c1:63 c3m:3) 残存: 職員E 有, 職員B 休, 職員B Cｵ, 職員B Cｱ, 職員E Cｱ, 職員C B4, 職員E B4, 職員B 有, 職員C 有, 職員G Dﾃ, 職員I Aｱ, 職員I B4, 職員J B4, 職員G 有, 職員I 有 / 結合候補: FairChain×192 / 結合探索: 200通り試行/6ms→無駄打ち回避で早期終了
sept2026,60,1,off	36095	POST	後処理タイミング 総3901ms: HF80=16ms HF67=15ms HF66=1ms 巡回研磨(厳密日割当+c1/c3/range/apt/fair+曜日/交互)=1712ms C1共同LNS=1502ms 個人共同LNS=654ms 最終検査+HF70=1ms
sept2026,60,1,off	36095	POST	後処理パス別 計3896ms: C1共同LNS=1502ms(38%) C1広域ビーム=1140ms(29%) 個人回数共同LNS=611ms(15%) C1時系列フロー=185ms(4%) ComponentRepair=153ms(3%) C1索引修復=64ms(1%) BlockRotationPolish=51ms(1%) C1同日交換=29ms(0%)
sept2026,60,2,off	17018	V6Dispatcher	完了 algorithm=RSI HARD=0 total=399 elapsed=17017ms
sept2026,60,2,off	19022	V6Dispatcher	完了 algorithm=ALNS HARD=0 total=399 elapsed=2004ms
sept2026,60,2,off	19164	C1Polish	期間要件(c1)研磨: c1 79->79 / total 399->399 HARD 0->0 採用0回(鏡像:0 自己:0 再配置:0) [頭打ち=改善手なし] 残存: 職員A 休(4日1回)(不採用×7 主因 c1:4 c3n:2), 職員B 休(4日1回)(不採用×15 主因 low:9 c3n:4), 職員C 休(4日1回)(不採用×23 主因 low:12 c3n:9), 職員B 休(14日4回)(不採用×30 主因 low:16 c3n:9), 職員C 休(14日4回)(不採用×21 主因 low:11 c3n:8), 職員E 休(4日1回)(不採用×18 主因 low:11 c3n:7), 職員F 休(4日1回)(不採用×16 主因 low:10 c3n:4), 職員E 休(14日4回)(不採用×17 主因 low:11 c3n:6), 職員G 休(4日1回)(不採用×9 主因 low:5 c3n:4), 職員G 休(14日4回)(不採用×29 主因 low:14 c3n:13), 職員I 休(4日1回)(不採用×31 主因 c3n:14 low:9), 職員J 休(4日1回)(不採用×17 主因 c1:7 c3n:6), 職員I 休(14日4回)(不採用×45 主因 c3n:21 low:16) / 結合候補: 手B×127 / 結合探索: 200通り試行/1ms→無駄打ち回避で早期終了
sept2026,60,2,off	20658	C1BeamPolish	期間要件(c1)研磨[ビーム K=16 steps=60/1165ms]: c1 71->71 / total 406->406 score 5140->5140 HARD 0->0 手数0 [探索結果が根に勝てず破棄]
sept2026,60,2,off	20697	RangePolish	個人回数(low/high)玉突き研磨: low 1->1 / high 9->9 / total 406->406 HARD 0->0 採用0回（日割当:0 / 柔軟日割当:0） [頭打ち=改善手なし] 残存: 職員A Dﾃ(禁止連続×10: 9/10・9/11・候補なし×8・希望固定×6・柔軟日割当候補なし×1・日割当候補なし×1), 職員D A4(不採用×8 主因 c1:6 low:2・希望固定×6・候補なし×3・柔軟日割当候補なし×1・range後回し×1・日割当候補なし×1), 職員E Cｵ(希望固定×12: 9/1・9/3・9/10・9/12・9/13・9/14ほか6日・禁止連続×5・不採用×4 主因 c1:3 low:1・range後回し×4), 職員H Aｱ(不採用×6 主因 c1:5 low:1・range後回し×6・柔軟日割当候補なし×1・日割当候補なし×1) / 結合候補: tryRelocate×29 / 結合探索: 200通り試行/2ms→無駄打ち回避で早期終了
sept2026,60,2,off	20760	FairPolish	グループ内公平化(fair)研磨: fair 19->19 / total 406->406 HARD 0->0 採用0回 [頭打ち=改善手なし] 不採用203件(ピン破り:1 重み悪化:201 同値:1)(主因 low:106 c1:91 c3m:2) 残存: 職員E 有, 職員B 休, 職員B Cｵ, 職員C 休, 職員E Cｱ, 職員C B4, 職員E B4, 職員B 有, 職員C 有, 職員G Dﾃ, 職員I Cｱ, 職員I B4, 職員J B4, 職員G 有, 職員I 有 / 結合候補: FairChain×200 / 結合探索: 200通り試行/4ms→無駄打ち回避で早期終了
sept2026,60,2,off	26371	POST	後処理タイミング 総7291ms: HF80=26ms HF67=16ms HF66=1ms 巡回研磨(厳密日割当+c1/c3/range/apt/fair+曜日/交互)=5086ms C1共同LNS=1509ms 個人共同LNS=652ms 最終検査+HF70=1ms
sept2026,60,2,off	26371	POST	後処理パス別 計7285ms: C1広域ビーム=3411ms(46%) C1共同LNS=1509ms(20%) C1時系列フロー=590ms(8%) 個人回数共同LNS=560ms(7%) ComponentRepair=354ms(4%) C1索引修復=226ms(3%) BlockRotationPolish=99ms(1%) C1同日交換=94ms(1%)
sept2026,60,2,off	26370	UnifiedCheck	合計=401 | HARD=0 [groupViol=0 c3n=0 covU=0 pref=0 c3w=0] | SOFT=401 [c1=69 c3m=59 c3mn=1 c42=4 covO=23 low=1 high=9 apt=6 fair=19 weekly=210] (0ms)
sept2026,60,2,off	19164	C1Polish	期間要件(c1)研磨: c1 79->79 / total 399->399 HARD 0->0 採用0回(鏡像:0 自己:0 再配置:0) [頭打ち=改善手なし] 残存: 職員A 休(4日1回)(不採用×7 主因 c1:4 c3n:2), 職員B 休(4日1回)(不採用×15 主因 low:9 c3n:4), 職員C 休(4日1回)(不採用×23 主因 low:12 c3n:9), 職員B 休(14日4回)(不採用×30 主因 low:16 c3n:9), 職員C 休(14日4回)(不採用×21 主因 low:11 c3n:8), 職員E 休(4日1回)(不採用×18 主因 low:11 c3n:7), 職員F 休(4日1回)(不採用×16 主因 low:10 c3n:4), 職員E 休(14日4回)(不採用×17 主因 low:11 c3n:6), 職員G 休(4日1回)(不採用×9 主因 low:5 c3n:4), 職員G 休(14日4回)(不採用×29 主因 low:14 c3n:13), 職員I 休(4日1回)(不採用×31 主因 c3n:14 low:9), 職員J 休(4日1回)(不採用×17 主因 c1:7 c3n:6), 職員I 休(14日4回)(不採用×45 主因 c3n:21 low:16) / 結合候補: 手B×127 / 結合探索: 200通り試行/1ms→無駄打ち回避で早期終了
sept2026,60,2,off	20658	C1BeamPolish	期間要件(c1)研磨[ビーム K=16 steps=60/1165ms]: c1 71->71 / total 406->406 score 5140->5140 HARD 0->0 手数0 [探索結果が根に勝てず破棄]
sept2026,60,2,off	20697	RangePolish	個人回数(low/high)玉突き研磨: low 1->1 / high 9->9 / total 406->406 HARD 0->0 採用0回（日割当:0 / 柔軟日割当:0） [頭打ち=改善手なし] 残存: 職員A Dﾃ(禁止連続×10: 9/10・9/11・候補なし×8・希望固定×6・柔軟日割当候補なし×1・日割当候補なし×1), 職員D A4(不採用×8 主因 c1:6 low:2・希望固定×6・候補なし×3・柔軟日割当候補なし×1・range後回し×1・日割当候補なし×1), 職員E Cｵ(希望固定×12: 9/1・9/3・9/10・9/12・9/13・9/14ほか6日・禁止連続×5・不採用×4 主因 c1:3 low:1・range後回し×4), 職員H Aｱ(不採用×6 主因 c1:5 low:1・range後回し×6・柔軟日割当候補なし×1・日割当候補なし×1) / 結合候補: tryRelocate×29 / 結合探索: 200通り試行/2ms→無駄打ち回避で早期終了
sept2026,60,2,off	20760	FairPolish	グループ内公平化(fair)研磨: fair 19->19 / total 406->406 HARD 0->0 採用0回 [頭打ち=改善手なし] 不採用203件(ピン破り:1 重み悪化:201 同値:1)(主因 low:106 c1:91 c3m:2) 残存: 職員E 有, 職員B 休, 職員B Cｵ, 職員C 休, 職員E Cｱ, 職員C B4, 職員E B4, 職員B 有, 職員C 有, 職員G Dﾃ, 職員I Cｱ, 職員I B4, 職員J B4, 職員G 有, 職員I 有 / 結合候補: FairChain×200 / 結合探索: 200通り試行/4ms→無駄打ち回避で早期終了
sept2026,60,2,off	26371	POST	後処理タイミング 総7291ms: HF80=26ms HF67=16ms HF66=1ms 巡回研磨(厳密日割当+c1/c3/range/apt/fair+曜日/交互)=5086ms C1共同LNS=1509ms 個人共同LNS=652ms 最終検査+HF70=1ms
sept2026,60,2,off	26371	POST	後処理パス別 計7285ms: C1広域ビーム=3411ms(46%) C1共同LNS=1509ms(20%) C1時系列フロー=590ms(8%) 個人回数共同LNS=560ms(7%) ComponentRepair=354ms(4%) C1索引修復=226ms(3%) BlockRotationPolish=99ms(1%) C1同日交換=94ms(1%)
sept2026,60,2,on	17021	V6Dispatcher	完了 algorithm=RSI HARD=0 total=399 elapsed=17019ms
sept2026,60,2,on	19024	V6Dispatcher	完了 algorithm=ALNS HARD=0 total=399 elapsed=2003ms
sept2026,60,2,on	19172	C1Polish	期間要件(c1)研磨: c1 79->79 / total 399->399 HARD 0->0 採用0回(鏡像:0 自己:0 再配置:0) [頭打ち=改善手なし] 残存: 職員A 休(4日1回)(不採用×7 主因 c1:3 low:2), 職員B 休(4日1回)(不採用×15 主因 low:9 c3n:4), 職員C 休(4日1回)(不採用×23 主因 low:12 c3n:9), 職員B 休(14日4回)(不採用×30 主因 low:16 c3n:9), 職員C 休(14日4回)(不採用×21 主因 low:11 c3n:8), 職員E 休(4日1回)(不採用×18 主因 low:11 c3n:7), 職員F 休(4日1回)(不採用×16 主因 low:10 c3n:4), 職員E 休(14日4回)(不採用×17 主因 low:11 c3n:6), 職員G 休(4日1回)(不採用×9 主因 low:5 c3n:4), 職員G 休(14日4回)(不採用×30 主因 low:15 c3n:13), 職員I 休(4日1回)(不採用×32 主因 c3n:14 low:10), 職員J 休(4日1回)(不採用×17 主因 c1:7 c3n:6), 職員I 休(14日4回)(不採用×44 主因 c3n:21 low:16) / 結合候補: 手B×127 / 結合探索: 200通り試行/1ms→無駄打ち回避で早期終了
sept2026,60,2,on	20391	C1BeamPolish	期間要件(c1)研磨[ビーム K=16 steps=60/971ms]: c1 79->79 / total 399->399 score 5237->5237 HARD 0->0 手数0 [探索結果が根に勝てず破棄]
sept2026,60,2,on	20521	FairPolish	グループ内公平化(fair)研磨: fair 17->17 / total 399->399 HARD 0->0 採用0回 [頭打ち=改善手なし] 不採用197件(ピン破り:1 必須増:1 重み悪化:195)(主因 low:126 c1:64 c3m:4) 残存: 職員E 有, 職員B 休, 職員B Cｵ, 職員B Cｱ, 職員E Cｱ, 職員C B4, 職員E B4, 職員B 有, 職員C 有, 職員G Dﾃ, 職員I Aｱ, 職員I B4, 職員J B4, 職員G 有, 職員I 有 / 結合候補: FairChain×192 / 結合探索: 200通り試行/3ms→無駄打ち回避で早期終了
sept2026,60,2,on	23804	C1EjectionChain	期間要件(c1)玉突き連鎖[起点153/連鎖10557/採用0/評価882907/1669ms]: c1 79->79 score 5237->5237 HARD 0->0
sept2026,60,2,on	24358	POST	後処理タイミング 総5252ms: HF80=15ms HF67=17ms HF66=1ms 巡回研磨(厳密日割当+c1/c3/range/apt/fair+曜日/交互)=1472ms C1共同LNS=3194ms 個人共同LNS=553ms 最終検査+HF70=0ms
sept2026,60,2,on	24358	POST	後処理パス別 計5251ms: C1玉突き連鎖=1669ms(31%) C1共同LNS=1525ms(29%) C1広域ビーム=971ms(18%) 個人回数共同LNS=513ms(9%) C1時系列フロー=188ms(3%) ComponentRepair=123ms(2%) C1索引修復=60ms(1%) BlockRotationPolish=46ms(0%)
sept2026,60,2,on	24357	UnifiedCheck	合計=399 | HARD=0 [groupViol=0 c3n=0 covU=0 pref=0 c3w=0] | SOFT=399 [c1=79 c3m=62 c42=3 covO=23 high=8 apt=5 fair=17 weekly=202] (0ms)
sept2026,60,2,on	19172	C1Polish	期間要件(c1)研磨: c1 79->79 / total 399->399 HARD 0->0 採用0回(鏡像:0 自己:0 再配置:0) [頭打ち=改善手なし] 残存: 職員A 休(4日1回)(不採用×7 主因 c1:3 low:2), 職員B 休(4日1回)(不採用×15 主因 low:9 c3n:4), 職員C 休(4日1回)(不採用×23 主因 low:12 c3n:9), 職員B 休(14日4回)(不採用×30 主因 low:16 c3n:9), 職員C 休(14日4回)(不採用×21 主因 low:11 c3n:8), 職員E 休(4日1回)(不採用×18 主因 low:11 c3n:7), 職員F 休(4日1回)(不採用×16 主因 low:10 c3n:4), 職員E 休(14日4回)(不採用×17 主因 low:11 c3n:6), 職員G 休(4日1回)(不採用×9 主因 low:5 c3n:4), 職員G 休(14日4回)(不採用×30 主因 low:15 c3n:13), 職員I 休(4日1回)(不採用×32 主因 c3n:14 low:10), 職員J 休(4日1回)(不採用×17 主因 c1:7 c3n:6), 職員I 休(14日4回)(不採用×44 主因 c3n:21 low:16) / 結合候補: 手B×127 / 結合探索: 200通り試行/1ms→無駄打ち回避で早期終了
sept2026,60,2,on	20391	C1BeamPolish	期間要件(c1)研磨[ビーム K=16 steps=60/971ms]: c1 79->79 / total 399->399 score 5237->5237 HARD 0->0 手数0 [探索結果が根に勝てず破棄]
sept2026,60,2,on	20521	FairPolish	グループ内公平化(fair)研磨: fair 17->17 / total 399->399 HARD 0->0 採用0回 [頭打ち=改善手なし] 不採用197件(ピン破り:1 必須増:1 重み悪化:195)(主因 low:126 c1:64 c3m:4) 残存: 職員E 有, 職員B 休, 職員B Cｵ, 職員B Cｱ, 職員E Cｱ, 職員C B4, 職員E B4, 職員B 有, 職員C 有, 職員G Dﾃ, 職員I Aｱ, 職員I B4, 職員J B4, 職員G 有, 職員I 有 / 結合候補: FairChain×192 / 結合探索: 200通り試行/3ms→無駄打ち回避で早期終了
sept2026,60,2,on	23804	C1EjectionChain	期間要件(c1)玉突き連鎖[起点153/連鎖10557/採用0/評価882907/1669ms]: c1 79->79 score 5237->5237 HARD 0->0
sept2026,60,2,on	24358	POST	後処理タイミング 総5252ms: HF80=15ms HF67=17ms HF66=1ms 巡回研磨(厳密日割当+c1/c3/range/apt/fair+曜日/交互)=1472ms C1共同LNS=3194ms 個人共同LNS=553ms 最終検査+HF70=0ms
sept2026,60,2,on	24358	POST	後処理パス別 計5251ms: C1玉突き連鎖=1669ms(31%) C1共同LNS=1525ms(29%) C1広域ビーム=971ms(18%) 個人回数共同LNS=513ms(9%) C1時系列フロー=188ms(3%) ComponentRepair=123ms(2%) C1索引修復=60ms(1%) BlockRotationPolish=46ms(0%)
sept2026,60,3,on	17016	V6Dispatcher	完了 algorithm=RSI HARD=0 total=399 elapsed=17015ms
sept2026,60,3,on	19020	V6Dispatcher	完了 algorithm=ALNS HARD=0 total=399 elapsed=2004ms
sept2026,60,3,on	20466	C1BeamPolish	期間要件(c1)研磨[ビーム K=16 steps=60/1007ms]: c1 71->71 / total 406->406 score 5140->5140 HARD 0->0 手数0 [探索結果が根に勝てず破棄]
sept2026,60,3,on	20502	RangePolish	個人回数(low/high)玉突き研磨: low 1->1 / high 9->9 / total 406->406 HARD 0->0 採用0回（日割当:0 / 柔軟日割当:0） [頭打ち=改善手なし] 残存: 職員A Dﾃ(禁止連続×10: 9/10・9/11・候補なし×8・希望固定×6・柔軟日割当候補なし×1・日割当候補なし×1), 職員D A4(不採用×8 主因 c1:6 low:2・希望固定×6・候補なし×3・柔軟日割当候補なし×1・range後回し×1・日割当候補なし×1), 職員E Cｵ(希望固定×12: 9/1・9/3・9/10・9/12・9/13・9/14ほか6日・禁止連続×5・不採用×4 主因 low:2 c1:2・range後回し×4), 職員H Aｱ(range後回し×8・不採用×4 主因 c1:4・柔軟日割当候補なし×1・日割当候補なし×1) / 結合候補: tryRelocate×29 / 結合探索: 200通り試行/2ms→無駄打ち回避で早期終了
sept2026,60,3,on	20564	FairPolish	グループ内公平化(fair)研磨: fair 18->18 / total 402->402 HARD 0->0 採用0回 [頭打ち=改善手なし] 不採用176件(重み悪化:176)(主因 low:96 c1:78 c3m:1) 残存: 職員E 有, 職員B 休, 職員C 休, 職員E Cｵ, 職員B Cｱ, 職員E Cｱ, 職員E B4, 職員B 有, 職員C 有, 職員G Dﾃ, 職員I Cｱ, 職員J Cｱ, 職員I B4, 職員G 有, 職員I 有 / 結合候補: FairChain×172 / 結合探索: 200通り試行/3ms→無駄打ち回避で早期終了
sept2026,60,3,on	27245	C1EjectionChain	期間要件(c1)玉突き連鎖[起点135/連鎖9315/採用0/評価794838/1679ms]: c1 69->69 score 4987->4987 HARD 0->0
sept2026,60,3,on	27811	POST	後処理タイミング 総8728ms: HF80=13ms HF67=16ms HF66=0ms 巡回研磨(厳密日割当+c1/c3/range/apt/fair+曜日/交互)=4949ms C1共同LNS=3184ms 個人共同LNS=566ms 最終検査+HF70=0ms
sept2026,60,3,on	27811	POST	後処理パス別 計8723ms: C1広域ビーム=3278ms(37%) C1玉突き連鎖=1679ms(19%) C1共同LNS=1505ms(17%) C1時系列フロー=562ms(6%) 個人回数共同LNS=509ms(5%) ComponentRepair=328ms(3%) C1索引修復=262ms(3%) C1同日交換=104ms(1%)
sept2026,60,3,on	27811	UnifiedCheck	合計=401 | HARD=0 [groupViol=0 c3n=0 covU=0 pref=0 c3w=0] | SOFT=401 [c1=69 c3m=59 c3mn=1 c42=4 covO=23 low=1 high=9 apt=6 fair=19 weekly=210] (0ms)
sept2026,60,3,on	20466	C1BeamPolish	期間要件(c1)研磨[ビーム K=16 steps=60/1007ms]: c1 71->71 / total 406->406 score 5140->5140 HARD 0->0 手数0 [探索結果が根に勝てず破棄]
sept2026,60,3,on	20502	RangePolish	個人回数(low/high)玉突き研磨: low 1->1 / high 9->9 / total 406->406 HARD 0->0 採用0回（日割当:0 / 柔軟日割当:0） [頭打ち=改善手なし] 残存: 職員A Dﾃ(禁止連続×10: 9/10・9/11・候補なし×8・希望固定×6・柔軟日割当候補なし×1・日割当候補なし×1), 職員D A4(不採用×8 主因 c1:6 low:2・希望固定×6・候補なし×3・柔軟日割当候補なし×1・range後回し×1・日割当候補なし×1), 職員E Cｵ(希望固定×12: 9/1・9/3・9/10・9/12・9/13・9/14ほか6日・禁止連続×5・不採用×4 主因 low:2 c1:2・range後回し×4), 職員H Aｱ(range後回し×8・不採用×4 主因 c1:4・柔軟日割当候補なし×1・日割当候補なし×1) / 結合候補: tryRelocate×29 / 結合探索: 200通り試行/2ms→無駄打ち回避で早期終了
sept2026,60,3,on	20564	FairPolish	グループ内公平化(fair)研磨: fair 18->18 / total 402->402 HARD 0->0 採用0回 [頭打ち=改善手なし] 不採用176件(重み悪化:176)(主因 low:96 c1:78 c3m:1) 残存: 職員E 有, 職員B 休, 職員C 休, 職員E Cｵ, 職員B Cｱ, 職員E Cｱ, 職員E B4, 職員B 有, 職員C 有, 職員G Dﾃ, 職員I Cｱ, 職員J Cｱ, 職員I B4, 職員G 有, 職員I 有 / 結合候補: FairChain×172 / 結合探索: 200通り試行/3ms→無駄打ち回避で早期終了
sept2026,60,3,on	27245	C1EjectionChain	期間要件(c1)玉突き連鎖[起点135/連鎖9315/採用0/評価794838/1679ms]: c1 69->69 score 4987->4987 HARD 0->0
sept2026,60,3,on	27811	POST	後処理タイミング 総8728ms: HF80=13ms HF67=16ms HF66=0ms 巡回研磨(厳密日割当+c1/c3/range/apt/fair+曜日/交互)=4949ms C1共同LNS=3184ms 個人共同LNS=566ms 最終検査+HF70=0ms
sept2026,60,3,on	27811	POST	後処理パス別 計8723ms: C1広域ビーム=3278ms(37%) C1玉突き連鎖=1679ms(19%) C1共同LNS=1505ms(17%) C1時系列フロー=562ms(6%) 個人回数共同LNS=509ms(5%) ComponentRepair=328ms(3%) C1索引修復=262ms(3%) C1同日交換=104ms(1%)
sept2026,60,3,off	17026	V6Dispatcher	完了 algorithm=RSI HARD=0 total=399 elapsed=17025ms
sept2026,60,3,off	19030	V6Dispatcher	完了 algorithm=ALNS HARD=0 total=399 elapsed=2004ms
sept2026,60,3,off	20630	C1BeamPolish	期間要件(c1)研磨[ビーム K=16 steps=60/1176ms]: c1 79->79 / total 399->399 score 5237->5237 HARD 0->0 手数0 [探索結果が根に勝てず破棄]
sept2026,60,3,off	20697	RangePolish	個人回数(low/high)玉突き研磨: low 0->0 / high 8->8 / total 399->399 HARD 0->0 採用0回（日割当:0 / 柔軟日割当:0） [頭打ち=改善手なし] 残存: 職員A Dﾃ(禁止連続×10: 9/10・9/11・候補なし×8・希望固定×6・柔軟日割当候補なし×1・日割当候補なし×1), 職員D A4(不採用×8 主因 c1:8・希望固定×6・候補なし×3・柔軟日割当候補なし×1・range後回し×1・日割当候補なし×1), 職員H Aｱ(不採用×6 主因 c1:6・range後回し×4・柔軟日割当候補なし×1・日割当候補なし×1) / 結合候補: tryRelocate×19 / 結合探索: 200通り試行/1ms→無駄打ち回避で早期終了
sept2026,60,3,off	20757	FairPolish	グループ内公平化(fair)研磨: fair 17->17 / total 399->399 HARD 0->0 採用0回 [頭打ち=改善手なし] 不採用197件(ピン破り:1 重み悪化:196)(主因 low:126 c1:65 c3m:5) 残存: 職員E 有, 職員B 休, 職員B Cｵ, 職員B Cｱ, 職員E Cｱ, 職員C B4, 職員E B4, 職員B 有, 職員C 有, 職員G Dﾃ, 職員I Aｱ, 職員I B4, 職員J B4, 職員G 有, 職員I 有 / 結合候補: FairChain×192 / 結合探索: 200通り試行/4ms→無駄打ち回避で早期終了
sept2026,60,3,off	22844	POST	後処理タイミング 総3746ms: HF80=15ms HF67=15ms HF66=1ms 巡回研磨(厳密日割当+c1/c3/range/apt/fair+曜日/交互)=1718ms C1共同LNS=1386ms 個人共同LNS=611ms 最終検査+HF70=0ms
sept2026,60,3,off	22844	POST	後処理パス別 計3745ms: C1共同LNS=1386ms(37%) C1広域ビーム=1176ms(31%) 個人回数共同LNS=567ms(15%) C1時系列フロー=226ms(6%) ComponentRepair=127ms(3%) C1索引修復=67ms(1%) BlockRotationPolish=43ms(1%) C1同日交換=21ms(0%)
sept2026,60,3,off	22844	UnifiedCheck	合計=399 | HARD=0 [groupViol=0 c3n=0 covU=0 pref=0 c3w=0] | SOFT=399 [c1=79 c3m=62 c42=3 covO=23 high=8 apt=5 fair=17 weekly=202] (0ms)
sept2026,60,3,off	20630	C1BeamPolish	期間要件(c1)研磨[ビーム K=16 steps=60/1176ms]: c1 79->79 / total 399->399 score 5237->5237 HARD 0->0 手数0 [探索結果が根に勝てず破棄]
sept2026,60,3,off	20697	RangePolish	個人回数(low/high)玉突き研磨: low 0->0 / high 8->8 / total 399->399 HARD 0->0 採用0回（日割当:0 / 柔軟日割当:0） [頭打ち=改善手なし] 残存: 職員A Dﾃ(禁止連続×10: 9/10・9/11・候補なし×8・希望固定×6・柔軟日割当候補なし×1・日割当候補なし×1), 職員D A4(不採用×8 主因 c1:8・希望固定×6・候補なし×3・柔軟日割当候補なし×1・range後回し×1・日割当候補なし×1), 職員H Aｱ(不採用×6 主因 c1:6・range後回し×4・柔軟日割当候補なし×1・日割当候補なし×1) / 結合候補: tryRelocate×19 / 結合探索: 200通り試行/1ms→無駄打ち回避で早期終了
sept2026,60,3,off	20757	FairPolish	グループ内公平化(fair)研磨: fair 17->17 / total 399->399 HARD 0->0 採用0回 [頭打ち=改善手なし] 不採用197件(ピン破り:1 重み悪化:196)(主因 low:126 c1:65 c3m:5) 残存: 職員E 有, 職員B 休, 職員B Cｵ, 職員B Cｱ, 職員E Cｱ, 職員C B4, 職員E B4, 職員B 有, 職員C 有, 職員G Dﾃ, 職員I Aｱ, 職員I B4, 職員J B4, 職員G 有, 職員I 有 / 結合候補: FairChain×192 / 結合探索: 200通り試行/4ms→無駄打ち回避で早期終了
sept2026,60,3,off	22844	POST	後処理タイミング 総3746ms: HF80=15ms HF67=15ms HF66=1ms 巡回研磨(厳密日割当+c1/c3/range/apt/fair+曜日/交互)=1718ms C1共同LNS=1386ms 個人共同LNS=611ms 最終検査+HF70=0ms
sept2026,60,3,off	22844	POST	後処理パス別 計3745ms: C1共同LNS=1386ms(37%) C1広域ビーム=1176ms(31%) 個人回数共同LNS=567ms(15%) C1時系列フロー=226ms(6%) ComponentRepair=127ms(3%) C1索引修復=67ms(1%) BlockRotationPolish=43ms(1%) C1同日交換=21ms(0%)
sept2026,120,1,on	29016	V6Dispatcher	完了 algorithm=RSI HARD=0 total=399 elapsed=29015ms
sept2026,120,1,on	44021	V6Dispatcher	完了 algorithm=ALNS HARD=0 total=399 elapsed=15005ms
sept2026,120,1,on	45510	C1BeamPolish	期間要件(c1)研磨[ビーム K=16 steps=60/973ms]: c1 71->71 / total 406->406 score 5140->5140 HARD 0->0 手数0 [探索結果が根に勝てず破棄]
sept2026,120,1,on	45549	RangePolish	個人回数(low/high)玉突き研磨: low 1->1 / high 9->9 / total 406->406 HARD 0->0 採用0回（日割当:0 / 柔軟日割当:0） [頭打ち=改善手なし] 残存: 職員A Dﾃ(禁止連続×10: 9/10・9/11・候補なし×8・希望固定×6・柔軟日割当候補なし×1・日割当候補なし×1), 職員D A4(不採用×7 主因 c1:6 low:1・希望固定×6・候補なし×3・range後回し×2・柔軟日割当候補なし×1・日割当候補なし×1), 職員E Cｵ(希望固定×12: 9/1・9/3・9/10・9/12・9/13・9/14ほか6日・禁止連続×5・不採用×4 主因 c1:3 low:1・range後回し×4), 職員H Aｱ(range後回し×8・不採用×4 主因 c1:4・柔軟日割当候補なし×1・日割当候補なし×1) / 結合候補: tryRelocate×29 / 結合探索: 200通り試行/1ms→無駄打ち回避で早期終了
sept2026,120,1,on	45628	FairPolish	グループ内公平化(fair)研磨: fair 18->18 / total 405->402 HARD 0->0 採用1回 対象: 職員B B4 不採用349件(ピン破り:1 重み悪化:348)(主因 low:191 c1:154 high:2) 残存: 職員E 有, 職員B 休, 職員C 休, 職員E Cｵ, 職員B Cｱ, 職員E Cｱ, 職員E B4, 職員B 有, 職員C 有, 職員G Dﾃ, 職員I Cｱ, 職員J Cｱ, 職員I B4, 職員G 有, 職員I 有 / 結合候補: FairChain×342 / 結合探索: 200通り試行/4ms→無駄打ち回避で早期終了
sept2026,120,1,on	51832	C1EjectionChain	期間要件(c1)玉突き連鎖[起点135/連鎖9315/採用0/評価794838/1477ms]: c1 69->69 score 4987->4987 HARD 0->0
sept2026,120,1,on	52380	POST	後処理タイミング 総8189ms: HF80=15ms HF67=14ms HF66=1ms 巡回研磨(厳密日割当+c1/c3/range/apt/fair+曜日/交互)=4674ms C1共同LNS=2937ms 個人共同LNS=548ms 最終検査+HF70=0ms
sept2026,120,1,on	52380	POST	後処理パス別 計8186ms: C1広域ビーム=3194ms(39%) C1玉突き連鎖=1477ms(18%) C1共同LNS=1460ms(17%) C1時系列フロー=543ms(6%) 個人回数共同LNS=497ms(6%) ComponentRepair=240ms(2%) C1索引修復=236ms(2%) BlockRotationPolish=90ms(1%)
sept2026,120,1,on	52380	UnifiedCheck	合計=401 | HARD=0 [groupViol=0 c3n=0 covU=0 pref=0 c3w=0] | SOFT=401 [c1=69 c3m=59 c3mn=1 c42=4 covO=23 low=1 high=9 apt=6 fair=19 weekly=210] (0ms)
sept2026,120,1,on	45510	C1BeamPolish	期間要件(c1)研磨[ビーム K=16 steps=60/973ms]: c1 71->71 / total 406->406 score 5140->5140 HARD 0->0 手数0 [探索結果が根に勝てず破棄]
sept2026,120,1,on	45549	RangePolish	個人回数(low/high)玉突き研磨: low 1->1 / high 9->9 / total 406->406 HARD 0->0 採用0回（日割当:0 / 柔軟日割当:0） [頭打ち=改善手なし] 残存: 職員A Dﾃ(禁止連続×10: 9/10・9/11・候補なし×8・希望固定×6・柔軟日割当候補なし×1・日割当候補なし×1), 職員D A4(不採用×7 主因 c1:6 low:1・希望固定×6・候補なし×3・range後回し×2・柔軟日割当候補なし×1・日割当候補なし×1), 職員E Cｵ(希望固定×12: 9/1・9/3・9/10・9/12・9/13・9/14ほか6日・禁止連続×5・不採用×4 主因 c1:3 low:1・range後回し×4), 職員H Aｱ(range後回し×8・不採用×4 主因 c1:4・柔軟日割当候補なし×1・日割当候補なし×1) / 結合候補: tryRelocate×29 / 結合探索: 200通り試行/1ms→無駄打ち回避で早期終了
sept2026,120,1,on	45628	FairPolish	グループ内公平化(fair)研磨: fair 18->18 / total 405->402 HARD 0->0 採用1回 対象: 職員B B4 不採用349件(ピン破り:1 重み悪化:348)(主因 low:191 c1:154 high:2) 残存: 職員E 有, 職員B 休, 職員C 休, 職員E Cｵ, 職員B Cｱ, 職員E Cｱ, 職員E B4, 職員B 有, 職員C 有, 職員G Dﾃ, 職員I Cｱ, 職員J Cｱ, 職員I B4, 職員G 有, 職員I 有 / 結合候補: FairChain×342 / 結合探索: 200通り試行/4ms→無駄打ち回避で早期終了
sept2026,120,1,on	51832	C1EjectionChain	期間要件(c1)玉突き連鎖[起点135/連鎖9315/採用0/評価794838/1477ms]: c1 69->69 score 4987->4987 HARD 0->0
sept2026,120,1,on	52380	POST	後処理タイミング 総8189ms: HF80=15ms HF67=14ms HF66=1ms 巡回研磨(厳密日割当+c1/c3/range/apt/fair+曜日/交互)=4674ms C1共同LNS=2937ms 個人共同LNS=548ms 最終検査+HF70=0ms
sept2026,120,1,on	52380	POST	後処理パス別 計8186ms: C1広域ビーム=3194ms(39%) C1玉突き連鎖=1477ms(18%) C1共同LNS=1460ms(17%) C1時系列フロー=543ms(6%) 個人回数共同LNS=497ms(6%) ComponentRepair=240ms(2%) C1索引修復=236ms(2%) BlockRotationPolish=90ms(1%)
sept2026,120,1,off	29015	V6Dispatcher	完了 algorithm=RSI HARD=0 total=399 elapsed=29014ms
sept2026,120,1,off	44019	V6Dispatcher	完了 algorithm=ALNS HARD=0 total=399 elapsed=15004ms
sept2026,120,1,off	45478	C1BeamPolish	期間要件(c1)研磨[ビーム K=16 steps=60/942ms]: c1 71->71 / total 406->406 score 5140->5140 HARD 0->0 手数0 [探索結果が根に勝てず破棄]
sept2026,120,1,off	45513	RangePolish	個人回数(low/high)玉突き研磨: low 1->1 / high 9->9 / total 406->406 HARD 0->0 採用0回（日割当:0 / 柔軟日割当:0） [頭打ち=改善手なし] 残存: 職員A Dﾃ(禁止連続×10: 9/10・9/11・候補なし×8・希望固定×6・柔軟日割当候補なし×1・日割当候補なし×1), 職員D A4(希望固定×6: 9/10・9/11・不採用×6 主因 c1:6・候補なし×3・range後回し×3・柔軟日割当候補なし×1・日割当候補なし×1), 職員E Cｵ(希望固定×12: 9/1・9/3・9/10・9/12・9/13・9/14ほか6日・禁止連続×5・不採用×4 主因 low:2 c1:2・range後回し×4), 職員H Aｱ(range後回し×7・不採用×5 主因 c1:5・柔軟日割当候補なし×1・日割当候補なし×1) / 結合候補: tryRelocate×29 / 結合探索: 200通り試行/2ms→無駄打ち回避で早期終了
sept2026,120,1,off	45571	FairPolish	グループ内公平化(fair)研磨: fair 19->19 / total 406->406 HARD 0->0 採用0回 [頭打ち=改善手なし] 不採用203件(重み悪化:203)(主因 low:106 c1:92 high:3) 残存: 職員E 有, 職員B 休, 職員B Cｵ, 職員C 休, 職員E Cｱ, 職員C B4, 職員E B4, 職員B 有, 職員C 有, 職員G Dﾃ, 職員I Cｱ, 職員I B4, 職員J B4, 職員G 有, 職員I 有 / 結合候補: FairChain×200 / 結合探索: 200通り試行/4ms→無駄打ち回避で早期終了
sept2026,120,1,off	50636	POST	後処理タイミング 総6445ms: HF80=15ms HF67=16ms HF66=1ms 巡回研磨(厳密日割当+c1/c3/range/apt/fair+曜日/交互)=4609ms C1共同LNS=1263ms 個人共同LNS=541ms 最終検査+HF70=0ms
sept2026,120,1,off	50636	POST	後処理パス別 計6440ms: C1広域ビーム=3105ms(48%) C1共同LNS=1263ms(19%) C1時系列フロー=529ms(8%) 個人回数共同LNS=490ms(7%) ComponentRepair=314ms(4%) C1索引修復=206ms(3%) BlockRotationPolish=87ms(1%) C1同日交換=79ms(1%)
sept2026,120,1,off	50635	UnifiedCheck	合計=401 | HARD=0 [groupViol=0 c3n=0 covU=0 pref=0 c3w=0] | SOFT=401 [c1=69 c3m=59 c3mn=1 c42=4 covO=23 low=1 high=9 apt=6 fair=19 weekly=210] (0ms)
sept2026,120,1,off	45478	C1BeamPolish	期間要件(c1)研磨[ビーム K=16 steps=60/942ms]: c1 71->71 / total 406->406 score 5140->5140 HARD 0->0 手数0 [探索結果が根に勝てず破棄]
sept2026,120,1,off	45513	RangePolish	個人回数(low/high)玉突き研磨: low 1->1 / high 9->9 / total 406->406 HARD 0->0 採用0回（日割当:0 / 柔軟日割当:0） [頭打ち=改善手なし] 残存: 職員A Dﾃ(禁止連続×10: 9/10・9/11・候補なし×8・希望固定×6・柔軟日割当候補なし×1・日割当候補なし×1), 職員D A4(希望固定×6: 9/10・9/11・不採用×6 主因 c1:6・候補なし×3・range後回し×3・柔軟日割当候補なし×1・日割当候補なし×1), 職員E Cｵ(希望固定×12: 9/1・9/3・9/10・9/12・9/13・9/14ほか6日・禁止連続×5・不採用×4 主因 low:2 c1:2・range後回し×4), 職員H Aｱ(range後回し×7・不採用×5 主因 c1:5・柔軟日割当候補なし×1・日割当候補なし×1) / 結合候補: tryRelocate×29 / 結合探索: 200通り試行/2ms→無駄打ち回避で早期終了
sept2026,120,1,off	45571	FairPolish	グループ内公平化(fair)研磨: fair 19->19 / total 406->406 HARD 0->0 採用0回 [頭打ち=改善手なし] 不採用203件(重み悪化:203)(主因 low:106 c1:92 high:3) 残存: 職員E 有, 職員B 休, 職員B Cｵ, 職員C 休, 職員E Cｱ, 職員C B4, 職員E B4, 職員B 有, 職員C 有, 職員G Dﾃ, 職員I Cｱ, 職員I B4, 職員J B4, 職員G 有, 職員I 有 / 結合候補: FairChain×200 / 結合探索: 200通り試行/4ms→無駄打ち回避で早期終了
sept2026,120,1,off	50636	POST	後処理タイミング 総6445ms: HF80=15ms HF67=16ms HF66=1ms 巡回研磨(厳密日割当+c1/c3/range/apt/fair+曜日/交互)=4609ms C1共同LNS=1263ms 個人共同LNS=541ms 最終検査+HF70=0ms
sept2026,120,1,off	50636	POST	後処理パス別 計6440ms: C1広域ビーム=3105ms(48%) C1共同LNS=1263ms(19%) C1時系列フロー=529ms(8%) 個人回数共同LNS=490ms(7%) ComponentRepair=314ms(4%) C1索引修復=206ms(3%) BlockRotationPolish=87ms(1%) C1同日交換=79ms(1%)
sept2026,120,2,off	29015	V6Dispatcher	完了 algorithm=RSI HARD=0 total=399 elapsed=29014ms
sept2026,120,2,off	30005	V6Dispatcher	完了 algorithm=ALNS HARD=0 total=399 elapsed=990ms
sept2026,120,2,off	30138	C1Polish	期間要件(c1)研磨: c1 79->79 / total 399->399 HARD 0->0 採用0回(鏡像:0 自己:0 再配置:0) [頭打ち=改善手なし] 残存: 職員A 休(4日1回)(不採用×7 主因 c1:4 c3n:2), 職員B 休(4日1回)(不採用×15 主因 low:9 c3n:4), 職員C 休(4日1回)(不採用×23 主因 low:12 c3n:9), 職員B 休(14日4回)(不採用×31 主因 low:18 c3n:9), 職員C 休(14日4回)(不採用×21 主因 low:11 c3n:8), 職員E 休(4日1回)(不採用×18 主因 low:11 c3n:7), 職員F 休(4日1回)(不採用×16 主因 low:10 c3n:4), 職員E 休(14日4回)(不採用×17 主因 low:11 c3n:6), 職員G 休(4日1回)(不採用×9 主因 low:5 c3n:4), 職員G 休(14日4回)(不採用×29 主因 low:13 c3n:13), 職員I 休(4日1回)(不採用×31 主因 c3n:14 low:10), 職員J 休(4日1回)(不採用×17 主因 c1:8 c3n:6), 職員I 休(14日4回)(不採用×45 主因 c3n:21 low:17) / 結合候補: 手B×127 / 結合探索: 200通り試行/1ms→無駄打ち回避で早期終了
sept2026,120,2,off	31398	C1BeamPolish	期間要件(c1)研磨[ビーム K=16 steps=60/1005ms]: c1 79->79 / total 399->399 score 5237->5237 HARD 0->0 手数0 [探索結果が根に勝てず破棄]
sept2026,120,2,off	31526	FairPolish	グループ内公平化(fair)研磨: fair 17->17 / total 399->399 HARD 0->0 採用0回 [頭打ち=改善手なし] 不採用197件(ピン破り:1 重み悪化:196)(主因 low:126 c1:65 c3m:5) 残存: 職員E 有, 職員B 休, 職員B Cｵ, 職員B Cｱ, 職員E Cｱ, 職員C B4, 職員E B4, 職員B 有, 職員C 有, 職員G Dﾃ, 職員I Aｱ, 職員I B4, 職員J B4, 職員G 有, 職員I 有 / 結合候補: FairChain×192 / 結合探索: 200通り試行/3ms→無駄打ち回避で早期終了
sept2026,120,2,off	33447	POST	後処理タイミング 総3385ms: HF80=16ms HF67=17ms HF66=0ms 巡回研磨(厳密日割当+c1/c3/range/apt/fair+曜日/交互)=1492ms C1共同LNS=1268ms 個人共同LNS=592ms 最終検査+HF70=0ms
sept2026,120,2,off	33447	POST	後処理パス別 計3383ms: C1共同LNS=1268ms(37%) C1広域ビーム=1005ms(29%) 個人回数共同LNS=549ms(16%) C1時系列フロー=180ms(5%) ComponentRepair=98ms(2%) C1索引修復=75ms(2%) BlockRotationPolish=45ms(1%) C1同日交換=31ms(0%)
sept2026,120,2,off	33447	UnifiedCheck	合計=399 | HARD=0 [groupViol=0 c3n=0 covU=0 pref=0 c3w=0] | SOFT=399 [c1=79 c3m=62 c42=3 covO=23 high=8 apt=5 fair=17 weekly=202] (0ms)
sept2026,120,2,off	30138	C1Polish	期間要件(c1)研磨: c1 79->79 / total 399->399 HARD 0->0 採用0回(鏡像:0 自己:0 再配置:0) [頭打ち=改善手なし] 残存: 職員A 休(4日1回)(不採用×7 主因 c1:4 c3n:2), 職員B 休(4日1回)(不採用×15 主因 low:9 c3n:4), 職員C 休(4日1回)(不採用×23 主因 low:12 c3n:9), 職員B 休(14日4回)(不採用×31 主因 low:18 c3n:9), 職員C 休(14日4回)(不採用×21 主因 low:11 c3n:8), 職員E 休(4日1回)(不採用×18 主因 low:11 c3n:7), 職員F 休(4日1回)(不採用×16 主因 low:10 c3n:4), 職員E 休(14日4回)(不採用×17 主因 low:11 c3n:6), 職員G 休(4日1回)(不採用×9 主因 low:5 c3n:4), 職員G 休(14日4回)(不採用×29 主因 low:13 c3n:13), 職員I 休(4日1回)(不採用×31 主因 c3n:14 low:10), 職員J 休(4日1回)(不採用×17 主因 c1:8 c3n:6), 職員I 休(14日4回)(不採用×45 主因 c3n:21 low:17) / 結合候補: 手B×127 / 結合探索: 200通り試行/1ms→無駄打ち回避で早期終了
sept2026,120,2,off	31398	C1BeamPolish	期間要件(c1)研磨[ビーム K=16 steps=60/1005ms]: c1 79->79 / total 399->399 score 5237->5237 HARD 0->0 手数0 [探索結果が根に勝てず破棄]
sept2026,120,2,off	31526	FairPolish	グループ内公平化(fair)研磨: fair 17->17 / total 399->399 HARD 0->0 採用0回 [頭打ち=改善手なし] 不採用197件(ピン破り:1 重み悪化:196)(主因 low:126 c1:65 c3m:5) 残存: 職員E 有, 職員B 休, 職員B Cｵ, 職員B Cｱ, 職員E Cｱ, 職員C B4, 職員E B4, 職員B 有, 職員C 有, 職員G Dﾃ, 職員I Aｱ, 職員I B4, 職員J B4, 職員G 有, 職員I 有 / 結合候補: FairChain×192 / 結合探索: 200通り試行/3ms→無駄打ち回避で早期終了
sept2026,120,2,off	33447	POST	後処理タイミング 総3385ms: HF80=16ms HF67=17ms HF66=0ms 巡回研磨(厳密日割当+c1/c3/range/apt/fair+曜日/交互)=1492ms C1共同LNS=1268ms 個人共同LNS=592ms 最終検査+HF70=0ms
sept2026,120,2,off	33447	POST	後処理パス別 計3383ms: C1共同LNS=1268ms(37%) C1広域ビーム=1005ms(29%) 個人回数共同LNS=549ms(16%) C1時系列フロー=180ms(5%) ComponentRepair=98ms(2%) C1索引修復=75ms(2%) BlockRotationPolish=45ms(1%) C1同日交換=31ms(0%)
sept2026,120,2,on	29017	V6Dispatcher	完了 algorithm=RSI HARD=0 total=399 elapsed=29016ms
sept2026,120,2,on	30005	V6Dispatcher	完了 algorithm=ALNS HARD=0 total=399 elapsed=988ms
sept2026,120,2,on	31369	C1BeamPolish	期間要件(c1)研磨[ビーム K=16 steps=60/995ms]: c1 71->71 / total 406->406 score 5140->5140 HARD 0->0 手数0 [探索結果が根に勝てず破棄]
sept2026,120,2,on	31406	RangePolish	個人回数(low/high)玉突き研磨: low 1->1 / high 9->9 / total 406->406 HARD 0->0 採用0回（日割当:0 / 柔軟日割当:0） [頭打ち=改善手なし] 残存: 職員A Dﾃ(禁止連続×10: 9/10・9/11・候補なし×8・希望固定×6・柔軟日割当候補なし×1・日割当候補なし×1), 職員D A4(希望固定×6: 9/10・9/11・不採用×6 主因 c1:6・候補なし×3・range後回し×3・柔軟日割当候補なし×1・日割当候補なし×1), 職員E Cｵ(希望固定×12: 9/1・9/3・9/10・9/12・9/13・9/14ほか6日・禁止連続×5・range後回し×5・不採用×3 主因 c1:2 low:1), 職員H Aｱ(range後回し×7・不採用×5 主因 c1:5・柔軟日割当候補なし×1・日割当候補なし×1) / 結合候補: tryRelocate×29 / 結合探索: 200通り試行/1ms→無駄打ち回避で早期終了
sept2026,120,2,on	31464	FairPolish	グループ内公平化(fair)研磨: fair 19->19 / total 406->406 HARD 0->0 採用0回 [頭打ち=改善手なし] 不採用203件(ピン破り:1 重み悪化:202)(主因 low:100 c1:97 high:3) 残存: 職員E 有, 職員B 休, 職員B Cｵ, 職員C 休, 職員E Cｱ, 職員C B4, 職員E B4, 職員B 有, 職員C 有, 職員G Dﾃ, 職員I Cｱ, 職員I B4, 職員J B4, 職員G 有, 職員I 有 / 結合候補: FairChain×200 / 結合探索: 200通り試行/4ms→無駄打ち回避で早期終了
sept2026,120,2,on	37256	C1EjectionChain	期間要件(c1)玉突き連鎖[起点135/連鎖9315/採用0/評価794838/1541ms]: c1 69->69 score 4987->4987 HARD 0->0
sept2026,120,2,on	37779	POST	後処理タイミング 総7726ms: HF80=15ms HF67=14ms HF66=1ms 巡回研磨(厳密日割当+c1/c3/range/apt/fair+曜日/交互)=4427ms C1共同LNS=2745ms 個人共同LNS=524ms 最終検査+HF70=0ms
sept2026,120,2,on	37779	POST	後処理パス別 計7720ms: C1広域ビーム=2993ms(38%) C1玉突き連鎖=1541ms(19%) C1共同LNS=1204ms(15%) C1時系列フロー=526ms(6%) 個人回数共同LNS=469ms(6%) ComponentRepair=285ms(3%) C1索引修復=182ms(2%) BlockRotationPolish=89ms(1%)
sept2026,120,2,on	37779	UnifiedCheck	合計=401 | HARD=0 [groupViol=0 c3n=0 covU=0 pref=0 c3w=0] | SOFT=401 [c1=69 c3m=59 c3mn=1 c42=4 covO=23 low=1 high=9 apt=6 fair=19 weekly=210] (0ms)
sept2026,120,2,on	31369	C1BeamPolish	期間要件(c1)研磨[ビーム K=16 steps=60/995ms]: c1 71->71 / total 406->406 score 5140->5140 HARD 0->0 手数0 [探索結果が根に勝てず破棄]
sept2026,120,2,on	31406	RangePolish	個人回数(low/high)玉突き研磨: low 1->1 / high 9->9 / total 406->406 HARD 0->0 採用0回（日割当:0 / 柔軟日割当:0） [頭打ち=改善手なし] 残存: 職員A Dﾃ(禁止連続×10: 9/10・9/11・候補なし×8・希望固定×6・柔軟日割当候補なし×1・日割当候補なし×1), 職員D A4(希望固定×6: 9/10・9/11・不採用×6 主因 c1:6・候補なし×3・range後回し×3・柔軟日割当候補なし×1・日割当候補なし×1), 職員E Cｵ(希望固定×12: 9/1・9/3・9/10・9/12・9/13・9/14ほか6日・禁止連続×5・range後回し×5・不採用×3 主因 c1:2 low:1), 職員H Aｱ(range後回し×7・不採用×5 主因 c1:5・柔軟日割当候補なし×1・日割当候補なし×1) / 結合候補: tryRelocate×29 / 結合探索: 200通り試行/1ms→無駄打ち回避で早期終了
sept2026,120,2,on	31464	FairPolish	グループ内公平化(fair)研磨: fair 19->19 / total 406->406 HARD 0->0 採用0回 [頭打ち=改善手なし] 不採用203件(ピン破り:1 重み悪化:202)(主因 low:100 c1:97 high:3) 残存: 職員E 有, 職員B 休, 職員B Cｵ, 職員C 休, 職員E Cｱ, 職員C B4, 職員E B4, 職員B 有, 職員C 有, 職員G Dﾃ, 職員I Cｱ, 職員I B4, 職員J B4, 職員G 有, 職員I 有 / 結合候補: FairChain×200 / 結合探索: 200通り試行/4ms→無駄打ち回避で早期終了
sept2026,120,2,on	37256	C1EjectionChain	期間要件(c1)玉突き連鎖[起点135/連鎖9315/採用0/評価794838/1541ms]: c1 69->69 score 4987->4987 HARD 0->0
sept2026,120,2,on	37779	POST	後処理タイミング 総7726ms: HF80=15ms HF67=14ms HF66=1ms 巡回研磨(厳密日割当+c1/c3/range/apt/fair+曜日/交互)=4427ms C1共同LNS=2745ms 個人共同LNS=524ms 最終検査+HF70=0ms
sept2026,120,2,on	37779	POST	後処理パス別 計7720ms: C1広域ビーム=2993ms(38%) C1玉突き連鎖=1541ms(19%) C1共同LNS=1204ms(15%) C1時系列フロー=526ms(6%) 個人回数共同LNS=469ms(6%) ComponentRepair=285ms(3%) C1索引修復=182ms(2%) BlockRotationPolish=89ms(1%)
sept2026,120,3,on	29017	V6Dispatcher	完了 algorithm=RSI HARD=0 total=399 elapsed=29016ms
sept2026,120,3,on	30008	V6Dispatcher	完了 algorithm=ALNS HARD=0 total=399 elapsed=991ms
sept2026,120,3,on	31292	C1BeamPolish	期間要件(c1)研磨[ビーム K=16 steps=60/914ms]: c1 79->79 / total 399->399 score 5237->5237 HARD 0->0 手数0 [探索結果が根に勝てず破棄]
sept2026,120,3,on	31361	RangePolish	個人回数(low/high)玉突き研磨: low 0->0 / high 8->8 / total 399->399 HARD 0->0 採用0回（日割当:0 / 柔軟日割当:0） [頭打ち=改善手なし] 残存: 職員A Dﾃ(禁止連続×10: 9/10・9/11・候補なし×8・希望固定×6・柔軟日割当候補なし×1・日割当候補なし×1), 職員D A4(不採用×8 主因 c1:8・希望固定×6・候補なし×3・柔軟日割当候補なし×1・range後回し×1・日割当候補なし×1), 職員H Aｱ(不採用×5 主因 c1:5・range後回し×5・柔軟日割当候補なし×1・日割当候補なし×1) / 結合候補: tryRelocate×19 / 結合探索: 200通り試行/1ms→無駄打ち回避で早期終了
sept2026,120,3,on	31422	FairPolish	グループ内公平化(fair)研磨: fair 17->17 / total 399->399 HARD 0->0 採用0回 [頭打ち=改善手なし] 不採用197件(ピン破り:3 重み悪化:194)(主因 low:119 c1:70 c3m:4) 残存: 職員E 有, 職員B 休, 職員B Cｵ, 職員B Cｱ, 職員E Cｱ, 職員C B4, 職員E B4, 職員B 有, 職員C 有, 職員G Dﾃ, 職員I Aｱ, 職員I B4, 職員J B4, 職員G 有, 職員I 有 / 結合候補: FairChain×192 / 結合探索: 200通り試行/5ms→無駄打ち回避で早期終了
sept2026,120,3,on	34568	C1EjectionChain	期間要件(c1)玉突き連鎖[起点153/連鎖10557/採用0/評価882438/1597ms]: c1 79->79 score 5237->5237 HARD 0->0
sept2026,120,3,on	35068	POST	後処理タイミング 総4996ms: HF80=14ms HF67=14ms HF66=1ms 巡回研磨(厳密日割当+c1/c3/range/apt/fair+曜日/交互)=1368ms C1共同LNS=3099ms 個人共同LNS=499ms 最終検査+HF70=1ms
sept2026,120,3,on	35068	POST	後処理パス別 計4993ms: C1玉突き連鎖=1597ms(31%) C1共同LNS=1502ms(30%) C1広域ビーム=914ms(18%) 個人回数共同LNS=462ms(9%) C1時系列フロー=187ms(3%) ComponentRepair=78ms(1%) C1索引修復=57ms(1%) BlockRotationPolish=45ms(0%)
sept2026,120,3,on	35068	UnifiedCheck	合計=399 | HARD=0 [groupViol=0 c3n=0 covU=0 pref=0 c3w=0] | SOFT=399 [c1=79 c3m=62 c42=3 covO=23 high=8 apt=5 fair=17 weekly=202] (0ms)
sept2026,120,3,on	31292	C1BeamPolish	期間要件(c1)研磨[ビーム K=16 steps=60/914ms]: c1 79->79 / total 399->399 score 5237->5237 HARD 0->0 手数0 [探索結果が根に勝てず破棄]
sept2026,120,3,on	31361	RangePolish	個人回数(low/high)玉突き研磨: low 0->0 / high 8->8 / total 399->399 HARD 0->0 採用0回（日割当:0 / 柔軟日割当:0） [頭打ち=改善手なし] 残存: 職員A Dﾃ(禁止連続×10: 9/10・9/11・候補なし×8・希望固定×6・柔軟日割当候補なし×1・日割当候補なし×1), 職員D A4(不採用×8 主因 c1:8・希望固定×6・候補なし×3・柔軟日割当候補なし×1・range後回し×1・日割当候補なし×1), 職員H Aｱ(不採用×5 主因 c1:5・range後回し×5・柔軟日割当候補なし×1・日割当候補なし×1) / 結合候補: tryRelocate×19 / 結合探索: 200通り試行/1ms→無駄打ち回避で早期終了
sept2026,120,3,on	31422	FairPolish	グループ内公平化(fair)研磨: fair 17->17 / total 399->399 HARD 0->0 採用0回 [頭打ち=改善手なし] 不採用197件(ピン破り:3 重み悪化:194)(主因 low:119 c1:70 c3m:4) 残存: 職員E 有, 職員B 休, 職員B Cｵ, 職員B Cｱ, 職員E Cｱ, 職員C B4, 職員E B4, 職員B 有, 職員C 有, 職員G Dﾃ, 職員I Aｱ, 職員I B4, 職員J B4, 職員G 有, 職員I 有 / 結合候補: FairChain×192 / 結合探索: 200通り試行/5ms→無駄打ち回避で早期終了
sept2026,120,3,on	34568	C1EjectionChain	期間要件(c1)玉突き連鎖[起点153/連鎖10557/採用0/評価882438/1597ms]: c1 79->79 score 5237->5237 HARD 0->0
sept2026,120,3,on	35068	POST	後処理タイミング 総4996ms: HF80=14ms HF67=14ms HF66=1ms 巡回研磨(厳密日割当+c1/c3/range/apt/fair+曜日/交互)=1368ms C1共同LNS=3099ms 個人共同LNS=499ms 最終検査+HF70=1ms
sept2026,120,3,on	35068	POST	後処理パス別 計4993ms: C1玉突き連鎖=1597ms(31%) C1共同LNS=1502ms(30%) C1広域ビーム=914ms(18%) 個人回数共同LNS=462ms(9%) C1時系列フロー=187ms(3%) ComponentRepair=78ms(1%) C1索引修復=57ms(1%) BlockRotationPolish=45ms(0%)
sept2026,120,3,off	29014	V6Dispatcher	完了 algorithm=RSI HARD=0 total=399 elapsed=29014ms
sept2026,120,3,off	30004	V6Dispatcher	完了 algorithm=ALNS HARD=0 total=399 elapsed=990ms
sept2026,120,3,off	31261	C1BeamPolish	期間要件(c1)研磨[ビーム K=16 steps=60/910ms]: c1 79->79 / total 399->399 score 5237->5237 HARD 0->0 手数0 [探索結果が根に勝てず破棄]
sept2026,120,3,off	31328	RangePolish	個人回数(low/high)玉突き研磨: low 0->0 / high 8->8 / total 399->399 HARD 0->0 採用0回（日割当:0 / 柔軟日割当:0） [頭打ち=改善手なし] 残存: 職員A Dﾃ(禁止連続×10: 9/10・9/11・候補なし×8・希望固定×6・柔軟日割当候補なし×1・日割当候補なし×1), 職員D A4(不採用×9 主因 c1:7 low:2・希望固定×6・候補なし×3・柔軟日割当候補なし×1・日割当候補なし×1), 職員H Aｱ(range後回し×6・不採用×4 主因 c1:4・柔軟日割当候補なし×1・日割当候補なし×1) / 結合候補: tryRelocate×19 / 結合探索: 200通り試行/1ms→無駄打ち回避で早期終了
sept2026,120,3,off	31387	FairPolish	グループ内公平化(fair)研磨: fair 17->17 / total 399->399 HARD 0->0 採用0回 [頭打ち=改善手なし] 不採用197件(ピン破り:2 重み悪化:195)(主因 low:130 c1:60 c3m:4) 残存: 職員E 有, 職員B 休, 職員B Cｵ, 職員B Cｱ, 職員E Cｱ, 職員C B4, 職員E B4, 職員B 有, 職員C 有, 職員G Dﾃ, 職員I Aｱ, 職員I B4, 職員J B4, 職員G 有, 職員I 有 / 結合候補: FairChain×192 / 結合探索: 200通り試行/3ms→無駄打ち回避で早期終了
sept2026,120,3,off	33442	POST	後処理タイミング 総3373ms: HF80=14ms HF67=14ms HF66=0ms 巡回研磨(厳密日割当+c1/c3/range/apt/fair+曜日/交互)=1361ms C1共同LNS=1360ms 個人共同LNS=624ms 最終検査+HF70=0ms
sept2026,120,3,off	33442	POST	後処理パス別 計3370ms: C1共同LNS=1360ms(40%) C1広域ビーム=910ms(27%) 個人回数共同LNS=587ms(17%) C1時系列フロー=168ms(4%) ComponentRepair=101ms(2%) C1索引修復=56ms(1%) BlockRotationPolish=43ms(1%) C1同日交換=19ms(0%)
sept2026,120,3,off	33441	UnifiedCheck	合計=399 | HARD=0 [groupViol=0 c3n=0 covU=0 pref=0 c3w=0] | SOFT=399 [c1=79 c3m=62 c42=3 covO=23 high=8 apt=5 fair=17 weekly=202] (0ms)
sept2026,120,3,off	31261	C1BeamPolish	期間要件(c1)研磨[ビーム K=16 steps=60/910ms]: c1 79->79 / total 399->399 score 5237->5237 HARD 0->0 手数0 [探索結果が根に勝てず破棄]
sept2026,120,3,off	31328	RangePolish	個人回数(low/high)玉突き研磨: low 0->0 / high 8->8 / total 399->399 HARD 0->0 採用0回（日割当:0 / 柔軟日割当:0） [頭打ち=改善手なし] 残存: 職員A Dﾃ(禁止連続×10: 9/10・9/11・候補なし×8・希望固定×6・柔軟日割当候補なし×1・日割当候補なし×1), 職員D A4(不採用×9 主因 c1:7 low:2・希望固定×6・候補なし×3・柔軟日割当候補なし×1・日割当候補なし×1), 職員H Aｱ(range後回し×6・不採用×4 主因 c1:4・柔軟日割当候補なし×1・日割当候補なし×1) / 結合候補: tryRelocate×19 / 結合探索: 200通り試行/1ms→無駄打ち回避で早期終了
sept2026,120,3,off	31387	FairPolish	グループ内公平化(fair)研磨: fair 17->17 / total 399->399 HARD 0->0 採用0回 [頭打ち=改善手なし] 不採用197件(ピン破り:2 重み悪化:195)(主因 low:130 c1:60 c3m:4) 残存: 職員E 有, 職員B 休, 職員B Cｵ, 職員B Cｱ, 職員E Cｱ, 職員C B4, 職員E B4, 職員B 有, 職員C 有, 職員G Dﾃ, 職員I Aｱ, 職員I B4, 職員J B4, 職員G 有, 職員I 有 / 結合候補: FairChain×192 / 結合探索: 200通り試行/3ms→無駄打ち回避で早期終了
sept2026,120,3,off	33442	POST	後処理タイミング 総3373ms: HF80=14ms HF67=14ms HF66=0ms 巡回研磨(厳密日割当+c1/c3/range/apt/fair+曜日/交互)=1361ms C1共同LNS=1360ms 個人共同LNS=624ms 最終検査+HF70=0ms
sept2026,120,3,off	33442	POST	後処理パス別 計3370ms: C1共同LNS=1360ms(40%) C1広域ビーム=910ms(27%) 個人回数共同LNS=587ms(17%) C1時系列フロー=168ms(4%) ComponentRepair=101ms(2%) C1索引修復=56ms(1%) BlockRotationPolish=43ms(1%) C1同日交換=19ms(0%)
