golden,60,1,v2	28278	V6Dispatcher	完了 algorithm=RSI HARD=0 total=310 elapsed=28143ms
golden,60,1,v2	30284	V6Dispatcher	完了 algorithm=ALNS HARD=0 total=310 elapsed=2006ms
golden,60,1,v2	30643	C1Polish	期間要件(c1)研磨: c1 87->86 / total 310->309 HARD 0->0 採用1回(鏡像:0 自己:0 再配置:1) 残存: 古泉 健一 休(14日5回)(不採用×23 主因 c1:12 c3n:6), 山本昌幸 Dﾃ(14日2回)(不採用×27 主因 c3n:19 low:4), 山本昌幸 休(14日5回)(不採用×21 主因 c1:9 low:7), 福澤俊陽 Dﾃ(14日2回)(不採用×9 主因 c3n:6 c1:3), 福澤俊陽 休(14日5回)(不採用×14 主因 c1:5 low:4), 佐藤直美 Dﾃ(14日2回)(不採用×19 主因 c3n:17 low:1), 佐藤直美 休(14日5回)(不採用×20 主因 c1:10 c3n:6), 吉江雄貴 Dﾃ(14日2回)(不採用×22 主因 c3n:16 c1:5), 吉江雄貴 休(14日5回)(不採用×17 主因 c1:13 c3n:3), 金沢勇輝 休(14日5回)(不採用×27 主因 low:12 c1:10), モニカ Dﾃ(14日2回)(不採用×17 主因 c3n:13 c1:4), モニカ 休(14日5回)(不採用×24 主因 c1:11 low:10), アリフ Dﾃ(14日2回)(不採用×10 主因 c3n:6 low:3), アリフ 休(14日5回)(不採用×16 主因 c1:7 c3n:5), 古泉 健一 Dﾃ(14日2回)(不採用×22 主因 c3n:16 low:5) / 結合候補: 手B×117 / 結合探索: 200通り試行/1ms→無駄打ち回避で早期終了
golden,60,1,v2	32437	C1BeamPolish	期間要件(c1)研磨[ビーム K=16 steps=60/1008ms]: c1 86->86 / total 309->309 score 6459->6459 HARD 0->0 手数0 [探索結果が根に勝てず破棄]
golden,60,1,v2	32543	C3mnPolish	回避パターン(c3mn)研磨: c3mn 4->4 / total 309->309 HARD 0->0 採用0回 [頭打ち=改善手なし] 不採用16件(重み悪化:16)(主因 c1:14 low:2) 残存: 吉江雄貴, 金沢勇輝, モニカ, アリフ / 結合候補: C3mnAlt×16 / 結合探索: 200通り試行/1ms→無駄打ち回避で早期終了
golden,60,1,v2	32571	RangePolish	個人回数(low/high)玉突き研磨: low 6->6 / high 3->3 / total 309->309 HARD 0->0 採用0回（日割当:0 / 柔軟日割当:0） [頭打ち=改善手なし] 残存: 山本昌幸 B4(不採用×11 主因 c1:9 c2:2・range後回し×8・希望固定×6・候補なし×5・禁止連続×1), 福澤俊陽 B4(希望固定×12: 12/2・12/4・12/5・12/6・12/7・12/10ほか6日・不採用×7 主因 c1:6 c2:1・range後回し×5・禁止連続×4・候補なし×3), 桒澤美幸 休(希望固定×16: 12/6・12/11・12/13・12/17・12/23・12/29ほか2日・不採用×10 主因 c1:10・柔軟日割当候補なし×1・日割当候補なし×1), 吉江雄貴 休(range後回し×9・候補なし×7・希望固定×3・不採用×3 主因 c1:2 c3mn:1), 吉江雄貴 B4(range後回し×8・候補なし×6・希望固定×6・不採用×6 主因 c1:6・禁止連続×5), モニカ B4(希望固定×10: 12/1・12/5・12/6・12/7・12/8・12/12ほか4日・range後回し×9・不採用×8 主因 c1:5 low:1・禁止連続×3・候補なし×1), アリフ B4(不採用×11 主因 c1:9 c3mn:1・候補なし×6・希望固定×6・range後回し×5・禁止連続×3) / 結合候補: tryRelocate×100 / 結合探索: 200通り試行/1ms→無駄打ち回避で早期終了
golden,60,1,v2	32763	FairPolish	グループ内公平化(fair)研磨: fair 2->2 / total 309->309 HARD 0->0 採用0回 [頭打ち=改善手なし] 不採用17件(重み悪化:17)(主因 c1:12 low:5) 残存: 福澤俊陽 Dﾃ, 福澤俊陽 A4 / 結合候補: FairChain×17 / 結合探索: 200通り試行/1ms→無駄打ち回避で早期終了
golden,60,1,v2	40244	C1EjectionChain	期間要件(c1)玉突き連鎖v2[起点29/候補1502640/評価1610806/試行1934/採用1/採用深さ最大6/重複除外514/終了時間切れ/時間切れ1/3000ms]: c1 83->83 score 6360->6315 HARD 0->0 total 325->322 族差 c3-3
golden,60,1,v2	42258	POST	後処理タイミング 総11819ms: HF80=70ms HF67=19ms HF66=3ms 巡回研磨(厳密日割当+c1/c3/range/apt/fair+曜日/交互)=3601ms C1共同LNS=6113ms 個人共同LNS=2011ms 最終検査+HF70=2ms
golden,60,1,v2	42261	POST	後処理パス別 計11759ms: C1共同LNS=3102ms(26%) C1玉突き連鎖=3008ms(25%) 個人回数共同LNS=1914ms(16%) C1広域ビーム=1387ms(11%) C1時系列フロー=1053ms(8%) ComponentRepair=410ms(3%) C1索引修復=155ms(1%) BlockRotationPolish=118ms(1%)
golden,60,1,v2	42255	UnifiedCheck	合計=320 | HARD=0 [groupViol=0 c3n=0 covU=0 pref=0 c3w=0] | SOFT=320 [c1=83 c3=34 c3m=29 c3mn=3 c42=7 covO=2 low=6 high=4 fair=2 weekly=150] (0ms)
golden,60,1,v2	30643	C1Polish	期間要件(c1)研磨: c1 87->86 / total 310->309 HARD 0->0 採用1回(鏡像:0 自己:0 再配置:1) 残存: 古泉 健一 休(14日5回)(不採用×23 主因 c1:12 c3n:6), 山本昌幸 Dﾃ(14日2回)(不採用×27 主因 c3n:19 low:4), 山本昌幸 休(14日5回)(不採用×21 主因 c1:9 low:7), 福澤俊陽 Dﾃ(14日2回)(不採用×9 主因 c3n:6 c1:3), 福澤俊陽 休(14日5回)(不採用×14 主因 c1:5 low:4), 佐藤直美 Dﾃ(14日2回)(不採用×19 主因 c3n:17 low:1), 佐藤直美 休(14日5回)(不採用×20 主因 c1:10 c3n:6), 吉江雄貴 Dﾃ(14日2回)(不採用×22 主因 c3n:16 c1:5), 吉江雄貴 休(14日5回)(不採用×17 主因 c1:13 c3n:3), 金沢勇輝 休(14日5回)(不採用×27 主因 low:12 c1:10), モニカ Dﾃ(14日2回)(不採用×17 主因 c3n:13 c1:4), モニカ 休(14日5回)(不採用×24 主因 c1:11 low:10), アリフ Dﾃ(14日2回)(不採用×10 主因 c3n:6 low:3), アリフ 休(14日5回)(不採用×16 主因 c1:7 c3n:5), 古泉 健一 Dﾃ(14日2回)(不採用×22 主因 c3n:16 low:5) / 結合候補: 手B×117 / 結合探索: 200通り試行/1ms→無駄打ち回避で早期終了
golden,60,1,v2	32437	C1BeamPolish	期間要件(c1)研磨[ビーム K=16 steps=60/1008ms]: c1 86->86 / total 309->309 score 6459->6459 HARD 0->0 手数0 [探索結果が根に勝てず破棄]
golden,60,1,v2	32543	C3mnPolish	回避パターン(c3mn)研磨: c3mn 4->4 / total 309->309 HARD 0->0 採用0回 [頭打ち=改善手なし] 不採用16件(重み悪化:16)(主因 c1:14 low:2) 残存: 吉江雄貴, 金沢勇輝, モニカ, アリフ / 結合候補: C3mnAlt×16 / 結合探索: 200通り試行/1ms→無駄打ち回避で早期終了
golden,60,1,v2	32571	RangePolish	個人回数(low/high)玉突き研磨: low 6->6 / high 3->3 / total 309->309 HARD 0->0 採用0回（日割当:0 / 柔軟日割当:0） [頭打ち=改善手なし] 残存: 山本昌幸 B4(不採用×11 主因 c1:9 c2:2・range後回し×8・希望固定×6・候補なし×5・禁止連続×1), 福澤俊陽 B4(希望固定×12: 12/2・12/4・12/5・12/6・12/7・12/10ほか6日・不採用×7 主因 c1:6 c2:1・range後回し×5・禁止連続×4・候補なし×3), 桒澤美幸 休(希望固定×16: 12/6・12/11・12/13・12/17・12/23・12/29ほか2日・不採用×10 主因 c1:10・柔軟日割当候補なし×1・日割当候補なし×1), 吉江雄貴 休(range後回し×9・候補なし×7・希望固定×3・不採用×3 主因 c1:2 c3mn:1), 吉江雄貴 B4(range後回し×8・候補なし×6・希望固定×6・不採用×6 主因 c1:6・禁止連続×5), モニカ B4(希望固定×10: 12/1・12/5・12/6・12/7・12/8・12/12ほか4日・range後回し×9・不採用×8 主因 c1:5 low:1・禁止連続×3・候補なし×1), アリフ B4(不採用×11 主因 c1:9 c3mn:1・候補なし×6・希望固定×6・range後回し×5・禁止連続×3) / 結合候補: tryRelocate×100 / 結合探索: 200通り試行/1ms→無駄打ち回避で早期終了
golden,60,1,v2	32763	FairPolish	グループ内公平化(fair)研磨: fair 2->2 / total 309->309 HARD 0->0 採用0回 [頭打ち=改善手なし] 不採用17件(重み悪化:17)(主因 c1:12 low:5) 残存: 福澤俊陽 Dﾃ, 福澤俊陽 A4 / 結合候補: FairChain×17 / 結合探索: 200通り試行/1ms→無駄打ち回避で早期終了
golden,60,1,v2	40244	C1EjectionChain	期間要件(c1)玉突き連鎖v2[起点29/候補1502640/評価1610806/試行1934/採用1/採用深さ最大6/重複除外514/終了時間切れ/時間切れ1/3000ms]: c1 83->83 score 6360->6315 HARD 0->0 total 325->322 族差 c3-3
golden,60,1,v2	42258	POST	後処理タイミング 総11819ms: HF80=70ms HF67=19ms HF66=3ms 巡回研磨(厳密日割当+c1/c3/range/apt/fair+曜日/交互)=3601ms C1共同LNS=6113ms 個人共同LNS=2011ms 最終検査+HF70=2ms
golden,60,1,v2	42261	POST	後処理パス別 計11759ms: C1共同LNS=3102ms(26%) C1玉突き連鎖=3008ms(25%) 個人回数共同LNS=1914ms(16%) C1広域ビーム=1387ms(11%) C1時系列フロー=1053ms(8%) ComponentRepair=410ms(3%) C1索引修復=155ms(1%) BlockRotationPolish=118ms(1%)
golden,60,1,off	28019	V6Dispatcher	完了 algorithm=RSI HARD=0 total=348 elapsed=28016ms
golden,60,1,off	30024	V6Dispatcher	完了 algorithm=ALNS HARD=0 total=348 elapsed=2005ms
golden,60,1,off	30249	C1Polish	期間要件(c1)研磨: c1 75->75 / total 346->346 HARD 0->0 採用0回(鏡像:0 自己:0 再配置:0) [頭打ち=改善手なし] 残存: 古泉 健一 休(14日5回)(不採用×34 主因 c1:22 c3n:12), 山本昌幸 Dﾃ(14日2回)(不採用×30 主因 c3n:23 c1:5), 山本昌幸 休(14日5回)(不採用×23 主因 c3n:9 c1:8), 福澤俊陽 Dﾃ(14日2回)(不採用×7 主因 c3n:4 c1:3), 福澤俊陽 休(14日5回)(不採用×12 主因 c3n:8 c1:4), 佐藤直美 休(14日5回)(不採用×20 主因 c1:10 c3n:8), 吉江雄貴 Dﾃ(14日2回)(不採用×25 主因 c3n:17 c1:6), 吉江雄貴 休(14日5回)(不採用×25 主因 low:11 c1:8), 金沢勇輝 Dﾃ(14日2回)(不採用×17 主因 c3n:14 low:1), 金沢勇輝 休(14日5回)(不採用×22 主因 low:11 c1:8), モニカ 休(14日5回)(不採用×25 主因 low:15 c1:6), アリフ Dﾃ(14日2回)(不採用×8 主因 c3n:4 low:2), アリフ 休(14日5回)(不採用×21 主因 c3n:9 c1:7) / 結合候補: 手B×106 / 結合探索: 200通り試行/1ms→無駄打ち回避で早期終了
golden,60,1,off	30931	C1BeamPolish	期間要件(c1)研磨[ビーム K=16 steps=30/348ms/最良が20手更新されず打ち切り]: c1 75->75 / total 346->345 score 6266->6264 HARD 0->0 手数5
golden,60,1,off	31000	C3mnPolish	回避パターン(c3mn)研磨: c3mn 4->3 / total 345->345 HARD 0->0 採用1回 不採用17件(ピン破り:3 重み悪化:13 同値:1)(主因 c1:8 low:4 high:1) 残存: 古泉 健一, 吉江雄貴, アリフ / 結合候補: C3mnAlt×17 / 結合探索: 200通り試行/1ms→無駄打ち回避で早期終了
golden,60,1,off	31033	RangePolish	個人回数(low/high)玉突き研磨: low 7->7 / high 4->3 / total 345->344 HARD 0->0 採用1回（日割当:1 / 柔軟日割当:0） 対象: 金沢勇輝 Aｱ 残存: 山本昌幸 有(range後回し×20・不採用×18 主因 c1:18・希望固定×12・候補なし×10・ピン破り×2), 古泉 健一 休(range後回し×21・候補なし×8・不採用×7 主因 c1:7・希望固定×6・ピン破り×2), 桒澤美幸 休(希望固定×32: 12/6・12/11・12/13・12/17・12/23・12/29ほか2日・不採用×20 主因 c1:20・柔軟日割当候補なし×2・日割当候補なし×2), 佐藤直美 B4(不採用×15 主因 c1:11 c2:4・range後回し×15・希望固定×14・候補なし×8・禁止連続×8・ピン破り×2), 吉江雄貴 B4(不採用×23 主因 c1:21 c3mn:2・候補なし×12・希望固定×12・range後回し×9・禁止連続×6), 金沢勇輝 B4(希望固定×16: 12/1・12/3・12/4・12/8・12/18・12/21ほか2日・range後回し×16・不採用×14 主因 c1:12 c2:2・候補なし×10・禁止連続×6), モニカ B4(希望固定×20: 12/1・12/5・12/6・12/7・12/8・12/12ほか4日・range後回し×18・不採用×14 主因 c1:12 c2:2・禁止連続×8・候補なし×2), アリフ B4(不採用×17 主因 c1:13 c2:4・range後回し×13・候補なし×12・希望固定×12・禁止連続×8) / 結合候補: tryRelocate×246 / 結合探索: 200通り試行/3ms→無駄打ち回避で早期終了
golden,60,1,off	31097	FairPolish	グループ内公平化(fair)研磨: fair 2->2 / total 344->344 HARD 0->0 採用0回 [頭打ち=改善手なし] 不採用9件(重み悪化:9)(主因 c1:7 low:2) 残存: 佐藤直美 Dﾃ, 福澤俊陽 A4 / 結合候補: FairChain×9 / 結合探索: 200通り試行/1ms→無駄打ち回避で早期終了
golden,60,1,off	35119	POST	後処理タイミング 総4969ms: HF80=14ms HF67=15ms HF66=2ms 巡回研磨(厳密日割当+c1/c3/range/apt/fair+曜日/交互)=1912ms C1共同LNS=1503ms 個人共同LNS=1523ms 最終検査+HF70=0ms
golden,60,1,off	35119	POST	後処理パス別 計4953ms: C1共同LNS=1503ms(30%) 個人回数共同LNS=1450ms(29%) C1広域ビーム=627ms(12%) C1時系列フロー=532ms(10%) ComponentRepair=268ms(5%) C1索引修復=115ms(2%) BlockRotationPolish=110ms(2%) CyclicSwapPolish=51ms(1%)
golden,60,1,off	35119	UnifiedCheck	合計=342 | HARD=0 [groupViol=0 c3n=0 covU=0 pref=0 c3w=0] | SOFT=342 [c1=73 c2=1 c3=40 c3m=39 c3mn=2 c42=6 covO=3 low=7 high=3 fair=2 weekly=166] (0ms)
golden,60,1,off	30249	C1Polish	期間要件(c1)研磨: c1 75->75 / total 346->346 HARD 0->0 採用0回(鏡像:0 自己:0 再配置:0) [頭打ち=改善手なし] 残存: 古泉 健一 休(14日5回)(不採用×34 主因 c1:22 c3n:12), 山本昌幸 Dﾃ(14日2回)(不採用×30 主因 c3n:23 c1:5), 山本昌幸 休(14日5回)(不採用×23 主因 c3n:9 c1:8), 福澤俊陽 Dﾃ(14日2回)(不採用×7 主因 c3n:4 c1:3), 福澤俊陽 休(14日5回)(不採用×12 主因 c3n:8 c1:4), 佐藤直美 休(14日5回)(不採用×20 主因 c1:10 c3n:8), 吉江雄貴 Dﾃ(14日2回)(不採用×25 主因 c3n:17 c1:6), 吉江雄貴 休(14日5回)(不採用×25 主因 low:11 c1:8), 金沢勇輝 Dﾃ(14日2回)(不採用×17 主因 c3n:14 low:1), 金沢勇輝 休(14日5回)(不採用×22 主因 low:11 c1:8), モニカ 休(14日5回)(不採用×25 主因 low:15 c1:6), アリフ Dﾃ(14日2回)(不採用×8 主因 c3n:4 low:2), アリフ 休(14日5回)(不採用×21 主因 c3n:9 c1:7) / 結合候補: 手B×106 / 結合探索: 200通り試行/1ms→無駄打ち回避で早期終了
golden,60,1,off	30931	C1BeamPolish	期間要件(c1)研磨[ビーム K=16 steps=30/348ms/最良が20手更新されず打ち切り]: c1 75->75 / total 346->345 score 6266->6264 HARD 0->0 手数5
golden,60,1,off	31000	C3mnPolish	回避パターン(c3mn)研磨: c3mn 4->3 / total 345->345 HARD 0->0 採用1回 不採用17件(ピン破り:3 重み悪化:13 同値:1)(主因 c1:8 low:4 high:1) 残存: 古泉 健一, 吉江雄貴, アリフ / 結合候補: C3mnAlt×17 / 結合探索: 200通り試行/1ms→無駄打ち回避で早期終了
golden,60,1,off	31033	RangePolish	個人回数(low/high)玉突き研磨: low 7->7 / high 4->3 / total 345->344 HARD 0->0 採用1回（日割当:1 / 柔軟日割当:0） 対象: 金沢勇輝 Aｱ 残存: 山本昌幸 有(range後回し×20・不採用×18 主因 c1:18・希望固定×12・候補なし×10・ピン破り×2), 古泉 健一 休(range後回し×21・候補なし×8・不採用×7 主因 c1:7・希望固定×6・ピン破り×2), 桒澤美幸 休(希望固定×32: 12/6・12/11・12/13・12/17・12/23・12/29ほか2日・不採用×20 主因 c1:20・柔軟日割当候補なし×2・日割当候補なし×2), 佐藤直美 B4(不採用×15 主因 c1:11 c2:4・range後回し×15・希望固定×14・候補なし×8・禁止連続×8・ピン破り×2), 吉江雄貴 B4(不採用×23 主因 c1:21 c3mn:2・候補なし×12・希望固定×12・range後回し×9・禁止連続×6), 金沢勇輝 B4(希望固定×16: 12/1・12/3・12/4・12/8・12/18・12/21ほか2日・range後回し×16・不採用×14 主因 c1:12 c2:2・候補なし×10・禁止連続×6), モニカ B4(希望固定×20: 12/1・12/5・12/6・12/7・12/8・12/12ほか4日・range後回し×18・不採用×14 主因 c1:12 c2:2・禁止連続×8・候補なし×2), アリフ B4(不採用×17 主因 c1:13 c2:4・range後回し×13・候補なし×12・希望固定×12・禁止連続×8) / 結合候補: tryRelocate×246 / 結合探索: 200通り試行/3ms→無駄打ち回避で早期終了
golden,60,1,off	31097	FairPolish	グループ内公平化(fair)研磨: fair 2->2 / total 344->344 HARD 0->0 採用0回 [頭打ち=改善手なし] 不採用9件(重み悪化:9)(主因 c1:7 low:2) 残存: 佐藤直美 Dﾃ, 福澤俊陽 A4 / 結合候補: FairChain×9 / 結合探索: 200通り試行/1ms→無駄打ち回避で早期終了
golden,60,1,off	35119	POST	後処理タイミング 総4969ms: HF80=14ms HF67=15ms HF66=2ms 巡回研磨(厳密日割当+c1/c3/range/apt/fair+曜日/交互)=1912ms C1共同LNS=1503ms 個人共同LNS=1523ms 最終検査+HF70=0ms
golden,60,1,off	35119	POST	後処理パス別 計4953ms: C1共同LNS=1503ms(30%) 個人回数共同LNS=1450ms(29%) C1広域ビーム=627ms(12%) C1時系列フロー=532ms(10%) ComponentRepair=268ms(5%) C1索引修復=115ms(2%) BlockRotationPolish=110ms(2%) CyclicSwapPolish=51ms(1%)
golden,60,2,off	28016	V6Dispatcher	完了 algorithm=RSI HARD=0 total=334 elapsed=28012ms
golden,60,2,off	30020	V6Dispatcher	完了 algorithm=ALNS HARD=0 total=334 elapsed=2003ms
golden,60,2,off	30255	C1Polish	期間要件(c1)研磨: c1 84->84 / total 333->333 HARD 0->0 採用0回(鏡像:0 自己:0 再配置:0) [頭打ち=改善手なし] 残存: 古泉 健一 休(14日5回)(不採用×31 主因 c1:17 c3n:10), 山本昌幸 Dﾃ(14日2回)(不採用×15 主因 c3n:12 c1:3), 山本昌幸 休(14日5回)(不採用×34 主因 c3n:13 c1:11), 福澤俊陽 Dﾃ(14日2回)(不採用×15 主因 c3n:10 c1:4), 福澤俊陽 休(14日5回)(不採用×12 主因 low:6 c3n:3), 佐藤直美 Dﾃ(14日2回)(不採用×26 主因 c3n:17 c1:4), 佐藤直美 休(14日5回)(不採用×22 主因 low:9 c1:7), 吉江雄貴 Dﾃ(14日2回)(不採用×18 主因 c3n:13 c1:3), 吉江雄貴 休(14日5回)(不採用×27 主因 low:11 c1:8), 金沢勇輝 休(14日5回)(不採用×19 主因 c1:9 low:6), モニカ Dﾃ(14日2回)(不採用×17 主因 c3n:15 c1:2), モニカ 休(14日5回)(不採用×29 主因 c1:20 low:5), アリフ Dﾃ(14日2回)(不採用×19 主因 c3n:9 low:5), アリフ 休(14日5回)(不採用×12 主因 c1:5 c3n:4) / 結合候補: 手R3×2 手B×124 / 結合探索: 200通り試行/3ms→無駄打ち回避で早期終了
golden,60,2,off	31412	C1BeamPolish	期間要件(c1)研磨[ビーム K=16 steps=60/715ms]: c1 84->84 / total 333->333 score 6600->6600 HARD 0->0 手数0 [探索結果が根に勝てず破棄]
golden,60,2,off	31868	C3mnPolish	回避パターン(c3mn)研磨: c3mn 5->5 / total 337->337 HARD 0->0 採用0回 [頭打ち=改善手なし] 不採用13件(重み悪化:13)(主因 c1:10 high:3) 残存: 吉江雄貴, モニカ, アリフ / 結合候補: C3mnAlt×13 / 結合探索: 200通り試行/1ms→無駄打ち回避で早期終了
golden,60,2,off	31879	RangePolish	個人回数(low/high)玉突き研磨: low 6->6 / high 3->3 / total 337->337 HARD 0->0 採用0回（日割当:0 / 柔軟日割当:0） [頭打ち=改善手なし] 残存: 古泉 健一 休(range後回し×9・不採用×7 主因 c1:5 c3:1・候補なし×4・希望固定×3), 福澤俊陽 B4(希望固定×12: 12/2・12/4・12/5・12/6・12/7・12/10ほか6日・不採用×9 主因 c1:7 low:1・range後回し×4・候補なし×3・禁止連続×3), 桒澤美幸 休(希望固定×16: 12/6・12/11・12/13・12/17・12/23・12/29ほか2日・不採用×10 主因 c1:10・柔軟日割当候補なし×1・日割当候補なし×1), 吉江雄貴 B4(不採用×7 主因 c1:5 c3:1・range後回し×7・候補なし×6・希望固定×6・禁止連続×4・ピン破り×1), モニカ B4(希望固定×10: 12/1・12/5・12/6・12/7・12/8・12/12ほか4日・range後回し×10・不採用×6 主因 c1:3 c3:1・禁止連続×4・候補なし×1), アリフ B4(不採用×10 主因 c1:8 c3mn:1・range後回し×7・候補なし×6・希望固定×6・禁止連続×2) / 結合候補: tryRelocate×87 / 結合探索: 200通り試行/1ms→無駄打ち回避で早期終了
golden,60,2,off	31936	FairPolish	グループ内公平化(fair)研磨: fair 3->3 / total 337->337 HARD 0->0 採用0回 [頭打ち=改善手なし] 不採用34件(重み悪化:34)(主因 c1:17 low:14 c3mn:2) 残存: 山本昌幸 Dﾃ, 山本昌幸 A4, 山本昌幸 Cｵ / 結合候補: FairChain×34 / 結合探索: 200通り試行/1ms→無駄打ち回避で早期終了
golden,60,2,off	36546	POST	後処理タイミング 総6376ms: HF80=15ms HF67=15ms HF66=1ms 巡回研磨(厳密日割当+c1/c3/range/apt/fair+曜日/交互)=3180ms C1共同LNS=1496ms 個人共同LNS=1668ms 最終検査+HF70=1ms
golden,60,2,off	36546	POST	後処理パス別 計6361ms: 個人回数共同LNS=1596ms(25%) C1共同LNS=1496ms(23%) C1広域ビーム=1273ms(20%) C1時系列フロー=643ms(10%) C1厳密窓=593ms(9%) ComponentRepair=287ms(4%) C1索引修復=108ms(1%) BlockRotationPolish=56ms(0%)
golden,60,2,off	36545	UnifiedCheck	合計=335 | HARD=0 [groupViol=0 c3n=0 covU=0 pref=0 c3w=0] | SOFT=335 [c1=83 c3=33 c3m=43 c3mn=5 c42=5 covO=2 low=6 high=3 fair=3 weekly=152] (0ms)
golden,60,2,off	30255	C1Polish	期間要件(c1)研磨: c1 84->84 / total 333->333 HARD 0->0 採用0回(鏡像:0 自己:0 再配置:0) [頭打ち=改善手なし] 残存: 古泉 健一 休(14日5回)(不採用×31 主因 c1:17 c3n:10), 山本昌幸 Dﾃ(14日2回)(不採用×15 主因 c3n:12 c1:3), 山本昌幸 休(14日5回)(不採用×34 主因 c3n:13 c1:11), 福澤俊陽 Dﾃ(14日2回)(不採用×15 主因 c3n:10 c1:4), 福澤俊陽 休(14日5回)(不採用×12 主因 low:6 c3n:3), 佐藤直美 Dﾃ(14日2回)(不採用×26 主因 c3n:17 c1:4), 佐藤直美 休(14日5回)(不採用×22 主因 low:9 c1:7), 吉江雄貴 Dﾃ(14日2回)(不採用×18 主因 c3n:13 c1:3), 吉江雄貴 休(14日5回)(不採用×27 主因 low:11 c1:8), 金沢勇輝 休(14日5回)(不採用×19 主因 c1:9 low:6), モニカ Dﾃ(14日2回)(不採用×17 主因 c3n:15 c1:2), モニカ 休(14日5回)(不採用×29 主因 c1:20 low:5), アリフ Dﾃ(14日2回)(不採用×19 主因 c3n:9 low:5), アリフ 休(14日5回)(不採用×12 主因 c1:5 c3n:4) / 結合候補: 手R3×2 手B×124 / 結合探索: 200通り試行/3ms→無駄打ち回避で早期終了
golden,60,2,off	31412	C1BeamPolish	期間要件(c1)研磨[ビーム K=16 steps=60/715ms]: c1 84->84 / total 333->333 score 6600->6600 HARD 0->0 手数0 [探索結果が根に勝てず破棄]
golden,60,2,off	31868	C3mnPolish	回避パターン(c3mn)研磨: c3mn 5->5 / total 337->337 HARD 0->0 採用0回 [頭打ち=改善手なし] 不採用13件(重み悪化:13)(主因 c1:10 high:3) 残存: 吉江雄貴, モニカ, アリフ / 結合候補: C3mnAlt×13 / 結合探索: 200通り試行/1ms→無駄打ち回避で早期終了
golden,60,2,off	31879	RangePolish	個人回数(low/high)玉突き研磨: low 6->6 / high 3->3 / total 337->337 HARD 0->0 採用0回（日割当:0 / 柔軟日割当:0） [頭打ち=改善手なし] 残存: 古泉 健一 休(range後回し×9・不採用×7 主因 c1:5 c3:1・候補なし×4・希望固定×3), 福澤俊陽 B4(希望固定×12: 12/2・12/4・12/5・12/6・12/7・12/10ほか6日・不採用×9 主因 c1:7 low:1・range後回し×4・候補なし×3・禁止連続×3), 桒澤美幸 休(希望固定×16: 12/6・12/11・12/13・12/17・12/23・12/29ほか2日・不採用×10 主因 c1:10・柔軟日割当候補なし×1・日割当候補なし×1), 吉江雄貴 B4(不採用×7 主因 c1:5 c3:1・range後回し×7・候補なし×6・希望固定×6・禁止連続×4・ピン破り×1), モニカ B4(希望固定×10: 12/1・12/5・12/6・12/7・12/8・12/12ほか4日・range後回し×10・不採用×6 主因 c1:3 c3:1・禁止連続×4・候補なし×1), アリフ B4(不採用×10 主因 c1:8 c3mn:1・range後回し×7・候補なし×6・希望固定×6・禁止連続×2) / 結合候補: tryRelocate×87 / 結合探索: 200通り試行/1ms→無駄打ち回避で早期終了
golden,60,2,off	31936	FairPolish	グループ内公平化(fair)研磨: fair 3->3 / total 337->337 HARD 0->0 採用0回 [頭打ち=改善手なし] 不採用34件(重み悪化:34)(主因 c1:17 low:14 c3mn:2) 残存: 山本昌幸 Dﾃ, 山本昌幸 A4, 山本昌幸 Cｵ / 結合候補: FairChain×34 / 結合探索: 200通り試行/1ms→無駄打ち回避で早期終了
golden,60,2,off	36546	POST	後処理タイミング 総6376ms: HF80=15ms HF67=15ms HF66=1ms 巡回研磨(厳密日割当+c1/c3/range/apt/fair+曜日/交互)=3180ms C1共同LNS=1496ms 個人共同LNS=1668ms 最終検査+HF70=1ms
golden,60,2,off	36546	POST	後処理パス別 計6361ms: 個人回数共同LNS=1596ms(25%) C1共同LNS=1496ms(23%) C1広域ビーム=1273ms(20%) C1時系列フロー=643ms(10%) C1厳密窓=593ms(9%) ComponentRepair=287ms(4%) C1索引修復=108ms(1%) BlockRotationPolish=56ms(0%)
golden,60,2,v2	27794	V6Dispatcher	完了 algorithm=RSI HARD=0 total=341 elapsed=27792ms
golden,60,2,v2	29797	V6Dispatcher	完了 algorithm=ALNS HARD=0 total=341 elapsed=2003ms
golden,60,2,v2	31081	C1BeamPolish	期間要件(c1)研磨[ビーム K=16 steps=60/741ms]: c1 80->80 / total 331->331 score 6198->6198 HARD 0->0 手数0 [探索結果が根に勝てず破棄]
golden,60,2,v2	31111	C3mnPolish	回避パターン(c3mn)研磨: c3mn 3->3 / total 337->337 HARD 0->0 採用0回 [頭打ち=改善手なし] 不採用11件(重み悪化:11)(主因 c1:7 low:2 high:2) 残存: 福澤俊陽, 吉江雄貴, アリフ / 結合候補: C3mnAlt×11 / 結合探索: 200通り試行/1ms→無駄打ち回避で早期終了
golden,60,2,v2	31141	RangePolish	個人回数(low/high)玉突き研磨: low 5->5 / high 4->4 / total 337->337 HARD 0->0 採用0回（日割当:0 / 柔軟日割当:0） [頭打ち=改善手なし] 残存: 古泉 健一 休(不採用×7 主因 c1:7・range後回し×6・候補なし×4・希望固定×3・ピン破り×2), 山本昌幸 Cｵ(候補なし×16・range後回し×15・不採用×10 主因 c1:9 low:1・禁止連続×4・柔軟日割当候補なし×1・日割当候補なし×1), 山本昌幸 B4(不採用×9 主因 c1:8 c2:1・range後回し×9・希望固定×6・候補なし×5・禁止連続×2), 桒澤美幸 休(希望固定×16: 12/6・12/11・12/13・12/17・12/23・12/29ほか2日・不採用×10 主因 c1:10・柔軟日割当候補なし×1・日割当候補なし×1), 金沢勇輝 B4(希望固定×8: 12/1・12/3・12/4・12/8・12/18・12/21ほか2日・不採用×8 主因 c1:7・range後回し×6・候補なし×5・禁止連続×4), モニカ B4(希望固定×10: 12/1・12/5・12/6・12/7・12/8・12/12ほか4日・不採用×9 主因 c1:8 c2:1・range後回し×8・禁止連続×3・候補なし×1), アリフ B4(不採用×11 主因 c1:9 c3mn:1・候補なし×6・希望固定×6・range後回し×5・禁止連続×3) / 結合候補: tryRelocate×115 / 結合探索: 200通り試行/1ms→無駄打ち回避で早期終了
golden,60,2,v2	38338	C1EjectionChain	期間要件(c1)玉突き連鎖v2[起点29/候補1507409/評価1611171/試行1933/採用1/採用深さ最大2/重複除外444/終了時間切れ/時間切れ1/3000ms]: c1 78->78 score 6091->6057 HARD 0->0 total 335->331 族差 c3-2 weekly-2
golden,60,2,v2	39461	POST	後処理タイミング 総9542ms: HF80=14ms HF67=14ms HF66=2ms 巡回研磨(厳密日割当+c1/c3/range/apt/fair+曜日/交互)=2367ms C1共同LNS=6022ms 個人共同LNS=1122ms 最終検査+HF70=1ms
golden,60,2,v2	39461	POST	後処理パス別 計9536ms: C1共同LNS=3022ms(31%) C1玉突き連鎖=3000ms(31%) 個人回数共同LNS=1064ms(11%) C1広域ビーム=996ms(10%) C1時系列フロー=626ms(6%) ComponentRepair=279ms(2%) AnchoredWindowSwap=103ms(1%) C1索引修復=98ms(1%)
golden,60,2,v2	39460	UnifiedCheck	合計=329 | HARD=0 [groupViol=0 c3n=0 covU=0 pref=0 c3w=0] | SOFT=329 [c1=78 c3=39 c3m=36 c3mn=3 c42=8 covO=1 low=5 high=3 fair=1 weekly=155] (0ms)
golden,60,2,v2	31081	C1BeamPolish	期間要件(c1)研磨[ビーム K=16 steps=60/741ms]: c1 80->80 / total 331->331 score 6198->6198 HARD 0->0 手数0 [探索結果が根に勝てず破棄]
golden,60,2,v2	31111	C3mnPolish	回避パターン(c3mn)研磨: c3mn 3->3 / total 337->337 HARD 0->0 採用0回 [頭打ち=改善手なし] 不採用11件(重み悪化:11)(主因 c1:7 low:2 high:2) 残存: 福澤俊陽, 吉江雄貴, アリフ / 結合候補: C3mnAlt×11 / 結合探索: 200通り試行/1ms→無駄打ち回避で早期終了
golden,60,2,v2	31141	RangePolish	個人回数(low/high)玉突き研磨: low 5->5 / high 4->4 / total 337->337 HARD 0->0 採用0回（日割当:0 / 柔軟日割当:0） [頭打ち=改善手なし] 残存: 古泉 健一 休(不採用×7 主因 c1:7・range後回し×6・候補なし×4・希望固定×3・ピン破り×2), 山本昌幸 Cｵ(候補なし×16・range後回し×15・不採用×10 主因 c1:9 low:1・禁止連続×4・柔軟日割当候補なし×1・日割当候補なし×1), 山本昌幸 B4(不採用×9 主因 c1:8 c2:1・range後回し×9・希望固定×6・候補なし×5・禁止連続×2), 桒澤美幸 休(希望固定×16: 12/6・12/11・12/13・12/17・12/23・12/29ほか2日・不採用×10 主因 c1:10・柔軟日割当候補なし×1・日割当候補なし×1), 金沢勇輝 B4(希望固定×8: 12/1・12/3・12/4・12/8・12/18・12/21ほか2日・不採用×8 主因 c1:7・range後回し×6・候補なし×5・禁止連続×4), モニカ B4(希望固定×10: 12/1・12/5・12/6・12/7・12/8・12/12ほか4日・不採用×9 主因 c1:8 c2:1・range後回し×8・禁止連続×3・候補なし×1), アリフ B4(不採用×11 主因 c1:9 c3mn:1・候補なし×6・希望固定×6・range後回し×5・禁止連続×3) / 結合候補: tryRelocate×115 / 結合探索: 200通り試行/1ms→無駄打ち回避で早期終了
golden,60,2,v2	38338	C1EjectionChain	期間要件(c1)玉突き連鎖v2[起点29/候補1507409/評価1611171/試行1933/採用1/採用深さ最大2/重複除外444/終了時間切れ/時間切れ1/3000ms]: c1 78->78 score 6091->6057 HARD 0->0 total 335->331 族差 c3-2 weekly-2
golden,60,2,v2	39461	POST	後処理タイミング 総9542ms: HF80=14ms HF67=14ms HF66=2ms 巡回研磨(厳密日割当+c1/c3/range/apt/fair+曜日/交互)=2367ms C1共同LNS=6022ms 個人共同LNS=1122ms 最終検査+HF70=1ms
golden,60,2,v2	39461	POST	後処理パス別 計9536ms: C1共同LNS=3022ms(31%) C1玉突き連鎖=3000ms(31%) 個人回数共同LNS=1064ms(11%) C1広域ビーム=996ms(10%) C1時系列フロー=626ms(6%) ComponentRepair=279ms(2%) AnchoredWindowSwap=103ms(1%) C1索引修復=98ms(1%)
golden,60,3,v2	27362	V6Dispatcher	完了 algorithm=RSI HARD=0 total=328 elapsed=27359ms
golden,60,3,v2	29366	V6Dispatcher	完了 algorithm=ALNS HARD=0 total=328 elapsed=2003ms
golden,60,3,v2	29571	C1Polish	期間要件(c1)研磨: c1 87->86 / total 329->331 HARD 0->0 採用1回(鏡像:0 自己:0 再配置:0) 残存: 古泉 健一 休(14日5回)(不採用×62 主因 c1:23 c3n:20), 山本昌幸 休(14日5回)(不採用×51 主因 low:18 c3n:17), 福澤俊陽 Dﾃ(14日2回)(不採用×18 主因 c3n:12 c1:4), 福澤俊陽 休(14日5回)(不採用×10 主因 c3n:6 low:2), 佐藤直美 Dﾃ(14日2回)(不採用×34 主因 c3n:26 low:5), 佐藤直美 休(14日5回)(不採用×62 主因 c1:34 c3n:20), 吉江雄貴 Dﾃ(14日2回)(不採用×44 主因 c3n:28 c1:10), 吉江雄貴 休(14日5回)(不採用×48 主因 low:32 c3n:10), 金沢勇輝 Dﾃ(14日2回)(不採用×34 主因 c3n:26 c1:4), 金沢勇輝 休(14日5回)(不採用×40 主因 low:22 c3n:12), モニカ 休(14日5回)(不採用×52 主因 low:27 c1:15), アリフ Dﾃ(14日2回)(不採用×36 主因 c3n:18 low:11), アリフ 休(14日5回)(不採用×34 主因 c1:14 low:12), 古泉 健一 Dﾃ(14日2回)(不採用×46 主因 c3n:34 low:7) / 結合候補: 手B×228 / 結合探索: 200通り試行/4ms→無駄打ち回避で早期終了
golden,60,3,v2	30786	C1BeamPolish	期間要件(c1)研磨[ビーム K=16 steps=60/793ms]: c1 86->86 / total 331->331 score 6403->6403 HARD 0->0 手数0 [探索結果が根に勝てず破棄]
golden,60,3,v2	30836	RangePolish	個人回数(low/high)玉突き研磨: low 5->5 / high 5->5 / total 329->329 HARD 0->0 採用0回（日割当:0 / 柔軟日割当:0） [頭打ち=改善手なし] 残存: 古泉 健一 Cｵ(range後回し×16・候補なし×13・禁止連続×10・不採用×6 主因 c1:5 c3mn:1・柔軟日割当候補なし×1・日割当候補なし×1), 山本昌幸 B4(不採用×10 主因 c1:9 c2:1・range後回し×8・希望固定×6・候補なし×5・禁止連続×2), 桒澤美幸 休(希望固定×16: 12/6・12/11・12/13・12/17・12/23・12/29ほか2日・不採用×10 主因 c1:10・柔軟日割当候補なし×1・日割当候補なし×1), 佐藤直美 A4(range後回し×16・候補なし×11・希望固定×10・禁止連続×8・柔軟日割当候補なし×1・日割当候補なし×1), 佐藤直美 B4(不採用×8 主因 c1:7 c2:1・range後回し×8・希望固定×7・候補なし×5・禁止連続×3), 吉江雄貴 B4(不採用×10 主因 c1:9 low:1・候補なし×6・希望固定×6・range後回し×5・禁止連続×4), モニカ B4(希望固定×10: 12/1・12/5・12/6・12/7・12/8・12/12ほか4日・不採用×8 主因 c1:7 c2:1・range後回し×8・禁止連続×4・候補なし×1), アリフ B4(不採用×11 主因 c1:9 weekly:1・候補なし×6・希望固定×6・range後回し×5・禁止連続×2・ピン破り×1) / 結合候補: tryRelocate×130 / 結合探索: 200通り試行/1ms→無駄打ち回避で早期終了
golden,60,3,v2	36614	C1EjectionChain	期間要件(c1)玉突き連鎖v2[起点29/候補1541123/評価1643012/試行1975/採用0/採用深さ最大0/重複除外355/終了時間切れ/時間切れ1/3000ms]: c1 86->86 score 6383->6383 HARD 0->0 total 331->331 族差 
golden,60,3,v2	37412	POST	後処理タイミング 総8008ms: HF80=20ms HF67=19ms HF66=1ms 巡回研磨(厳密日割当+c1/c3/range/apt/fair+曜日/交互)=2974ms C1共同LNS=4196ms 個人共同LNS=797ms 最終検査+HF70=1ms
golden,60,3,v2	37412	POST	後処理パス別 計8001ms: C1玉突き連鎖=3000ms(37%) C1広域ビーム=1541ms(19%) C1共同LNS=1196ms(14%) 個人回数共同LNS=761ms(9%) C1時系列フロー=636ms(7%) ComponentRepair=268ms(3%) C1索引修復=119ms(1%) C1同日交換=105ms(1%)
golden,60,3,v2	37411	UnifiedCheck	合計=329 | HARD=0 [groupViol=0 c3n=0 covU=0 pref=0 c3w=0] | SOFT=329 [c1=86 c3=29 c3m=41 c3mn=3 c42=7 covO=1 low=5 high=5 fair=2 weekly=150] (0ms)
golden,60,3,v2	29571	C1Polish	期間要件(c1)研磨: c1 87->86 / total 329->331 HARD 0->0 採用1回(鏡像:0 自己:0 再配置:0) 残存: 古泉 健一 休(14日5回)(不採用×62 主因 c1:23 c3n:20), 山本昌幸 休(14日5回)(不採用×51 主因 low:18 c3n:17), 福澤俊陽 Dﾃ(14日2回)(不採用×18 主因 c3n:12 c1:4), 福澤俊陽 休(14日5回)(不採用×10 主因 c3n:6 low:2), 佐藤直美 Dﾃ(14日2回)(不採用×34 主因 c3n:26 low:5), 佐藤直美 休(14日5回)(不採用×62 主因 c1:34 c3n:20), 吉江雄貴 Dﾃ(14日2回)(不採用×44 主因 c3n:28 c1:10), 吉江雄貴 休(14日5回)(不採用×48 主因 low:32 c3n:10), 金沢勇輝 Dﾃ(14日2回)(不採用×34 主因 c3n:26 c1:4), 金沢勇輝 休(14日5回)(不採用×40 主因 low:22 c3n:12), モニカ 休(14日5回)(不採用×52 主因 low:27 c1:15), アリフ Dﾃ(14日2回)(不採用×36 主因 c3n:18 low:11), アリフ 休(14日5回)(不採用×34 主因 c1:14 low:12), 古泉 健一 Dﾃ(14日2回)(不採用×46 主因 c3n:34 low:7) / 結合候補: 手B×228 / 結合探索: 200通り試行/4ms→無駄打ち回避で早期終了
golden,60,3,v2	30786	C1BeamPolish	期間要件(c1)研磨[ビーム K=16 steps=60/793ms]: c1 86->86 / total 331->331 score 6403->6403 HARD 0->0 手数0 [探索結果が根に勝てず破棄]
golden,60,3,v2	30836	RangePolish	個人回数(low/high)玉突き研磨: low 5->5 / high 5->5 / total 329->329 HARD 0->0 採用0回（日割当:0 / 柔軟日割当:0） [頭打ち=改善手なし] 残存: 古泉 健一 Cｵ(range後回し×16・候補なし×13・禁止連続×10・不採用×6 主因 c1:5 c3mn:1・柔軟日割当候補なし×1・日割当候補なし×1), 山本昌幸 B4(不採用×10 主因 c1:9 c2:1・range後回し×8・希望固定×6・候補なし×5・禁止連続×2), 桒澤美幸 休(希望固定×16: 12/6・12/11・12/13・12/17・12/23・12/29ほか2日・不採用×10 主因 c1:10・柔軟日割当候補なし×1・日割当候補なし×1), 佐藤直美 A4(range後回し×16・候補なし×11・希望固定×10・禁止連続×8・柔軟日割当候補なし×1・日割当候補なし×1), 佐藤直美 B4(不採用×8 主因 c1:7 c2:1・range後回し×8・希望固定×7・候補なし×5・禁止連続×3), 吉江雄貴 B4(不採用×10 主因 c1:9 low:1・候補なし×6・希望固定×6・range後回し×5・禁止連続×4), モニカ B4(希望固定×10: 12/1・12/5・12/6・12/7・12/8・12/12ほか4日・不採用×8 主因 c1:7 c2:1・range後回し×8・禁止連続×4・候補なし×1), アリフ B4(不採用×11 主因 c1:9 weekly:1・候補なし×6・希望固定×6・range後回し×5・禁止連続×2・ピン破り×1) / 結合候補: tryRelocate×130 / 結合探索: 200通り試行/1ms→無駄打ち回避で早期終了
golden,60,3,v2	36614	C1EjectionChain	期間要件(c1)玉突き連鎖v2[起点29/候補1541123/評価1643012/試行1975/採用0/採用深さ最大0/重複除外355/終了時間切れ/時間切れ1/3000ms]: c1 86->86 score 6383->6383 HARD 0->0 total 331->331 族差 
golden,60,3,v2	37412	POST	後処理タイミング 総8008ms: HF80=20ms HF67=19ms HF66=1ms 巡回研磨(厳密日割当+c1/c3/range/apt/fair+曜日/交互)=2974ms C1共同LNS=4196ms 個人共同LNS=797ms 最終検査+HF70=1ms
golden,60,3,v2	37412	POST	後処理パス別 計8001ms: C1玉突き連鎖=3000ms(37%) C1広域ビーム=1541ms(19%) C1共同LNS=1196ms(14%) 個人回数共同LNS=761ms(9%) C1時系列フロー=636ms(7%) ComponentRepair=268ms(3%) C1索引修復=119ms(1%) C1同日交換=105ms(1%)
golden,60,3,off	27586	V6Dispatcher	完了 algorithm=RSI HARD=0 total=327 elapsed=27584ms
golden,60,3,off	29589	V6Dispatcher	完了 algorithm=ALNS HARD=0 total=327 elapsed=2003ms
golden,60,3,off	29692	C1Polish	期間要件(c1)研磨: c1 89->88 / total 327->326 HARD 0->0 採用1回(鏡像:0 自己:0 再配置:1) 残存: 古泉 健一 休(14日5回)(不採用×28 主因 low:11 c3n:9), 山本昌幸 Dﾃ(14日2回)(不採用×17 主因 c3n:12 c1:4), 山本昌幸 休(14日5回)(不採用×25 主因 c3n:11 c1:10), 福澤俊陽 Dﾃ(14日2回)(不採用×12 主因 c3n:7 c1:5), 福澤俊陽 休(14日5回)(不採用×16 主因 c3n:7 c1:6), 佐藤直美 休(14日5回)(不採用×30 主因 c1:15 c3n:8), 吉江雄貴 Dﾃ(14日2回)(不採用×14 主因 c3n:11 c1:3), 吉江雄貴 休(14日5回)(不採用×15 主因 c1:7 low:4), 金沢勇輝 Dﾃ(14日2回)(不採用×15 主因 c3n:13 low:1), 金沢勇輝 休(14日5回)(不採用×25 主因 low:12 c1:8), モニカ Dﾃ(14日2回)(不採用×16 主因 c3n:11 c1:4), モニカ 休(14日5回)(不採用×26 主因 low:11 c1:9), アリフ Dﾃ(14日2回)(不採用×25 主因 c3n:15 c1:8), アリフ 休(14日5回)(不採用×12 主因 c1:6 low:4), 古泉 健一 Dﾃ(14日2回)(不採用×23 主因 c3n:14 c1:7) / 結合候補: 手B×121 / 結合探索: 200通り試行/1ms→無駄打ち回避で早期終了
golden,60,3,off	30414	C1BeamPolish	期間要件(c1)研磨[ビーム K=16 steps=30/363ms/最良が20手更新されず打ち切り]: c1 88->88 / total 326->326 score 6419->6419 HARD 0->0 手数0 [探索結果が根に勝てず破棄]
golden,60,3,off	30564	FairPolish	グループ内公平化(fair)研磨: fair 3->3 / total 326->326 HARD 0->0 採用0回 [頭打ち=改善手なし] 不採用15件(重み悪化:15)(主因 c1:9 low:5 weekly:1) 残存: 佐藤直美 Dﾃ, 福澤俊陽 A4, 佐藤直美 Cｵ / 結合候補: FairChain×15 / 結合探索: 200通り試行/1ms→無駄打ち回避で早期終了
golden,60,3,off	33966	POST	後処理タイミング 総4370ms: HF80=14ms HF67=35ms HF66=1ms 巡回研磨(厳密日割当+c1/c3/range/apt/fair+曜日/交互)=2061ms C1共同LNS=1391ms 個人共同LNS=868ms 最終検査+HF70=0ms
golden,60,3,off	33966	POST	後処理パス別 計4366ms: C1共同LNS=1391ms(31%) 個人回数共同LNS=811ms(18%) C1広域ビーム=712ms(16%) C1時系列フロー=575ms(13%) ComponentRepair=285ms(6%) BlockRotationPolish=137ms(3%) C1索引修復=115ms(2%) C1同日交換=46ms(1%)
golden,60,3,off	33966	UnifiedCheck	合計=315 | HARD=0 [groupViol=0 c3n=0 covU=0 pref=0 c3w=0] | SOFT=315 [c1=88 c3=30 c3m=36 c3mn=3 c42=6 covO=1 low=5 high=4 fair=3 weekly=139] (0ms)
golden,60,3,off	29692	C1Polish	期間要件(c1)研磨: c1 89->88 / total 327->326 HARD 0->0 採用1回(鏡像:0 自己:0 再配置:1) 残存: 古泉 健一 休(14日5回)(不採用×28 主因 low:11 c3n:9), 山本昌幸 Dﾃ(14日2回)(不採用×17 主因 c3n:12 c1:4), 山本昌幸 休(14日5回)(不採用×25 主因 c3n:11 c1:10), 福澤俊陽 Dﾃ(14日2回)(不採用×12 主因 c3n:7 c1:5), 福澤俊陽 休(14日5回)(不採用×16 主因 c3n:7 c1:6), 佐藤直美 休(14日5回)(不採用×30 主因 c1:15 c3n:8), 吉江雄貴 Dﾃ(14日2回)(不採用×14 主因 c3n:11 c1:3), 吉江雄貴 休(14日5回)(不採用×15 主因 c1:7 low:4), 金沢勇輝 Dﾃ(14日2回)(不採用×15 主因 c3n:13 low:1), 金沢勇輝 休(14日5回)(不採用×25 主因 low:12 c1:8), モニカ Dﾃ(14日2回)(不採用×16 主因 c3n:11 c1:4), モニカ 休(14日5回)(不採用×26 主因 low:11 c1:9), アリフ Dﾃ(14日2回)(不採用×25 主因 c3n:15 c1:8), アリフ 休(14日5回)(不採用×12 主因 c1:6 low:4), 古泉 健一 Dﾃ(14日2回)(不採用×23 主因 c3n:14 c1:7) / 結合候補: 手B×121 / 結合探索: 200通り試行/1ms→無駄打ち回避で早期終了
golden,60,3,off	30414	C1BeamPolish	期間要件(c1)研磨[ビーム K=16 steps=30/363ms/最良が20手更新されず打ち切り]: c1 88->88 / total 326->326 score 6419->6419 HARD 0->0 手数0 [探索結果が根に勝てず破棄]
golden,60,3,off	30564	FairPolish	グループ内公平化(fair)研磨: fair 3->3 / total 326->326 HARD 0->0 採用0回 [頭打ち=改善手なし] 不採用15件(重み悪化:15)(主因 c1:9 low:5 weekly:1) 残存: 佐藤直美 Dﾃ, 福澤俊陽 A4, 佐藤直美 Cｵ / 結合候補: FairChain×15 / 結合探索: 200通り試行/1ms→無駄打ち回避で早期終了
golden,60,3,off	33966	POST	後処理タイミング 総4370ms: HF80=14ms HF67=35ms HF66=1ms 巡回研磨(厳密日割当+c1/c3/range/apt/fair+曜日/交互)=2061ms C1共同LNS=1391ms 個人共同LNS=868ms 最終検査+HF70=0ms
golden,60,3,off	33966	POST	後処理パス別 計4366ms: C1共同LNS=1391ms(31%) 個人回数共同LNS=811ms(18%) C1広域ビーム=712ms(16%) C1時系列フロー=575ms(13%) ComponentRepair=285ms(6%) BlockRotationPolish=137ms(3%) C1索引修復=115ms(2%) C1同日交換=46ms(1%)
golden,120,1,v2	38748	V6Dispatcher	完了 algorithm=RSI HARD=0 total=336 elapsed=38746ms
golden,120,1,v2	41751	V6Dispatcher	完了 algorithm=ALNS HARD=0 total=336 elapsed=3003ms
golden,120,1,v2	42916	C1BeamPolish	期間要件(c1)研磨[ビーム K=16 steps=60/723ms]: c1 78->78 / total 325->325 score 6246->6246 HARD 0->0 手数0 [探索結果が根に勝てず破棄]
golden,120,1,v2	50267	C1EjectionChain	期間要件(c1)玉突き連鎖v2[起点29/候補1546028/評価1658162/試行1999/採用1/採用深さ最大4/重複除外597/終了時間切れ/時間切れ1/3000ms]: c1 74->74 score 6178->6176 HARD 0->0 total 329->328 族差 weekly-1
golden,120,1,v2	50764	POST	後処理タイミング 総9000ms: HF80=14ms HF67=14ms HF66=3ms 巡回研磨(厳密日割当+c1/c3/range/apt/fair+曜日/交互)=2798ms C1共同LNS=5674ms 個人共同LNS=497ms 最終検査+HF70=0ms
golden,120,1,v2	50764	POST	後処理パス別 計8998ms: C1玉突き連鎖=3000ms(33%) C1共同LNS=2674ms(29%) C1広域ビーム=1507ms(16%) C1時系列フロー=578ms(6%) 個人回数共同LNS=424ms(4%) ComponentRepair=302ms(3%) C1索引修復=103ms(1%) BlockRotationPolish=68ms(0%)
golden,120,1,v2	50764	UnifiedCheck	合計=327 | HARD=0 [groupViol=0 c3n=0 covU=0 pref=0 c3w=0] | SOFT=327 [c1=74 c2=2 c3=36 c3m=33 c3mn=2 c42=6 covO=3 low=8 high=7 fair=2 weekly=154] (0ms)
golden,120,1,v2	42916	C1BeamPolish	期間要件(c1)研磨[ビーム K=16 steps=60/723ms]: c1 78->78 / total 325->325 score 6246->6246 HARD 0->0 手数0 [探索結果が根に勝てず破棄]
golden,120,1,v2	50267	C1EjectionChain	期間要件(c1)玉突き連鎖v2[起点29/候補1546028/評価1658162/試行1999/採用1/採用深さ最大4/重複除外597/終了時間切れ/時間切れ1/3000ms]: c1 74->74 score 6178->6176 HARD 0->0 total 329->328 族差 weekly-1
golden,120,1,v2	50764	POST	後処理タイミング 総9000ms: HF80=14ms HF67=14ms HF66=3ms 巡回研磨(厳密日割当+c1/c3/range/apt/fair+曜日/交互)=2798ms C1共同LNS=5674ms 個人共同LNS=497ms 最終検査+HF70=0ms
golden,120,1,v2	50764	POST	後処理パス別 計8998ms: C1玉突き連鎖=3000ms(33%) C1共同LNS=2674ms(29%) C1広域ビーム=1507ms(16%) C1時系列フロー=578ms(6%) 個人回数共同LNS=424ms(4%) ComponentRepair=302ms(3%) C1索引修復=103ms(1%) BlockRotationPolish=68ms(0%)
golden,120,1,off	39550	V6Dispatcher	完了 algorithm=RSI HARD=0 total=329 elapsed=39550ms
golden,120,1,off	55596	V6Dispatcher	完了 algorithm=ALNS HARD=0 total=321 elapsed=16045ms
golden,120,1,off	55860	C1Polish	期間要件(c1)研磨: c1 85->85 / total 321->321 HARD 0->0 採用0回(鏡像:0 自己:0 再配置:0) [頭打ち=改善手なし] 残存: 古泉 健一 休(14日5回)(不採用×31 主因 c1:12 c3n:10), 山本昌幸 Dﾃ(14日2回)(不採用×28 主因 c3n:20 low:4), 山本昌幸 休(14日5回)(不採用×22 主因 low:9 c3n:7), 福澤俊陽 Dﾃ(14日2回)(不採用×10 主因 c3n:6 c1:3), 福澤俊陽 休(14日5回)(不採用×14 主因 low:5 c1:5), 佐藤直美 Dﾃ(14日2回)(不採用×16 主因 c3n:11 c1:3), 佐藤直美 休(14日5回)(不採用×17 主因 c1:6 low:5), 吉江雄貴 Dﾃ(14日2回)(不採用×15 主因 c3n:9 c1:4), 吉江雄貴 休(14日5回)(不採用×26 主因 low:11 c3n:8), 金沢勇輝 休(14日5回)(不採用×17 主因 c1:7 c3n:6), モニカ Dﾃ(14日2回)(不採用×18 主因 c3n:17 c1:1), モニカ 休(14日5回)(不採用×25 主因 c1:19 c3n:4), アリフ Dﾃ(14日2回)(不採用×11 主因 c3n:6 low:3), アリフ 休(14日5回)(不採用×11 主因 low:9 c3n:2), 古泉 健一 Dﾃ(14日2回)(不採用×12 主因 c3n:9 low:2) / 結合候補: 手B×112 / 結合探索: 200通り試行/1ms→無駄打ち回避で早期終了
golden,120,1,off	56472	C1BeamPolish	期間要件(c1)研磨[ビーム K=16 steps=22/268ms/最良が20手更新されず打ち切り]: c1 85->85 / total 321->321 score 6371->6371 HARD 0->0 手数0 [探索結果が根に勝てず破棄]
golden,120,1,off	56669	C3mnPolish	回避パターン(c3mn)研磨: c3mn 3->3 / total 321->321 HARD 0->0 採用0回 [頭打ち=改善手なし] 不採用13件(重み悪化:13)(主因 c1:6 low:4 high:2) 残存: 吉江雄貴, モニカ, アリフ / 結合候補: C3mnAlt×13 / 結合探索: 200通り試行/1ms→無駄打ち回避で早期終了
golden,120,1,off	58417	POST	後処理タイミング 総2638ms: HF80=14ms HF67=14ms HF66=1ms 巡回研磨(厳密日割当+c1/c3/range/apt/fair+曜日/交互)=1027ms C1共同LNS=1053ms 個人共同LNS=529ms 最終検査+HF70=0ms
golden,120,1,off	58418	POST	後処理パス別 計2635ms: C1共同LNS=1053ms(39%) 個人回数共同LNS=471ms(17%) C1時系列フロー=287ms(10%) C1広域ビーム=268ms(10%) C1厳密窓=135ms(5%) ComponentRepair=131ms(4%) C1索引修復=57ms(2%) BlockRotationPolish=47ms(1%)
golden,120,1,off	58417	UnifiedCheck	合計=321 | HARD=0 [groupViol=0 c3n=0 covU=0 pref=0 c3w=0] | SOFT=321 [c1=85 c2=1 c3=32 c3m=34 c3mn=3 c42=7 covO=1 low=5 high=8 fair=3 weekly=142] (0ms)
golden,120,1,off	55860	C1Polish	期間要件(c1)研磨: c1 85->85 / total 321->321 HARD 0->0 採用0回(鏡像:0 自己:0 再配置:0) [頭打ち=改善手なし] 残存: 古泉 健一 休(14日5回)(不採用×31 主因 c1:12 c3n:10), 山本昌幸 Dﾃ(14日2回)(不採用×28 主因 c3n:20 low:4), 山本昌幸 休(14日5回)(不採用×22 主因 low:9 c3n:7), 福澤俊陽 Dﾃ(14日2回)(不採用×10 主因 c3n:6 c1:3), 福澤俊陽 休(14日5回)(不採用×14 主因 low:5 c1:5), 佐藤直美 Dﾃ(14日2回)(不採用×16 主因 c3n:11 c1:3), 佐藤直美 休(14日5回)(不採用×17 主因 c1:6 low:5), 吉江雄貴 Dﾃ(14日2回)(不採用×15 主因 c3n:9 c1:4), 吉江雄貴 休(14日5回)(不採用×26 主因 low:11 c3n:8), 金沢勇輝 休(14日5回)(不採用×17 主因 c1:7 c3n:6), モニカ Dﾃ(14日2回)(不採用×18 主因 c3n:17 c1:1), モニカ 休(14日5回)(不採用×25 主因 c1:19 c3n:4), アリフ Dﾃ(14日2回)(不採用×11 主因 c3n:6 low:3), アリフ 休(14日5回)(不採用×11 主因 low:9 c3n:2), 古泉 健一 Dﾃ(14日2回)(不採用×12 主因 c3n:9 low:2) / 結合候補: 手B×112 / 結合探索: 200通り試行/1ms→無駄打ち回避で早期終了
golden,120,1,off	56472	C1BeamPolish	期間要件(c1)研磨[ビーム K=16 steps=22/268ms/最良が20手更新されず打ち切り]: c1 85->85 / total 321->321 score 6371->6371 HARD 0->0 手数0 [探索結果が根に勝てず破棄]
golden,120,1,off	56669	C3mnPolish	回避パターン(c3mn)研磨: c3mn 3->3 / total 321->321 HARD 0->0 採用0回 [頭打ち=改善手なし] 不採用13件(重み悪化:13)(主因 c1:6 low:4 high:2) 残存: 吉江雄貴, モニカ, アリフ / 結合候補: C3mnAlt×13 / 結合探索: 200通り試行/1ms→無駄打ち回避で早期終了
golden,120,1,off	58417	POST	後処理タイミング 総2638ms: HF80=14ms HF67=14ms HF66=1ms 巡回研磨(厳密日割当+c1/c3/range/apt/fair+曜日/交互)=1027ms C1共同LNS=1053ms 個人共同LNS=529ms 最終検査+HF70=0ms
golden,120,1,off	58418	POST	後処理パス別 計2635ms: C1共同LNS=1053ms(39%) 個人回数共同LNS=471ms(17%) C1時系列フロー=287ms(10%) C1広域ビーム=268ms(10%) C1厳密窓=135ms(5%) ComponentRepair=131ms(4%) C1索引修復=57ms(2%) BlockRotationPolish=47ms(1%)
golden,120,2,off	36633	V6Dispatcher	完了 algorithm=RSI HARD=0 total=337 elapsed=36632ms
golden,120,2,off	39642	V6Dispatcher	完了 algorithm=ALNS HARD=0 total=337 elapsed=3009ms
golden,120,2,off	39810	C1Polish	期間要件(c1)研磨: c1 86->81 / total 334->336 HARD 0->0 採用4回(鏡像:0 自己:1 再配置:3) 残存: 古泉 健一 休(14日5回)(不採用×63 主因 c1:34 c3n:21), 山本昌幸 Dﾃ(14日2回)(不採用×30 主因 c3n:22 c1:6), 山本昌幸 休(14日5回)(不採用×46 主因 c3n:17 c1:16), 福澤俊陽 Dﾃ(14日2回)(不採用×16 主因 c1:8 c3n:8), 福澤俊陽 休(14日5回)(不採用×34 主因 c1:14 c3n:12), 佐藤直美 Dﾃ(14日2回)(不採用×26 主因 c3n:18 c1:8), 佐藤直美 休(14日5回)(不採用×55 主因 c1:24 c3n:22), 吉江雄貴 Dﾃ(14日2回)(不採用×50 主因 c3n:38 c1:8), 吉江雄貴 休(14日5回)(不採用×48 主因 low:23 c3n:14), 金沢勇輝 Dﾃ(14日2回)(不採用×34 主因 c3n:26 low:8), 金沢勇輝 休(14日5回)(不採用×34 主因 c1:13 low:11), モニカ Dﾃ(14日2回)(不採用×34 主因 c3n:28 c1:6), モニカ 休(14日5回)(不採用×52 主因 c1:26 low:14), アリフ Dﾃ(14日2回)(不採用×34 主因 c3n:14 low:10), アリフ 休(14日5回)(不採用×34 主因 low:14 c1:10), 古泉 健一 Dﾃ(14日2回)(不採用×32 主因 c3n:26 c1:4) / 結合候補: 手R3×1 手B×254 / 結合探索: 200通り試行/2ms→無駄打ち回避で早期終了
golden,120,2,off	40886	C1BeamPolish	期間要件(c1)研磨[ビーム K=16 steps=60/733ms]: c1 81->81 / total 336->336 score 6261->6261 HARD 0->0 手数0 [探索結果が根に勝てず破棄]
golden,120,2,off	41022	FairPolish	グループ内公平化(fair)研磨: fair 4->4 / total 331->331 HARD 0->0 採用0回 [頭打ち=改善手なし] 不採用32件(重み悪化:32)(主因 c1:20 low:10 high:1) 残存: 山本昌幸 Dﾃ, 福澤俊陽 Dﾃ, 山本昌幸 A4, 佐藤直美 Cｵ / 結合候補: FairChain×31 / 結合探索: 200通り試行/1ms→無駄打ち回避で早期終了
golden,120,2,off	44207	POST	後処理タイミング 総4497ms: HF80=15ms HF67=15ms HF66=1ms 巡回研磨(厳密日割当+c1/c3/range/apt/fair+曜日/交互)=2325ms C1共同LNS=1151ms 個人共同LNS=990ms 最終検査+HF70=0ms
golden,120,2,off	44207	POST	後処理パス別 計4491ms: C1共同LNS=1150ms(25%) C1広域ビーム=1022ms(22%) 個人回数共同LNS=921ms(20%) C1時系列フロー=568ms(12%) ComponentRepair=315ms(7%) C1索引修復=95ms(2%) C1同日交換=88ms(1%) AnchoredWindowSwap=72ms(1%)
golden,120,2,off	44207	UnifiedCheck	合計=320 | HARD=0 [groupViol=0 c3n=0 covU=0 pref=0 c3w=0] | SOFT=320 [c1=76 c2=1 c3=35 c3m=40 c3mn=2 c42=6 covO=2 low=7 high=3 fair=4 weekly=144] (0ms)
golden,120,2,off	39810	C1Polish	期間要件(c1)研磨: c1 86->81 / total 334->336 HARD 0->0 採用4回(鏡像:0 自己:1 再配置:3) 残存: 古泉 健一 休(14日5回)(不採用×63 主因 c1:34 c3n:21), 山本昌幸 Dﾃ(14日2回)(不採用×30 主因 c3n:22 c1:6), 山本昌幸 休(14日5回)(不採用×46 主因 c3n:17 c1:16), 福澤俊陽 Dﾃ(14日2回)(不採用×16 主因 c1:8 c3n:8), 福澤俊陽 休(14日5回)(不採用×34 主因 c1:14 c3n:12), 佐藤直美 Dﾃ(14日2回)(不採用×26 主因 c3n:18 c1:8), 佐藤直美 休(14日5回)(不採用×55 主因 c1:24 c3n:22), 吉江雄貴 Dﾃ(14日2回)(不採用×50 主因 c3n:38 c1:8), 吉江雄貴 休(14日5回)(不採用×48 主因 low:23 c3n:14), 金沢勇輝 Dﾃ(14日2回)(不採用×34 主因 c3n:26 low:8), 金沢勇輝 休(14日5回)(不採用×34 主因 c1:13 low:11), モニカ Dﾃ(14日2回)(不採用×34 主因 c3n:28 c1:6), モニカ 休(14日5回)(不採用×52 主因 c1:26 low:14), アリフ Dﾃ(14日2回)(不採用×34 主因 c3n:14 low:10), アリフ 休(14日5回)(不採用×34 主因 low:14 c1:10), 古泉 健一 Dﾃ(14日2回)(不採用×32 主因 c3n:26 c1:4) / 結合候補: 手R3×1 手B×254 / 結合探索: 200通り試行/2ms→無駄打ち回避で早期終了
golden,120,2,off	40886	C1BeamPolish	期間要件(c1)研磨[ビーム K=16 steps=60/733ms]: c1 81->81 / total 336->336 score 6261->6261 HARD 0->0 手数0 [探索結果が根に勝てず破棄]
golden,120,2,off	41022	FairPolish	グループ内公平化(fair)研磨: fair 4->4 / total 331->331 HARD 0->0 採用0回 [頭打ち=改善手なし] 不採用32件(重み悪化:32)(主因 c1:20 low:10 high:1) 残存: 山本昌幸 Dﾃ, 福澤俊陽 Dﾃ, 山本昌幸 A4, 佐藤直美 Cｵ / 結合候補: FairChain×31 / 結合探索: 200通り試行/1ms→無駄打ち回避で早期終了
golden,120,2,off	44207	POST	後処理タイミング 総4497ms: HF80=15ms HF67=15ms HF66=1ms 巡回研磨(厳密日割当+c1/c3/range/apt/fair+曜日/交互)=2325ms C1共同LNS=1151ms 個人共同LNS=990ms 最終検査+HF70=0ms
golden,120,2,off	44207	POST	後処理パス別 計4491ms: C1共同LNS=1150ms(25%) C1広域ビーム=1022ms(22%) 個人回数共同LNS=921ms(20%) C1時系列フロー=568ms(12%) ComponentRepair=315ms(7%) C1索引修復=95ms(2%) C1同日交換=88ms(1%) AnchoredWindowSwap=72ms(1%)
golden,120,2,v2	39398	V6Dispatcher	完了 algorithm=RSI HARD=0 total=336 elapsed=39396ms
golden,120,2,v2	42403	V6Dispatcher	完了 algorithm=ALNS HARD=0 total=336 elapsed=3005ms
golden,120,2,v2	42561	C1Polish	期間要件(c1)研磨: c1 86->84 / total 336->336 HARD 0->0 採用2回(鏡像:0 自己:0 再配置:2) 残存: 古泉 健一 休(14日5回)(不採用×26 主因 low:9 c1:8), 山本昌幸 Dﾃ(14日2回)(不採用×13 主因 c3n:12 c1:1), 山本昌幸 休(14日5回)(不採用×26 主因 c3n:9 low:8), 福澤俊陽 Dﾃ(14日2回)(不採用×7 主因 c3n:6 c1:1), 福澤俊陽 休(14日5回)(不採用×14 主因 c1:8 low:3), 佐藤直美 休(14日5回)(不採用×32 主因 c1:11 c3n:11), 吉江雄貴 Dﾃ(14日2回)(不採用×27 主因 c3n:21 c1:4), 吉江雄貴 休(14日5回)(不採用×24 主因 c1:13 c3n:6), 金沢勇輝 Dﾃ(14日2回)(不採用×15 主因 c3n:13 c3mn:1), 金沢勇輝 休(14日5回)(不採用×18 主因 low:10 c1:4), モニカ Dﾃ(14日2回)(不採用×16 主因 c3n:15 c1:1), モニカ 休(14日5回)(不採用×26 主因 low:11 c1:10), アリフ Dﾃ(14日2回)(不採用×11 主因 c1:5 c3n:5), アリフ 休(14日5回)(不採用×17 主因 c1:7 low:6), 古泉 健一 Dﾃ(14日2回)(不採用×19 主因 c3n:15 c1:3) / 結合候補: 手R3×1 手B×119 / 結合探索: 200通り試行/2ms→無駄打ち回避で早期終了
golden,120,2,v2	43213	C1BeamPolish	期間要件(c1)研磨[ビーム K=16 steps=22/256ms/最良が20手更新されず打ち切り]: c1 84->84 / total 336->336 score 6318->6318 HARD 0->0 手数0 [探索結果が根に勝てず破棄]
golden,120,2,v2	48683	C1EjectionChain	期間要件(c1)玉突き連鎖v2[起点28/候補1441545/評価1552467/試行1865/採用0/採用深さ最大0/重複除外721/終了時間切れ/時間切れ1/3000ms]: c1 82->82 score 6177->6177 HARD 0->0 total 333->333 族差 
golden,120,2,v2	49578	POST	後処理タイミング 総7112ms: HF80=14ms HF67=14ms HF66=1ms 巡回研磨(厳密日割当+c1/c3/range/apt/fair+曜日/交互)=2013ms C1共同LNS=4175ms 個人共同LNS=894ms 最終検査+HF70=1ms
golden,120,2,v2	49578	POST	後処理パス別 計7104ms: C1玉突き連鎖=3000ms(42%) C1共同LNS=1175ms(16%) 個人回数共同LNS=851ms(11%) C1時系列フロー=590ms(8%) C1広域ビーム=566ms(7%) ComponentRepair=257ms(3%) C1厳密窓=148ms(2%) C1索引修復=142ms(1%)
golden,120,2,v2	49577	UnifiedCheck	合計=329 | HARD=0 [groupViol=0 c3n=0 covU=0 pref=0 c3w=0] | SOFT=329 [c1=82 c2=1 c3=28 c3m=38 c3mn=2 c42=7 covO=2 low=6 high=3 fair=3 weekly=157] (0ms)
golden,120,2,v2	42561	C1Polish	期間要件(c1)研磨: c1 86->84 / total 336->336 HARD 0->0 採用2回(鏡像:0 自己:0 再配置:2) 残存: 古泉 健一 休(14日5回)(不採用×26 主因 low:9 c1:8), 山本昌幸 Dﾃ(14日2回)(不採用×13 主因 c3n:12 c1:1), 山本昌幸 休(14日5回)(不採用×26 主因 c3n:9 low:8), 福澤俊陽 Dﾃ(14日2回)(不採用×7 主因 c3n:6 c1:1), 福澤俊陽 休(14日5回)(不採用×14 主因 c1:8 low:3), 佐藤直美 休(14日5回)(不採用×32 主因 c1:11 c3n:11), 吉江雄貴 Dﾃ(14日2回)(不採用×27 主因 c3n:21 c1:4), 吉江雄貴 休(14日5回)(不採用×24 主因 c1:13 c3n:6), 金沢勇輝 Dﾃ(14日2回)(不採用×15 主因 c3n:13 c3mn:1), 金沢勇輝 休(14日5回)(不採用×18 主因 low:10 c1:4), モニカ Dﾃ(14日2回)(不採用×16 主因 c3n:15 c1:1), モニカ 休(14日5回)(不採用×26 主因 low:11 c1:10), アリフ Dﾃ(14日2回)(不採用×11 主因 c1:5 c3n:5), アリフ 休(14日5回)(不採用×17 主因 c1:7 low:6), 古泉 健一 Dﾃ(14日2回)(不採用×19 主因 c3n:15 c1:3) / 結合候補: 手R3×1 手B×119 / 結合探索: 200通り試行/2ms→無駄打ち回避で早期終了
golden,120,2,v2	43213	C1BeamPolish	期間要件(c1)研磨[ビーム K=16 steps=22/256ms/最良が20手更新されず打ち切り]: c1 84->84 / total 336->336 score 6318->6318 HARD 0->0 手数0 [探索結果が根に勝てず破棄]
golden,120,2,v2	48683	C1EjectionChain	期間要件(c1)玉突き連鎖v2[起点28/候補1441545/評価1552467/試行1865/採用0/採用深さ最大0/重複除外721/終了時間切れ/時間切れ1/3000ms]: c1 82->82 score 6177->6177 HARD 0->0 total 333->333 族差 
golden,120,2,v2	49578	POST	後処理タイミング 総7112ms: HF80=14ms HF67=14ms HF66=1ms 巡回研磨(厳密日割当+c1/c3/range/apt/fair+曜日/交互)=2013ms C1共同LNS=4175ms 個人共同LNS=894ms 最終検査+HF70=1ms
golden,120,2,v2	49578	POST	後処理パス別 計7104ms: C1玉突き連鎖=3000ms(42%) C1共同LNS=1175ms(16%) 個人回数共同LNS=851ms(11%) C1時系列フロー=590ms(8%) C1広域ビーム=566ms(7%) ComponentRepair=257ms(3%) C1厳密窓=148ms(2%) C1索引修復=142ms(1%)
golden,120,3,v2	35846	V6Dispatcher	完了 algorithm=RSI HARD=0 total=320 elapsed=35844ms
golden,120,3,v2	38849	V6Dispatcher	完了 algorithm=ALNS HARD=0 total=320 elapsed=3003ms
golden,120,3,v2	39046	C1Polish	期間要件(c1)研磨: c1 87->86 / total 308->310 HARD 0->0 採用1回(鏡像:0 自己:0 再配置:1) 残存: 古泉 健一 休(14日5回)(不採用×34 主因 c1:14 low:10), 山本昌幸 Dﾃ(14日2回)(不採用×29 主因 c3n:20 c1:6), 山本昌幸 休(14日5回)(不採用×25 主因 low:10 c1:8), 福澤俊陽 Dﾃ(14日2回)(不採用×10 主因 c3n:8 c1:2), 福澤俊陽 休(14日5回)(不採用×14 主因 c1:7 low:4), 佐藤直美 休(14日5回)(不採用×33 主因 c1:13 c3n:13), 吉江雄貴 Dﾃ(14日2回)(不採用×11 主因 c3n:9 c1:2), 吉江雄貴 休(14日5回)(不採用×16 主因 low:9 c3n:6), 金沢勇輝 Dﾃ(14日2回)(不採用×15 主因 c3n:11 c1:3), 金沢勇輝 休(14日5回)(不採用×20 主因 c1:9 low:7), モニカ Dﾃ(14日2回)(不採用×14 主因 c3n:11 c1:2), モニカ 休(14日5回)(不採用×26 主因 c1:12 low:10), アリフ Dﾃ(14日2回)(不採用×20 主因 c3n:12 low:4), アリフ 休(14日5回)(不採用×25 主因 low:11 c3n:8), 古泉 健一 Dﾃ(14日2回)(不採用×13 主因 c3n:7 low:4) / 結合候補: 手B×123 / 結合探索: 200通り試行/1ms→無駄打ち回避で早期終了
golden,120,3,v2	39867	C1BeamPolish	期間要件(c1)研磨[ビーム K=16 steps=30/414ms/最良が20手更新されず打ち切り]: c1 86->85 / total 310->308 score 6240->6201 HARD 0->0 手数10
golden,120,3,v2	47290	C1EjectionChain	期間要件(c1)玉突き連鎖v2[起点30/候補1592148/評価1706941/試行2049/採用0/採用深さ最大0/重複除外650/終了時間切れ/時間切れ1/3000ms]: c1 77->77 score 5981->5981 HARD 0->0 total 322->322 族差 
golden,120,3,v2	48131	POST	後処理タイミング 総9196ms: HF80=14ms HF67=19ms HF66=1ms 巡回研磨(厳密日割当+c1/c3/range/apt/fair+曜日/交互)=3188ms C1共同LNS=5133ms 個人共同LNS=840ms 最終検査+HF70=1ms
golden,120,3,v2	48131	POST	後処理パス別 計9192ms: C1玉突き連鎖=3000ms(32%) C1共同LNS=2133ms(23%) C1時系列フロー=1048ms(11%) C1広域ビーム=1014ms(11%) 個人回数共同LNS=781ms(8%) ComponentRepair=436ms(4%) C1索引修復=180ms(1%) C1同日交換=101ms(1%)
golden,120,3,v2	48130	UnifiedCheck	合計=315 | HARD=0 [groupViol=0 c3n=0 covU=0 pref=0 c3w=0] | SOFT=315 [c1=77 c2=1 c3=38 c3m=34 c3mn=3 c42=6 covO=1 low=5 high=4 fair=2 weekly=144] (0ms)
golden,120,3,v2	39046	C1Polish	期間要件(c1)研磨: c1 87->86 / total 308->310 HARD 0->0 採用1回(鏡像:0 自己:0 再配置:1) 残存: 古泉 健一 休(14日5回)(不採用×34 主因 c1:14 low:10), 山本昌幸 Dﾃ(14日2回)(不採用×29 主因 c3n:20 c1:6), 山本昌幸 休(14日5回)(不採用×25 主因 low:10 c1:8), 福澤俊陽 Dﾃ(14日2回)(不採用×10 主因 c3n:8 c1:2), 福澤俊陽 休(14日5回)(不採用×14 主因 c1:7 low:4), 佐藤直美 休(14日5回)(不採用×33 主因 c1:13 c3n:13), 吉江雄貴 Dﾃ(14日2回)(不採用×11 主因 c3n:9 c1:2), 吉江雄貴 休(14日5回)(不採用×16 主因 low:9 c3n:6), 金沢勇輝 Dﾃ(14日2回)(不採用×15 主因 c3n:11 c1:3), 金沢勇輝 休(14日5回)(不採用×20 主因 c1:9 low:7), モニカ Dﾃ(14日2回)(不採用×14 主因 c3n:11 c1:2), モニカ 休(14日5回)(不採用×26 主因 c1:12 low:10), アリフ Dﾃ(14日2回)(不採用×20 主因 c3n:12 low:4), アリフ 休(14日5回)(不採用×25 主因 low:11 c3n:8), 古泉 健一 Dﾃ(14日2回)(不採用×13 主因 c3n:7 low:4) / 結合候補: 手B×123 / 結合探索: 200通り試行/1ms→無駄打ち回避で早期終了
golden,120,3,v2	39867	C1BeamPolish	期間要件(c1)研磨[ビーム K=16 steps=30/414ms/最良が20手更新されず打ち切り]: c1 86->85 / total 310->308 score 6240->6201 HARD 0->0 手数10
golden,120,3,v2	47290	C1EjectionChain	期間要件(c1)玉突き連鎖v2[起点30/候補1592148/評価1706941/試行2049/採用0/採用深さ最大0/重複除外650/終了時間切れ/時間切れ1/3000ms]: c1 77->77 score 5981->5981 HARD 0->0 total 322->322 族差 
golden,120,3,v2	48131	POST	後処理タイミング 総9196ms: HF80=14ms HF67=19ms HF66=1ms 巡回研磨(厳密日割当+c1/c3/range/apt/fair+曜日/交互)=3188ms C1共同LNS=5133ms 個人共同LNS=840ms 最終検査+HF70=1ms
golden,120,3,v2	48131	POST	後処理パス別 計9192ms: C1玉突き連鎖=3000ms(32%) C1共同LNS=2133ms(23%) C1時系列フロー=1048ms(11%) C1広域ビーム=1014ms(11%) 個人回数共同LNS=781ms(8%) ComponentRepair=436ms(4%) C1索引修復=180ms(1%) C1同日交換=101ms(1%)
golden,120,3,off	32403	V6Dispatcher	完了 algorithm=RSI HARD=0 total=333 elapsed=32402ms
golden,120,3,off	35408	V6Dispatcher	完了 algorithm=ALNS HARD=0 total=333 elapsed=3004ms
golden,120,3,off	36305	C1BeamPolish	期間要件(c1)研磨[ビーム K=16 steps=34/475ms/最良が20手更新されず打ち切り]: c1 84->84 / total 330->330 score 6421->6421 HARD 0->0 手数0 [探索結果が根に勝てず破棄]
golden,120,3,off	41970	POST	後処理タイミング 総6548ms: HF80=14ms HF67=14ms HF66=2ms 巡回研磨(厳密日割当+c1/c3/range/apt/fair+曜日/交互)=3836ms C1共同LNS=1502ms 個人共同LNS=1180ms 最終検査+HF70=0ms
golden,120,3,off	41970	POST	後処理パス別 計6542ms: C1共同LNS=1501ms(22%) C1広域ビーム=1234ms(18%) 個人回数共同LNS=1139ms(17%) C1時系列フロー=871ms(13%) C1厳密窓=710ms(10%) ComponentRepair=359ms(5%) C1索引修復=145ms(2%) BlockRotationPolish=101ms(1%)
golden,120,3,off	41970	UnifiedCheck	合計=335 | HARD=0 [groupViol=0 c3n=0 covU=0 pref=0 c3w=0] | SOFT=335 [c1=79 c2=1 c3=37 c3m=35 c3mn=3 c42=8 covO=1 low=6 high=5 fair=2 weekly=158] (0ms)
golden,120,3,off	36305	C1BeamPolish	期間要件(c1)研磨[ビーム K=16 steps=34/475ms/最良が20手更新されず打ち切り]: c1 84->84 / total 330->330 score 6421->6421 HARD 0->0 手数0 [探索結果が根に勝てず破棄]
golden,120,3,off	41970	POST	後処理タイミング 総6548ms: HF80=14ms HF67=14ms HF66=2ms 巡回研磨(厳密日割当+c1/c3/range/apt/fair+曜日/交互)=3836ms C1共同LNS=1502ms 個人共同LNS=1180ms 最終検査+HF70=0ms
golden,120,3,off	41970	POST	後処理パス別 計6542ms: C1共同LNS=1501ms(22%) C1広域ビーム=1234ms(18%) 個人回数共同LNS=1139ms(17%) C1時系列フロー=871ms(13%) C1厳密窓=710ms(10%) ComponentRepair=359ms(5%) C1索引修復=145ms(2%) BlockRotationPolish=101ms(1%)
sample,60,1,v2	28042	V6Dispatcher	完了 algorithm=RSI HARD=1 total=276 elapsed=28030ms
sample,60,1,v2	30046	V6Dispatcher	完了 algorithm=ALNS HARD=1 total=276 elapsed=2004ms
sample,60,1,v2	31203	C1BeamPolish	期間要件(c1)研磨[ビーム K=16 steps=60/835ms]: c1 7->7 / total 276->276 score 11593->11593 HARD 1->1 手数0 [探索結果が根に勝てず破棄]
sample,60,1,v2	36916	C1EjectionChain	期間要件(c1)玉突き連鎖v2[起点29/候補1464781/評価1665471/試行2001/採用0/採用深さ最大0/重複除外595/終了完了/時間切れ0/2907ms]: c1 5->5 score 11293->11293 HARD 1->1 total 278->278 族差 
sample,60,1,v2	37577	POST	後処理タイミング 総7466ms: HF80=48ms HF67=14ms HF66=2ms 巡回研磨(厳密日割当+c1/c3/range/apt/fair+曜日/交互)=2331ms C1共同LNS=4410ms 個人共同LNS=659ms 最終検査+HF70=2ms
sample,60,1,v2	37577	POST	後処理パス別 計7459ms: C1玉突き連鎖=2908ms(38%) C1共同LNS=1502ms(20%) C1広域ビーム=1372ms(18%) 個人回数共同LNS=609ms(8%) C1時系列フロー=394ms(5%) BlockRotationPolish=118ms(1%) ComponentRepair=97ms(1%) AdaptiveBlockSwapPolish=66ms(0%)
sample,60,1,v2	37575	UnifiedCheck	合計=278 | HARD=1 [groupViol=0 c3n=1 covU=0 pref=0 c3w=0] | SOFT=277 [c1=5 c2=1 c3=64 c3m=28 c42=5 low=4 high=2 fair=1 weekly=167] (0ms)
sample,60,1,v2	31203	C1BeamPolish	期間要件(c1)研磨[ビーム K=16 steps=60/835ms]: c1 7->7 / total 276->276 score 11593->11593 HARD 1->1 手数0 [探索結果が根に勝てず破棄]
sample,60,1,v2	36916	C1EjectionChain	期間要件(c1)玉突き連鎖v2[起点29/候補1464781/評価1665471/試行2001/採用0/採用深さ最大0/重複除外595/終了完了/時間切れ0/2907ms]: c1 5->5 score 11293->11293 HARD 1->1 total 278->278 族差 
sample,60,1,v2	37577	POST	後処理タイミング 総7466ms: HF80=48ms HF67=14ms HF66=2ms 巡回研磨(厳密日割当+c1/c3/range/apt/fair+曜日/交互)=2331ms C1共同LNS=4410ms 個人共同LNS=659ms 最終検査+HF70=2ms
sample,60,1,v2	37577	POST	後処理パス別 計7459ms: C1玉突き連鎖=2908ms(38%) C1共同LNS=1502ms(20%) C1広域ビーム=1372ms(18%) 個人回数共同LNS=609ms(8%) C1時系列フロー=394ms(5%) BlockRotationPolish=118ms(1%) ComponentRepair=97ms(1%) AdaptiveBlockSwapPolish=66ms(0%)
sample,60,1,off	27084	V6Dispatcher	完了 algorithm=RSI HARD=1 total=254 elapsed=27081ms
sample,60,1,off	29089	V6Dispatcher	完了 algorithm=ALNS HARD=1 total=254 elapsed=2006ms
sample,60,1,off	29726	C1BeamPolish	期間要件(c1)研磨[ビーム K=16 steps=29/364ms/最良が20手更新されず打ち切り]: c1 9->5 / total 258->258 score 11482->11326 HARD 1->1 手数9
sample,60,1,off	32604	POST	後処理タイミング 総3463ms: HF80=82ms HF67=14ms HF66=1ms 巡回研磨(厳密日割当+c1/c3/range/apt/fair+曜日/交互)=1192ms C1共同LNS=1212ms 個人共同LNS=962ms 最終検査+HF70=0ms
sample,60,1,off	32604	POST	後処理パス別 計3462ms: C1共同LNS=1212ms(35%) 個人回数共同LNS=908ms(26%) C1広域ビーム=628ms(18%) C1時系列フロー=179ms(5%) HF80StrategicOscillation=82ms(2%) ComponentRepair=80ms(2%) BlockRotationPolish=60ms(1%) AdaptiveBlockSwapPolish=50ms(1%)
sample,60,1,off	32604	UnifiedCheck	合計=249 | HARD=1 [groupViol=0 c3n=1 covU=0 pref=0 c3w=0] | SOFT=248 [c1=4 c3=63 c3m=26 c42=8 low=4 high=3 fair=1 weekly=139] (0ms)
sample,60,1,off	29726	C1BeamPolish	期間要件(c1)研磨[ビーム K=16 steps=29/364ms/最良が20手更新されず打ち切り]: c1 9->5 / total 258->258 score 11482->11326 HARD 1->1 手数9
sample,60,1,off	32604	POST	後処理タイミング 総3463ms: HF80=82ms HF67=14ms HF66=1ms 巡回研磨(厳密日割当+c1/c3/range/apt/fair+曜日/交互)=1192ms C1共同LNS=1212ms 個人共同LNS=962ms 最終検査+HF70=0ms
sample,60,1,off	32604	POST	後処理パス別 計3462ms: C1共同LNS=1212ms(35%) 個人回数共同LNS=908ms(26%) C1広域ビーム=628ms(18%) C1時系列フロー=179ms(5%) HF80StrategicOscillation=82ms(2%) ComponentRepair=80ms(2%) BlockRotationPolish=60ms(1%) AdaptiveBlockSwapPolish=50ms(1%)
sample,60,2,off	27536	V6Dispatcher	完了 algorithm=RSI HARD=1 total=279 elapsed=27534ms
sample,60,2,off	29540	V6Dispatcher	完了 algorithm=ALNS HARD=1 total=279 elapsed=2004ms
sample,60,2,off	30054	C1BeamPolish	期間要件(c1)研磨[ビーム K=16 steps=23/302ms/最良が20手更新されず打ち切り]: c1 7->6 / total 277->278 score 11674->11671 HARD 1->1 手数3
sample,60,2,off	33601	POST	後処理タイミング 総4049ms: HF80=13ms HF67=14ms HF66=2ms 巡回研磨(厳密日割当+c1/c3/range/apt/fair+曜日/交互)=2042ms C1共同LNS=1439ms 個人共同LNS=538ms 最終検査+HF70=1ms
sample,60,2,off	33601	POST	後処理パス別 計4040ms: C1共同LNS=1439ms(35%) C1広域ビーム=972ms(24%) 個人回数共同LNS=483ms(11%) C1時系列フロー=385ms(9%) ComponentRepair=111ms(2%) AnchoredWindowSwap=97ms(2%) RangePolish=87ms(2%) BlockRotationPolish=84ms(2%)
sample,60,2,off	33600	UnifiedCheck	合計=275 | HARD=1 [groupViol=0 c3n=1 covU=0 pref=0 c3w=0] | SOFT=274 [c1=4 c3=69 c3m=26 c42=7 low=4 high=4 fair=3 weekly=157] (0ms)
sample,60,2,off	30054	C1BeamPolish	期間要件(c1)研磨[ビーム K=16 steps=23/302ms/最良が20手更新されず打ち切り]: c1 7->6 / total 277->278 score 11674->11671 HARD 1->1 手数3
sample,60,2,off	33601	POST	後処理タイミング 総4049ms: HF80=13ms HF67=14ms HF66=2ms 巡回研磨(厳密日割当+c1/c3/range/apt/fair+曜日/交互)=2042ms C1共同LNS=1439ms 個人共同LNS=538ms 最終検査+HF70=1ms
sample,60,2,off	33601	POST	後処理パス別 計4040ms: C1共同LNS=1439ms(35%) C1広域ビーム=972ms(24%) 個人回数共同LNS=483ms(11%) C1時系列フロー=385ms(9%) ComponentRepair=111ms(2%) AnchoredWindowSwap=97ms(2%) RangePolish=87ms(2%) BlockRotationPolish=84ms(2%)
sample,60,2,v2	26106	V6Dispatcher	完了 algorithm=RSI HARD=1 total=257 elapsed=26104ms
sample,60,2,v2	28110	V6Dispatcher	完了 algorithm=ALNS HARD=1 total=257 elapsed=2004ms
sample,60,2,v2	28186	C1Polish	期間要件(c1)研磨: c1 8->6 / total 257->256 HARD 1->1 採用1回(鏡像:0 自己:0 再配置:1) 残存: 古泉 健一 休(14日4回)(不採用×29 主因 low:14 c3n:9), 福澤俊陽 休(14日4回)(不採用×6 主因 c1:3 c3n:2), 佐藤直美 休(5日1回)(不採用×6 主因 low:2 c1:2), 吉江雄貴 休(14日4回)(不採用×15 主因 low:7 c3n:4), モニカ 休(14日4回)(不採用×18 主因 low:10 c3n:5) / 結合候補: 手B×41 / 結合探索: 200通り試行/1ms→無駄打ち回避で早期終了
sample,60,2,v2	29081	C1BeamPolish	期間要件(c1)研磨[ビーム K=16 steps=60/765ms]: c1 6->6 / total 256->258 score 11326->11311 HARD 1->1 手数2
sample,60,2,v2	34810	C1EjectionChain	期間要件(c1)玉突き連鎖v2[起点32/候補1530347/評価1781087/試行2139/採用0/採用深さ最大0/重複除外708/終了時間切れ/時間切れ1/3000ms]: c1 6->6 score 11299->11299 HARD 1->1 total 252->252 族差 
sample,60,2,v2	35708	POST	後処理タイミング 総7577ms: HF80=17ms HF67=14ms HF66=1ms 巡回研磨(厳密日割当+c1/c3/range/apt/fair+曜日/交互)=2231ms C1共同LNS=4416ms 個人共同LNS=898ms 最終検査+HF70=0ms
sample,60,2,v2	35708	POST	後処理パス別 計7576ms: C1玉突き連鎖=3000ms(39%) C1広域ビーム=1640ms(21%) C1共同LNS=1416ms(18%) 個人回数共同LNS=806ms(10%) C1時系列フロー=241ms(3%) ComponentRepair=148ms(1%) BlockRotationPolish=85ms(1%) AdaptiveBlockSwapPolish=34ms(0%)
sample,60,2,v2	35708	UnifiedCheck	合計=253 | HARD=1 [groupViol=0 c3n=1 covU=0 pref=0 c3w=0] | SOFT=252 [c1=6 c2=1 c3=60 c3m=26 c42=8 low=4 high=3 fair=3 weekly=141] (0ms)
sample,60,2,v2	28186	C1Polish	期間要件(c1)研磨: c1 8->6 / total 257->256 HARD 1->1 採用1回(鏡像:0 自己:0 再配置:1) 残存: 古泉 健一 休(14日4回)(不採用×29 主因 low:14 c3n:9), 福澤俊陽 休(14日4回)(不採用×6 主因 c1:3 c3n:2), 佐藤直美 休(5日1回)(不採用×6 主因 low:2 c1:2), 吉江雄貴 休(14日4回)(不採用×15 主因 low:7 c3n:4), モニカ 休(14日4回)(不採用×18 主因 low:10 c3n:5) / 結合候補: 手B×41 / 結合探索: 200通り試行/1ms→無駄打ち回避で早期終了
sample,60,2,v2	29081	C1BeamPolish	期間要件(c1)研磨[ビーム K=16 steps=60/765ms]: c1 6->6 / total 256->258 score 11326->11311 HARD 1->1 手数2
sample,60,2,v2	34810	C1EjectionChain	期間要件(c1)玉突き連鎖v2[起点32/候補1530347/評価1781087/試行2139/採用0/採用深さ最大0/重複除外708/終了時間切れ/時間切れ1/3000ms]: c1 6->6 score 11299->11299 HARD 1->1 total 252->252 族差 
sample,60,2,v2	35708	POST	後処理タイミング 総7577ms: HF80=17ms HF67=14ms HF66=1ms 巡回研磨(厳密日割当+c1/c3/range/apt/fair+曜日/交互)=2231ms C1共同LNS=4416ms 個人共同LNS=898ms 最終検査+HF70=0ms
sample,60,2,v2	35708	POST	後処理パス別 計7576ms: C1玉突き連鎖=3000ms(39%) C1広域ビーム=1640ms(21%) C1共同LNS=1416ms(18%) 個人回数共同LNS=806ms(10%) C1時系列フロー=241ms(3%) ComponentRepair=148ms(1%) BlockRotationPolish=85ms(1%) AdaptiveBlockSwapPolish=34ms(0%)
sample,60,3,v2	26597	V6Dispatcher	完了 algorithm=RSI HARD=1 total=259 elapsed=26595ms
sample,60,3,v2	27871	C1BeamPolish	期間要件(c1)研磨[ビーム K=16 steps=60/912ms]: c1 10->10 / total 261->261 score 11467->11467 HARD 1->1 手数0 [探索結果が根に勝てず破棄]
sample,60,3,v2	34787	C1EjectionChain	期間要件(c1)玉突き連鎖v2[起点30/候補1473711/評価1696672/試行2040/採用0/採用深さ最大0/重複除外1520/終了時間切れ/時間切れ1/3000ms]: c1 7->7 score 11312->11312 HARD 1->1 total 249->249 族差 
sample,60,3,v2	35665	POST	後処理タイミング 総8853ms: HF80=15ms HF67=13ms HF66=2ms 巡回研磨(厳密日割当+c1/c3/range/apt/fair+曜日/交互)=2372ms C1共同LNS=5573ms 個人共同LNS=878ms 最終検査+HF70=0ms
sample,60,3,v2	35665	POST	後処理パス別 計8848ms: C1玉突き連鎖=3000ms(33%) C1共同LNS=2573ms(29%) C1広域ビーム=1870ms(21%) 個人回数共同LNS=776ms(8%) C1時系列フロー=166ms(1%) ComponentRepair=138ms(1%) AdaptiveBlockSwapPolish=40ms(0%) BlockRotationPolish=40ms(0%)
sample,60,3,v2	35665	UnifiedCheck	合計=250 | HARD=1 [groupViol=0 c3n=1 covU=0 pref=0 c3w=0] | SOFT=249 [c1=6 c2=1 c3=60 c3m=27 c42=7 low=4 high=2 fair=1 weekly=141] (0ms)
sample,60,3,v2	27871	C1BeamPolish	期間要件(c1)研磨[ビーム K=16 steps=60/912ms]: c1 10->10 / total 261->261 score 11467->11467 HARD 1->1 手数0 [探索結果が根に勝てず破棄]
sample,60,3,v2	34787	C1EjectionChain	期間要件(c1)玉突き連鎖v2[起点30/候補1473711/評価1696672/試行2040/採用0/採用深さ最大0/重複除外1520/終了時間切れ/時間切れ1/3000ms]: c1 7->7 score 11312->11312 HARD 1->1 total 249->249 族差 
sample,60,3,v2	35665	POST	後処理タイミング 総8853ms: HF80=15ms HF67=13ms HF66=2ms 巡回研磨(厳密日割当+c1/c3/range/apt/fair+曜日/交互)=2372ms C1共同LNS=5573ms 個人共同LNS=878ms 最終検査+HF70=0ms
sample,60,3,v2	35665	POST	後処理パス別 計8848ms: C1玉突き連鎖=3000ms(33%) C1共同LNS=2573ms(29%) C1広域ビーム=1870ms(21%) 個人回数共同LNS=776ms(8%) C1時系列フロー=166ms(1%) ComponentRepair=138ms(1%) AdaptiveBlockSwapPolish=40ms(0%) BlockRotationPolish=40ms(0%)
sample,60,3,off	28009	V6Dispatcher	完了 algorithm=RSI HARD=1 total=265 elapsed=28007ms
sample,60,3,off	30012	V6Dispatcher	完了 algorithm=ALNS HARD=1 total=265 elapsed=2003ms
sample,60,3,off	30442	C1BeamPolish	期間要件(c1)研磨[ビーム K=16 steps=24/234ms/最良が20手更新されず打ち切り]: c1 10->9 / total 265->266 score 11691->11664 HARD 1->1 手数4
sample,60,3,off	33160	POST	後処理タイミング 総3129ms: HF80=14ms HF67=13ms HF66=2ms 巡回研磨(厳密日割当+c1/c3/range/apt/fair+曜日/交互)=1016ms C1共同LNS=1307ms 個人共同LNS=777ms 最終検査+HF70=0ms
sample,60,3,off	33160	POST	後処理パス別 計3129ms: C1共同LNS=1307ms(41%) 個人回数共同LNS=733ms(23%) C1広域ビーム=444ms(14%) C1時系列フロー=231ms(7%) ComponentRepair=76ms(2%) RangePolish=69ms(2%) BlockRotationPolish=39ms(1%) AdaptiveBlockSwapPolish=35ms(1%)
sample,60,3,off	33160	UnifiedCheck	合計=270 | HARD=1 [groupViol=0 c3n=1 covU=0 pref=0 c3w=0] | SOFT=269 [c1=10 c2=2 c3=66 c3m=23 c42=8 low=4 high=2 fair=3 weekly=151] (0ms)
sample,60,3,off	30442	C1BeamPolish	期間要件(c1)研磨[ビーム K=16 steps=24/234ms/最良が20手更新されず打ち切り]: c1 10->9 / total 265->266 score 11691->11664 HARD 1->1 手数4
sample,60,3,off	33160	POST	後処理タイミング 総3129ms: HF80=14ms HF67=13ms HF66=2ms 巡回研磨(厳密日割当+c1/c3/range/apt/fair+曜日/交互)=1016ms C1共同LNS=1307ms 個人共同LNS=777ms 最終検査+HF70=0ms
sample,60,3,off	33160	POST	後処理パス別 計3129ms: C1共同LNS=1307ms(41%) 個人回数共同LNS=733ms(23%) C1広域ビーム=444ms(14%) C1時系列フロー=231ms(7%) ComponentRepair=76ms(2%) RangePolish=69ms(2%) BlockRotationPolish=39ms(1%) AdaptiveBlockSwapPolish=35ms(1%)
sample,120,1,v2	39655	V6Dispatcher	完了 algorithm=RSI HARD=1 total=266 elapsed=39654ms
sample,120,1,v2	42658	V6Dispatcher	完了 algorithm=ALNS HARD=1 total=266 elapsed=3003ms
sample,120,1,v2	43301	C1BeamPolish	期間要件(c1)研磨[ビーム K=16 steps=22/230ms/最良が20手更新されず打ち切り]: c1 6->6 / total 264->264 score 11470->11470 HARD 1->1 手数0 [探索結果が根に勝てず破棄]
sample,120,1,v2	48088	C1EjectionChain	期間要件(c1)玉突き連鎖v2[起点32/候補1548900/評価1788020/試行2149/採用0/採用深さ最大0/重複除外841/終了時間切れ/時間切れ1/3000ms]: c1 6->6 score 11443->11443 HARD 1->1 total 262->262 族差 
sample,120,1,v2	48537	POST	後処理タイミング 総5754ms: HF80=14ms HF67=14ms HF66=1ms 巡回研磨(厳密日割当+c1/c3/range/apt/fair+曜日/交互)=1064ms C1共同LNS=4212ms 個人共同LNS=448ms 最終検査+HF70=1ms
sample,120,1,v2	48537	POST	後処理パス別 計5751ms: C1玉突き連鎖=3000ms(52%) C1共同LNS=1212ms(21%) C1広域ビーム=471ms(8%) 個人回数共同LNS=386ms(6%) C1時系列フロー=318ms(5%) ComponentRepair=83ms(1%) BlockRotationPolish=40ms(0%) AnchoredWindowSwap=32ms(0%)
sample,120,1,v2	48536	UnifiedCheck	合計=262 | HARD=1 [groupViol=0 c3n=1 covU=0 pref=0 c3w=0] | SOFT=261 [c1=6 c2=2 c3=74 c3m=25 c42=7 low=4 high=2 fair=2 weekly=139] (0ms)
sample,120,1,v2	43301	C1BeamPolish	期間要件(c1)研磨[ビーム K=16 steps=22/230ms/最良が20手更新されず打ち切り]: c1 6->6 / total 264->264 score 11470->11470 HARD 1->1 手数0 [探索結果が根に勝てず破棄]
sample,120,1,v2	48088	C1EjectionChain	期間要件(c1)玉突き連鎖v2[起点32/候補1548900/評価1788020/試行2149/採用0/採用深さ最大0/重複除外841/終了時間切れ/時間切れ1/3000ms]: c1 6->6 score 11443->11443 HARD 1->1 total 262->262 族差 
sample,120,1,v2	48537	POST	後処理タイミング 総5754ms: HF80=14ms HF67=14ms HF66=1ms 巡回研磨(厳密日割当+c1/c3/range/apt/fair+曜日/交互)=1064ms C1共同LNS=4212ms 個人共同LNS=448ms 最終検査+HF70=1ms
sample,120,1,v2	48537	POST	後処理パス別 計5751ms: C1玉突き連鎖=3000ms(52%) C1共同LNS=1212ms(21%) C1広域ビーム=471ms(8%) 個人回数共同LNS=386ms(6%) C1時系列フロー=318ms(5%) ComponentRepair=83ms(1%) BlockRotationPolish=40ms(0%) AnchoredWindowSwap=32ms(0%)
sample,120,1,off	32573	V6Dispatcher	完了 algorithm=RSI HARD=1 total=278 elapsed=32571ms
sample,120,1,off	35576	V6Dispatcher	完了 algorithm=ALNS HARD=1 total=278 elapsed=3003ms
sample,120,1,off	35690	C1Polish	期間要件(c1)研磨: c1 7->4 / total 276->282 HARD 1->1 採用2回(鏡像:1 自己:1 再配置:0) 残存: 古泉 健一 休(5日1回)(不採用×20 主因 low:12 c3n:8), 古泉 健一 休(14日4回)(不採用×30 主因 low:16 c3n:10), 佐藤直美 休(14日4回)(不採用×36 主因 low:16 c3n:14) / 結合候補: 手B×38 / 結合探索: 200通り試行/1ms→無駄打ち回避で早期終了
sample,120,1,off	35922	C1BeamPolish	期間要件(c1)研磨[ビーム K=16 steps=22/180ms/最良が20手更新されず打ち切り]: c1 4->4 / total 282->282 score 11415->11415 HARD 1->1 手数0 [探索結果が根に勝てず破棄]
sample,120,1,off	37636	POST	後処理タイミング 総1995ms: HF80=14ms HF67=14ms HF66=0ms 巡回研磨(厳密日割当+c1/c3/range/apt/fair+曜日/交互)=681ms C1共同LNS=887ms 個人共同LNS=398ms 最終検査+HF70=1ms
sample,120,1,off	37637	POST	後処理パス別 計1992ms: C1共同LNS=887ms(44%) C1広域ビーム=336ms(16%) 個人回数共同LNS=331ms(16%) C1時系列フロー=96ms(4%) ComponentRepair=80ms(4%) BlockRotationPolish=40ms(2%) C3SequencePolish=32ms(1%) AnchoredWindowSwap=32ms(1%)
sample,120,1,off	37636	UnifiedCheck	合計=282 | HARD=1 [groupViol=0 c3n=1 covU=0 pref=0 c3w=0] | SOFT=281 [c1=4 c2=1 c3=74 c3m=26 c42=7 low=4 high=2 fair=1 weekly=162] (0ms)
sample,120,1,off	35690	C1Polish	期間要件(c1)研磨: c1 7->4 / total 276->282 HARD 1->1 採用2回(鏡像:1 自己:1 再配置:0) 残存: 古泉 健一 休(5日1回)(不採用×20 主因 low:12 c3n:8), 古泉 健一 休(14日4回)(不採用×30 主因 low:16 c3n:10), 佐藤直美 休(14日4回)(不採用×36 主因 low:16 c3n:14) / 結合候補: 手B×38 / 結合探索: 200通り試行/1ms→無駄打ち回避で早期終了
sample,120,1,off	35922	C1BeamPolish	期間要件(c1)研磨[ビーム K=16 steps=22/180ms/最良が20手更新されず打ち切り]: c1 4->4 / total 282->282 score 11415->11415 HARD 1->1 手数0 [探索結果が根に勝てず破棄]
sample,120,1,off	37636	POST	後処理タイミング 総1995ms: HF80=14ms HF67=14ms HF66=0ms 巡回研磨(厳密日割当+c1/c3/range/apt/fair+曜日/交互)=681ms C1共同LNS=887ms 個人共同LNS=398ms 最終検査+HF70=1ms
sample,120,1,off	37637	POST	後処理パス別 計1992ms: C1共同LNS=887ms(44%) C1広域ビーム=336ms(16%) 個人回数共同LNS=331ms(16%) C1時系列フロー=96ms(4%) ComponentRepair=80ms(4%) BlockRotationPolish=40ms(2%) C3SequencePolish=32ms(1%) AnchoredWindowSwap=32ms(1%)
sample,120,2,off	40933	V6Dispatcher	完了 algorithm=RSI HARD=1 total=264 elapsed=40932ms
sample,120,2,off	56433	V6Dispatcher	完了 algorithm=ALNS HARD=1 total=251 elapsed=15500ms
sample,120,2,off	56635	C1Polish	期間要件(c1)研磨: c1 9->9 / total 251->249 HARD 1->1 採用1回(鏡像:0 自己:0 再配置:0) 残存: 古泉 健一 休(5日1回)(不採用×22 主因 low:16 c3n:6), 古泉 健一 休(14日4回)(不採用×59 主因 low:24 c3n:20), 山本昌幸 休(14日4回)(不採用×28 主因 low:14 c1:10), 金沢勇輝 休(5日1回)(不採用×16 主因 low:6 c3n:6), モニカ 休(5日1回)(不採用×18 主因 low:8 c1:8), モニカ 休(14日4回)(不採用×32 主因 low:14 c1:12) / 結合候補: 手B×75 / 結合探索: 200通り試行/1ms→無駄打ち回避で早期終了
sample,120,2,off	56939	C1BeamPolish	期間要件(c1)研磨[ビーム K=16 steps=22/212ms/最良が20手更新されず打ち切り]: c1 9->6 / total 249->256 score 11355->11284 HARD 1->1 手数2
sample,120,2,off	56972	RangePolish	個人回数(low/high)玉突き研磨: low 4->4 / high 3->3 / total 260->260 HARD 1->1 採用0回（日割当:0 / 柔軟日割当:0） [頭打ち=改善手なし] 残存: 山本昌幸 B4(不採用×9 主因 c1:6 c2:2・range後回し×7・希望固定×6・候補なし×5・禁止連続×4), 福澤俊陽 B4(希望固定×12: 12/2・12/4・12/5・12/6・12/7・12/10ほか6日・不採用×6 主因 c1:5 c2:1・候補なし×5・禁止連続×4・range後回し×4), 桒澤美幸 休(希望固定×16: 12/6・12/11・12/13・12/17・12/23・12/29ほか2日・不採用×8 主因 c1:6 c3:2・柔軟日割当候補なし×1・日割当候補なし×1), モニカ Aｱ(希望固定×15: 12/5・12/12・12/19・range後回し×10・不採用×8 主因 low:4 c1:4・禁止連続×8・候補なし×3・柔軟日割当候補なし×1・日割当候補なし×1・ピン破り×1), モニカ B4(希望固定×10: 12/1・12/5・12/6・12/7・12/8・12/12ほか4日・range後回し×8・不採用×7 主因 c1:5 low:1・禁止連続×3・候補なし×2・ピン破り×1), アリフ B4(不採用×8 主因 c1:6 c2:1・range後回し×8・希望固定×6・候補なし×5・禁止連続×4) / 結合候補: tryRelocate×85 / 結合探索: 200通り試行/1ms→無駄打ち回避で早期終了
sample,120,2,off	61854	POST	後処理タイミング 総5273ms: HF80=14ms HF67=13ms HF66=1ms 巡回研磨(厳密日割当+c1/c3/range/apt/fair+曜日/交互)=1417ms C1共同LNS=2683ms 個人共同LNS=1144ms 最終検査+HF70=1ms
sample,120,2,off	61854	POST	後処理パス別 計5268ms: C1共同LNS=2683ms(50%) 個人回数共同LNS=1065ms(20%) C1広域ビーム=646ms(12%) C1時系列フロー=242ms(4%) ComponentRepair=223ms(4%) BlockRotationPolish=79ms(1%) AnchoredWindowSwap=48ms(0%) AdaptiveBlockSwapPolish=44ms(0%)
sample,120,2,off	61853	UnifiedCheck	合計=262 | HARD=1 [groupViol=0 c3n=1 covU=0 pref=0 c3w=0] | SOFT=261 [c1=4 c3=58 c3m=27 c42=8 low=4 high=3 fair=2 weekly=155] (0ms)
sample,120,2,off	56635	C1Polish	期間要件(c1)研磨: c1 9->9 / total 251->249 HARD 1->1 採用1回(鏡像:0 自己:0 再配置:0) 残存: 古泉 健一 休(5日1回)(不採用×22 主因 low:16 c3n:6), 古泉 健一 休(14日4回)(不採用×59 主因 low:24 c3n:20), 山本昌幸 休(14日4回)(不採用×28 主因 low:14 c1:10), 金沢勇輝 休(5日1回)(不採用×16 主因 low:6 c3n:6), モニカ 休(5日1回)(不採用×18 主因 low:8 c1:8), モニカ 休(14日4回)(不採用×32 主因 low:14 c1:12) / 結合候補: 手B×75 / 結合探索: 200通り試行/1ms→無駄打ち回避で早期終了
sample,120,2,off	56939	C1BeamPolish	期間要件(c1)研磨[ビーム K=16 steps=22/212ms/最良が20手更新されず打ち切り]: c1 9->6 / total 249->256 score 11355->11284 HARD 1->1 手数2
sample,120,2,off	56972	RangePolish	個人回数(low/high)玉突き研磨: low 4->4 / high 3->3 / total 260->260 HARD 1->1 採用0回（日割当:0 / 柔軟日割当:0） [頭打ち=改善手なし] 残存: 山本昌幸 B4(不採用×9 主因 c1:6 c2:2・range後回し×7・希望固定×6・候補なし×5・禁止連続×4), 福澤俊陽 B4(希望固定×12: 12/2・12/4・12/5・12/6・12/7・12/10ほか6日・不採用×6 主因 c1:5 c2:1・候補なし×5・禁止連続×4・range後回し×4), 桒澤美幸 休(希望固定×16: 12/6・12/11・12/13・12/17・12/23・12/29ほか2日・不採用×8 主因 c1:6 c3:2・柔軟日割当候補なし×1・日割当候補なし×1), モニカ Aｱ(希望固定×15: 12/5・12/12・12/19・range後回し×10・不採用×8 主因 low:4 c1:4・禁止連続×8・候補なし×3・柔軟日割当候補なし×1・日割当候補なし×1・ピン破り×1), モニカ B4(希望固定×10: 12/1・12/5・12/6・12/7・12/8・12/12ほか4日・range後回し×8・不採用×7 主因 c1:5 low:1・禁止連続×3・候補なし×2・ピン破り×1), アリフ B4(不採用×8 主因 c1:6 c2:1・range後回し×8・希望固定×6・候補なし×5・禁止連続×4) / 結合候補: tryRelocate×85 / 結合探索: 200通り試行/1ms→無駄打ち回避で早期終了
sample,120,2,off	61854	POST	後処理タイミング 総5273ms: HF80=14ms HF67=13ms HF66=1ms 巡回研磨(厳密日割当+c1/c3/range/apt/fair+曜日/交互)=1417ms C1共同LNS=2683ms 個人共同LNS=1144ms 最終検査+HF70=1ms
sample,120,2,off	61854	POST	後処理パス別 計5268ms: C1共同LNS=2683ms(50%) 個人回数共同LNS=1065ms(20%) C1広域ビーム=646ms(12%) C1時系列フロー=242ms(4%) ComponentRepair=223ms(4%) BlockRotationPolish=79ms(1%) AnchoredWindowSwap=48ms(0%) AdaptiveBlockSwapPolish=44ms(0%)
sample,120,2,v2	38909	V6Dispatcher	完了 algorithm=RSI HARD=1 total=261 elapsed=38906ms
sample,120,2,v2	41914	V6Dispatcher	完了 algorithm=ALNS HARD=1 total=261 elapsed=3005ms
sample,120,2,v2	42114	C1Polish	期間要件(c1)研磨: c1 7->5 / total 261->262 HARD 1->1 採用2回(鏡像:0 自己:1 再配置:1) 残存: 古泉 健一 休(5日1回)(不採用×21 主因 low:17 c3n:4), 古泉 健一 休(14日4回)(不採用×56 主因 low:34 c3n:14), 佐藤直美 休(5日1回)(不採用×27 主因 low:14 c3n:11), 吉江雄貴 休(14日4回)(不採用×28 主因 low:13 c3n:10) / 結合候補: 手B×60 / 結合探索: 200通り試行/3ms→無駄打ち回避で早期終了
sample,120,2,v2	43193	C1BeamPolish	期間要件(c1)研磨[ビーム K=16 steps=22/534ms/最良が20手更新されず打ち切り]: c1 5->5 / total 262->262 score 11407->11407 HARD 1->1 手数0 [探索結果が根に勝てず破棄]
sample,120,2,v2	43316	RangePolish	個人回数(low/high)玉突き研磨: low 5->5 / high 2->2 / total 262->262 HARD 1->1 採用0回（日割当:0 / 柔軟日割当:0） [頭打ち=改善手なし] 残存: 福澤俊陽 B4(希望固定×12: 12/2・12/4・12/5・12/6・12/7・12/10ほか6日・不採用×8 主因 c1:4 c3:2・候補なし×4・禁止連続×4・range後回し×3), 桒澤美幸 休(希望固定×16: 12/6・12/11・12/13・12/17・12/23・12/29ほか2日・不採用×6 主因 c1:6・柔軟日割当候補なし×1・日割当候補なし×1), 佐藤直美 Cｵ(range後回し×22・禁止連続×9・希望固定×5・不採用×5 主因 low:4 c1:1・候補なし×3・柔軟日割当候補なし×1・日割当候補なし×1・ピン破り×1), 佐藤直美 B4(不採用×8 主因 c1:7 c2:1・希望固定×7・range後回し×7・候補なし×5・禁止連続×3・ピン破り×1), 吉江雄貴 Dﾃ(禁止連続×14: 12/2・12/7・12/9・12/12・12/13・12/14ほか8日・希望固定×6・不採用×3 主因 c1:2 weekly:1・range後回し×3・候補なし×2), 金沢勇輝 B4(range後回し×10・希望固定×8・候補なし×5・不採用×5 主因 c1:5・禁止連続×3), モニカ B4(希望固定×10: 12/1・12/5・12/6・12/7・12/8・12/12ほか4日・range後回し×9・不採用×8 主因 c1:5 low:2・禁止連続×3・候補なし×1) / 結合候補: tryRelocate×99 / 結合探索: 200通り試行/1ms→無駄打ち回避で早期終了
sample,120,2,v2	48773	C1EjectionChain	期間要件(c1)玉突き連鎖v2[起点30/候補1477985/評価1671442/試行2005/採用0/採用深さ最大0/重複除外859/終了時間切れ/時間切れ1/3000ms]: c1 5->5 score 11407->11407 HARD 1->1 total 262->262 族差 
sample,120,2,v2	49713	POST	後処理タイミング 総7686ms: HF80=18ms HF67=14ms HF66=2ms 巡回研磨(厳密日割当+c1/c3/range/apt/fair+曜日/交互)=2204ms C1共同LNS=4508ms 個人共同LNS=939ms 最終検査+HF70=1ms
sample,120,2,v2	49713	POST	後処理パス別 計7675ms: C1玉突き連鎖=3000ms(39%) C1共同LNS=1508ms(19%) 個人回数共同LNS=832ms(10%) C1広域ビーム=817ms(10%) C1時系列フロー=636ms(8%) ComponentRepair=227ms(2%) AdaptiveBlockSwapPolish=180ms(2%) BlockRotationPolish=120ms(1%)
sample,120,2,v2	49712	UnifiedCheck	合計=262 | HARD=1 [groupViol=0 c3n=1 covU=0 pref=0 c3w=0] | SOFT=261 [c1=5 c3=65 c3m=27 c42=8 low=5 high=2 fair=3 weekly=146] (0ms)
sample,120,2,v2	42114	C1Polish	期間要件(c1)研磨: c1 7->5 / total 261->262 HARD 1->1 採用2回(鏡像:0 自己:1 再配置:1) 残存: 古泉 健一 休(5日1回)(不採用×21 主因 low:17 c3n:4), 古泉 健一 休(14日4回)(不採用×56 主因 low:34 c3n:14), 佐藤直美 休(5日1回)(不採用×27 主因 low:14 c3n:11), 吉江雄貴 休(14日4回)(不採用×28 主因 low:13 c3n:10) / 結合候補: 手B×60 / 結合探索: 200通り試行/3ms→無駄打ち回避で早期終了
sample,120,2,v2	43193	C1BeamPolish	期間要件(c1)研磨[ビーム K=16 steps=22/534ms/最良が20手更新されず打ち切り]: c1 5->5 / total 262->262 score 11407->11407 HARD 1->1 手数0 [探索結果が根に勝てず破棄]
sample,120,2,v2	43316	RangePolish	個人回数(low/high)玉突き研磨: low 5->5 / high 2->2 / total 262->262 HARD 1->1 採用0回（日割当:0 / 柔軟日割当:0） [頭打ち=改善手なし] 残存: 福澤俊陽 B4(希望固定×12: 12/2・12/4・12/5・12/6・12/7・12/10ほか6日・不採用×8 主因 c1:4 c3:2・候補なし×4・禁止連続×4・range後回し×3), 桒澤美幸 休(希望固定×16: 12/6・12/11・12/13・12/17・12/23・12/29ほか2日・不採用×6 主因 c1:6・柔軟日割当候補なし×1・日割当候補なし×1), 佐藤直美 Cｵ(range後回し×22・禁止連続×9・希望固定×5・不採用×5 主因 low:4 c1:1・候補なし×3・柔軟日割当候補なし×1・日割当候補なし×1・ピン破り×1), 佐藤直美 B4(不採用×8 主因 c1:7 c2:1・希望固定×7・range後回し×7・候補なし×5・禁止連続×3・ピン破り×1), 吉江雄貴 Dﾃ(禁止連続×14: 12/2・12/7・12/9・12/12・12/13・12/14ほか8日・希望固定×6・不採用×3 主因 c1:2 weekly:1・range後回し×3・候補なし×2), 金沢勇輝 B4(range後回し×10・希望固定×8・候補なし×5・不採用×5 主因 c1:5・禁止連続×3), モニカ B4(希望固定×10: 12/1・12/5・12/6・12/7・12/8・12/12ほか4日・range後回し×9・不採用×8 主因 c1:5 low:2・禁止連続×3・候補なし×1) / 結合候補: tryRelocate×99 / 結合探索: 200通り試行/1ms→無駄打ち回避で早期終了
sample,120,2,v2	48773	C1EjectionChain	期間要件(c1)玉突き連鎖v2[起点30/候補1477985/評価1671442/試行2005/採用0/採用深さ最大0/重複除外859/終了時間切れ/時間切れ1/3000ms]: c1 5->5 score 11407->11407 HARD 1->1 total 262->262 族差 
sample,120,2,v2	49713	POST	後処理タイミング 総7686ms: HF80=18ms HF67=14ms HF66=2ms 巡回研磨(厳密日割当+c1/c3/range/apt/fair+曜日/交互)=2204ms C1共同LNS=4508ms 個人共同LNS=939ms 最終検査+HF70=1ms
sample,120,2,v2	49713	POST	後処理パス別 計7675ms: C1玉突き連鎖=3000ms(39%) C1共同LNS=1508ms(19%) 個人回数共同LNS=832ms(10%) C1広域ビーム=817ms(10%) C1時系列フロー=636ms(8%) ComponentRepair=227ms(2%) AdaptiveBlockSwapPolish=180ms(2%) BlockRotationPolish=120ms(1%)
sample,120,3,v2	38284	V6Dispatcher	完了 algorithm=RSI HARD=1 total=269 elapsed=38280ms
sample,120,3,v2	38794	C1BeamPolish	期間要件(c1)研磨[ビーム K=16 steps=22/196ms/最良が20手更新されず打ち切り]: c1 3->3 / total 266->266 score 11260->11260 HARD 1->1 手数0 [探索結果が根に勝てず破棄]
sample,120,3,v2	42439	C1EjectionChain	期間要件(c1)玉突き連鎖v2[起点20/候補1015966/評価1150248/試行1380/採用0/採用深さ最大0/重複除外538/終了完了/時間切れ0/1997ms]: c1 3->3 score 11225->11225 HARD 1->1 total 260->260 族差 
sample,120,3,v2	43040	POST	後処理タイミング 総4538ms: HF80=16ms HF67=13ms HF66=2ms 巡回研磨(厳密日割当+c1/c3/range/apt/fair+曜日/交互)=847ms C1共同LNS=3059ms 個人共同LNS=600ms 最終検査+HF70=1ms
sample,120,3,v2	43040	POST	後処理パス別 計4531ms: C1玉突き連鎖=1997ms(44%) C1共同LNS=1062ms(23%) 個人回数共同LNS=559ms(12%) C1広域ビーム=396ms(8%) BlockRotationPolish=90ms(1%) ComponentRepair=67ms(1%) AnchoredWindowSwap=53ms(1%) AdaptiveBlockSwapPolish=49ms(1%)
sample,120,3,v2	43039	UnifiedCheck	合計=260 | HARD=1 [groupViol=0 c3n=1 covU=0 pref=0 c3w=0] | SOFT=259 [c1=3 c2=1 c3=67 c3m=25 c42=7 low=4 high=3 fair=1 weekly=148] (0ms)
sample,120,3,v2	38794	C1BeamPolish	期間要件(c1)研磨[ビーム K=16 steps=22/196ms/最良が20手更新されず打ち切り]: c1 3->3 / total 266->266 score 11260->11260 HARD 1->1 手数0 [探索結果が根に勝てず破棄]
sample,120,3,v2	42439	C1EjectionChain	期間要件(c1)玉突き連鎖v2[起点20/候補1015966/評価1150248/試行1380/採用0/採用深さ最大0/重複除外538/終了完了/時間切れ0/1997ms]: c1 3->3 score 11225->11225 HARD 1->1 total 260->260 族差 
sample,120,3,v2	43040	POST	後処理タイミング 総4538ms: HF80=16ms HF67=13ms HF66=2ms 巡回研磨(厳密日割当+c1/c3/range/apt/fair+曜日/交互)=847ms C1共同LNS=3059ms 個人共同LNS=600ms 最終検査+HF70=1ms
sample,120,3,v2	43040	POST	後処理パス別 計4531ms: C1玉突き連鎖=1997ms(44%) C1共同LNS=1062ms(23%) 個人回数共同LNS=559ms(12%) C1広域ビーム=396ms(8%) BlockRotationPolish=90ms(1%) ComponentRepair=67ms(1%) AnchoredWindowSwap=53ms(1%) AdaptiveBlockSwapPolish=49ms(1%)
sample,120,3,off	38342	V6Dispatcher	完了 algorithm=RSI HARD=1 total=264 elapsed=38340ms
sample,120,3,off	38643	C1Polish	期間要件(c1)研磨: c1 10->9 / total 264->265 HARD 1->1 採用1回(鏡像:0 自己:0 再配置:1) 残存: 古泉 健一 休(5日1回)(不採用×20 主因 low:13 c3n:7), 古泉 健一 休(14日4回)(不採用×17 主因 low:9 c1:4), 吉江雄貴 休(5日1回)(不採用×4 主因 low:2 c1:2), アリフ 休(5日1回)(不採用×6 主因 low:3 c3n:3), モニカ 休(14日4回)(不採用×25 主因 c1:9 c3n:9), アリフ 休(14日4回)(不採用×20 主因 c1:8 c3n:7) / 結合候補: 手B×43 / 結合探索: 200通り試行/1ms→無駄打ち回避で早期終了
sample,120,3,off	39093	C1BeamPolish	期間要件(c1)研磨[ビーム K=16 steps=22/333ms/最良が20手更新されず打ち切り]: c1 9->9 / total 265->265 score 11473->11473 HARD 1->1 手数0 [探索結果が根に勝てず破棄]
sample,120,3,off	42035	POST	後処理タイミング 総3461ms: HF80=17ms HF67=14ms HF66=2ms 巡回研磨(厳密日割当+c1/c3/range/apt/fair+曜日/交互)=1252ms C1共同LNS=1507ms 個人共同LNS=669ms 最終検査+HF70=0ms
sample,120,3,off	42035	POST	後処理パス別 計3461ms: C1共同LNS=1507ms(43%) C1広域ビーム=675ms(19%) 個人回数共同LNS=596ms(17%) C1時系列フロー=225ms(6%) ComponentRepair=90ms(2%) BlockRotationPolish=55ms(1%) C3SequencePolish=48ms(1%) CyclicSwapPolish=38ms(1%)
sample,120,3,off	42035	UnifiedCheck	合計=262 | HARD=1 [groupViol=0 c3n=1 covU=0 pref=0 c3w=0] | SOFT=261 [c1=8 c2=2 c3=63 c3m=26 c42=6 low=4 high=2 fair=3 weekly=147] (0ms)
sample,120,3,off	38643	C1Polish	期間要件(c1)研磨: c1 10->9 / total 264->265 HARD 1->1 採用1回(鏡像:0 自己:0 再配置:1) 残存: 古泉 健一 休(5日1回)(不採用×20 主因 low:13 c3n:7), 古泉 健一 休(14日4回)(不採用×17 主因 low:9 c1:4), 吉江雄貴 休(5日1回)(不採用×4 主因 low:2 c1:2), アリフ 休(5日1回)(不採用×6 主因 low:3 c3n:3), モニカ 休(14日4回)(不採用×25 主因 c1:9 c3n:9), アリフ 休(14日4回)(不採用×20 主因 c1:8 c3n:7) / 結合候補: 手B×43 / 結合探索: 200通り試行/1ms→無駄打ち回避で早期終了
sample,120,3,off	39093	C1BeamPolish	期間要件(c1)研磨[ビーム K=16 steps=22/333ms/最良が20手更新されず打ち切り]: c1 9->9 / total 265->265 score 11473->11473 HARD 1->1 手数0 [探索結果が根に勝てず破棄]
sample,120,3,off	42035	POST	後処理タイミング 総3461ms: HF80=17ms HF67=14ms HF66=2ms 巡回研磨(厳密日割当+c1/c3/range/apt/fair+曜日/交互)=1252ms C1共同LNS=1507ms 個人共同LNS=669ms 最終検査+HF70=0ms
sample,120,3,off	42035	POST	後処理パス別 計3461ms: C1共同LNS=1507ms(43%) C1広域ビーム=675ms(19%) 個人回数共同LNS=596ms(17%) C1時系列フロー=225ms(6%) ComponentRepair=90ms(2%) BlockRotationPolish=55ms(1%) C3SequencePolish=48ms(1%) CyclicSwapPolish=38ms(1%)
blocked_covu,60,1,v2	39029	V6Dispatcher	完了 algorithm=RSI HARD=4 total=316 elapsed=39022ms
blocked_covu,60,1,v2	52004	V6Dispatcher	完了 algorithm=ALNS HARD=4 total=316 elapsed=12974ms
blocked_covu,60,1,v2	52450	C1Polish	期間要件(c1)研磨: c1 59->57 / total 292->294 HARD 4->4 採用1回(鏡像:1 自己:0 再配置:0) 残存: 職員B 休(5日1回)(不採用×16 主因 c3n:10 low:4), 職員C 休(5日1回)(不採用×16 主因 c1:8 c3n:7), 職員E Dﾃ(14日1回)(不採用×38 主因 c3n:36 low:2), 職員B 休(15日4回)(不採用×34 主因 c3n:18 c1:11), 職員E 休(5日1回)(不採用×42 主因 low:20 c3n:18), 職員F 休(5日1回)(不採用×50 主因 c3n:20 c1:17), 職員G 休(5日1回)(不採用×18 主因 low:9 c3n:8), 職員F 休(15日4回)(不採用×36 主因 c3n:18 c1:14), 職員I 休(5日1回)(不採用×44 主因 low:16 c3n:16), 職員G 休(15日4回)(不採用×44 主因 c3n:22 c1:12), 職員J 休(5日1回)(不採用×29 主因 low:14 c3n:10), 職員I 休(15日4回)(不採用×82 主因 c1:27 c3n:26), 職員J 休(15日4回)(不採用×61 主因 c3n:22 c1:20) / 結合候補: 手B×175 / 結合探索: 200通り試行/2ms→無駄打ち回避で早期終了
blocked_covu,60,1,v2	53439	C1BeamPolish	期間要件(c1)研磨[ビーム K=16 steps=22/490ms/最良が20手更新されず打ち切り]: c1 56->56 / total 296->296 score 43322->43322 HARD 4->4 手数0 [探索結果が根に勝てず破棄]
blocked_covu,60,1,v2	53517	C3mnPolish	回避パターン(c3mn)研磨: c3mn 6->6 / total 299->298 HARD 4->4 採用1回 不採用69件(重み悪化:69)(主因 c1:59 low:9 weekly:1) 残存: 職員J, 職員G, 職員I, 職員C / 結合候補: C3mnAlt×69 / 結合探索: 200通り試行/2ms→無駄打ち回避で早期終了
blocked_covu,60,1,v2	53639	FairPolish	グループ内公平化(fair)研磨: fair 18->14 / total 298->294 HARD 4->4 採用3回 対象: 職員G A4, 職員I A4, 職員I Cｱ 不採用402件(ピン破り:2 重み悪化:391 同値:9)(主因 c1:237 low:124 c3mn:19) 残存: 職員B A4, 職員I 希, 職員E Dﾃ, 職員C Aｱ, 職員B Cｱ, 職員E 希, 職員I Dﾃ, 職員J A4, 職員G Cｵ, 職員J Cｱ, 職員G 希, 職員J 希 / 結合候補: FairChain×395 / 結合探索: 200通り試行/1ms→無駄打ち回避で早期終了
blocked_covu,60,1,v2	59911	C1EjectionChain	期間要件(c1)玉突き連鎖v2[起点1/候補11949/評価12185/試行9/採用0/採用深さ最大0/重複除外0/終了時間切れ/時間切れ1/31ms]: c1 48->48 score 42930->42930 HARD 4->4 total 292->292 族差 
blocked_covu,60,1,v2	60012	POST	後処理タイミング 総7760ms: HF80=23ms HF67=31ms HF66=1ms 巡回研磨(厳密日割当+c1/c3/range/apt/fair+曜日/交互)=3855ms C1共同LNS=3749ms 個人共同LNS=100ms 最終検査+HF70=1ms
blocked_covu,60,1,v2	60012	POST	後処理パス別 計7754ms: C1共同LNS=3718ms(47%) C1時系列フロー=1230ms(15%) C1広域ビーム=1184ms(15%) ComponentRepair=381ms(4%) BlockRotationPolish=228ms(2%) CyclicSwapPolish=181ms(2%) C1索引修復=177ms(2%) C3SequencePolish=129ms(1%)
blocked_covu,60,1,v2	60011	UnifiedCheck	合計=292 | HARD=4 [groupViol=0 c3n=1 covU=3 pref=0 c3w=0] | SOFT=288 [c1=48 c3m=8 c3mn=6 c42=5 covO=4 low=3 high=3 fair=14 weekly=197] (0ms)
blocked_covu,60,1,v2	52450	C1Polish	期間要件(c1)研磨: c1 59->57 / total 292->294 HARD 4->4 採用1回(鏡像:1 自己:0 再配置:0) 残存: 職員B 休(5日1回)(不採用×16 主因 c3n:10 low:4), 職員C 休(5日1回)(不採用×16 主因 c1:8 c3n:7), 職員E Dﾃ(14日1回)(不採用×38 主因 c3n:36 low:2), 職員B 休(15日4回)(不採用×34 主因 c3n:18 c1:11), 職員E 休(5日1回)(不採用×42 主因 low:20 c3n:18), 職員F 休(5日1回)(不採用×50 主因 c3n:20 c1:17), 職員G 休(5日1回)(不採用×18 主因 low:9 c3n:8), 職員F 休(15日4回)(不採用×36 主因 c3n:18 c1:14), 職員I 休(5日1回)(不採用×44 主因 low:16 c3n:16), 職員G 休(15日4回)(不採用×44 主因 c3n:22 c1:12), 職員J 休(5日1回)(不採用×29 主因 low:14 c3n:10), 職員I 休(15日4回)(不採用×82 主因 c1:27 c3n:26), 職員J 休(15日4回)(不採用×61 主因 c3n:22 c1:20) / 結合候補: 手B×175 / 結合探索: 200通り試行/2ms→無駄打ち回避で早期終了
blocked_covu,60,1,v2	53439	C1BeamPolish	期間要件(c1)研磨[ビーム K=16 steps=22/490ms/最良が20手更新されず打ち切り]: c1 56->56 / total 296->296 score 43322->43322 HARD 4->4 手数0 [探索結果が根に勝てず破棄]
blocked_covu,60,1,v2	53517	C3mnPolish	回避パターン(c3mn)研磨: c3mn 6->6 / total 299->298 HARD 4->4 採用1回 不採用69件(重み悪化:69)(主因 c1:59 low:9 weekly:1) 残存: 職員J, 職員G, 職員I, 職員C / 結合候補: C3mnAlt×69 / 結合探索: 200通り試行/2ms→無駄打ち回避で早期終了
blocked_covu,60,1,v2	53639	FairPolish	グループ内公平化(fair)研磨: fair 18->14 / total 298->294 HARD 4->4 採用3回 対象: 職員G A4, 職員I A4, 職員I Cｱ 不採用402件(ピン破り:2 重み悪化:391 同値:9)(主因 c1:237 low:124 c3mn:19) 残存: 職員B A4, 職員I 希, 職員E Dﾃ, 職員C Aｱ, 職員B Cｱ, 職員E 希, 職員I Dﾃ, 職員J A4, 職員G Cｵ, 職員J Cｱ, 職員G 希, 職員J 希 / 結合候補: FairChain×395 / 結合探索: 200通り試行/1ms→無駄打ち回避で早期終了
blocked_covu,60,1,v2	59911	C1EjectionChain	期間要件(c1)玉突き連鎖v2[起点1/候補11949/評価12185/試行9/採用0/採用深さ最大0/重複除外0/終了時間切れ/時間切れ1/31ms]: c1 48->48 score 42930->42930 HARD 4->4 total 292->292 族差 
blocked_covu,60,1,v2	60012	POST	後処理タイミング 総7760ms: HF80=23ms HF67=31ms HF66=1ms 巡回研磨(厳密日割当+c1/c3/range/apt/fair+曜日/交互)=3855ms C1共同LNS=3749ms 個人共同LNS=100ms 最終検査+HF70=1ms
blocked_covu,60,1,v2	60012	POST	後処理パス別 計7754ms: C1共同LNS=3718ms(47%) C1時系列フロー=1230ms(15%) C1広域ビーム=1184ms(15%) ComponentRepair=381ms(4%) BlockRotationPolish=228ms(2%) CyclicSwapPolish=181ms(2%) C1索引修復=177ms(2%) C3SequencePolish=129ms(1%)
blocked_covu,60,1,off	39015	V6Dispatcher	完了 algorithm=RSI HARD=4 total=324 elapsed=39015ms
blocked_covu,60,1,off	52000	V6Dispatcher	完了 algorithm=ALNS HARD=4 total=324 elapsed=12984ms
blocked_covu,60,1,off	52414	C1Polish	期間要件(c1)研磨: c1 60->58 / total 310->308 HARD 4->4 採用1回(鏡像:1 自己:0 再配置:0) 残存: 職員A 休(5日1回)(不採用×18 主因 low:7 c3n:7), 職員B 休(5日1回)(候補なし×12), 職員C 休(5日1回)(不採用×10 主因 c3n:4 low:3), 職員E Dﾃ(14日1回)(不採用×42 主因 c3n:38 low:4), 職員E 休(5日1回)(不採用×44 主因 c3n:19 low:16), 職員F 休(5日1回)(不採用×44 主因 c3n:18 low:14), 職員G 休(5日1回)(不採用×12 主因 c1:8 c3n:4), 職員E 休(15日4回)(不採用×52 主因 c1:24 c3n:22), 職員F 休(15日4回)(不採用×28 主因 c3n:12 c1:11), 職員I 休(5日1回)(不採用×68 主因 c3n:28 c1:27), 職員I 休(15日4回)(不採用×85 主因 c3n:36 c1:29), 職員J 休(15日4回)(不採用×56 主因 c1:21 c3n:18) / 結合候補: 手B×178 / 結合探索: 200通り試行/2ms→無駄打ち回避で早期終了
blocked_covu,60,1,off	53804	C1BeamPolish	期間要件(c1)研磨[ビーム K=16 steps=60/922ms]: c1 58->58 / total 308->308 score 44183->44183 HARD 4->4 手数0 [探索結果が根に勝てず破棄]
blocked_covu,60,1,off	54286	C3mnPolish	回避パターン(c3mn)研磨: c3mn 6->6 / total 312->312 HARD 4->4 採用0回 [頭打ち=改善手なし] 不採用42件(重み悪化:42)(主因 c1:29 low:13) 残存: 職員B, 職員I, 職員F, 職員J, 職員C / 結合候補: C3mnAlt×42 / 結合探索: 200通り試行/1ms→無駄打ち回避で早期終了
blocked_covu,60,1,off	54430	FairPolish	グループ内公平化(fair)研磨: fair 12->11 / total 307->306 HARD 4->4 採用1回 対象: 職員I Cｵ 不採用188件(重み悪化:188)(主因 c1:122 low:59 c3mn:3) 残存: 職員I Aｱ, 職員I 希, 職員B Dﾃ, 職員C Dﾃ, 職員C Aｱ, 職員E Cｱ, 職員E 希, 職員G 希, 職員J 希 / 結合候補: FairChain×188 / 結合探索: 200通り試行/1ms→無駄打ち回避で早期終了
blocked_covu,60,1,off	58247	POST	後処理タイミング 総5989ms: HF80=23ms HF67=29ms HF66=1ms 巡回研磨(厳密日割当+c1/c3/range/apt/fair+曜日/交互)=3848ms C1共同LNS=1505ms 個人共同LNS=582ms 最終検査+HF70=1ms
blocked_covu,60,1,off	58248	POST	後処理パス別 計5982ms: C1広域ビーム=1859ms(31%) C1共同LNS=1505ms(25%) C1時系列フロー=886ms(14%) BlockRotationPolish=549ms(9%) 個人回数共同LNS=441ms(7%) ComponentRepair=208ms(3%) C1索引修復=100ms(1%) C1同日交換=87ms(1%)
blocked_covu,60,1,off	58247	UnifiedCheck	合計=308 | HARD=4 [groupViol=0 c3n=0 covU=4 pref=0 c3w=0] | SOFT=304 [c1=56 c3m=11 c3mn=6 c42=3 covO=2 low=1 high=2 fair=11 weekly=212] (0ms)
blocked_covu,60,1,off	52414	C1Polish	期間要件(c1)研磨: c1 60->58 / total 310->308 HARD 4->4 採用1回(鏡像:1 自己:0 再配置:0) 残存: 職員A 休(5日1回)(不採用×18 主因 low:7 c3n:7), 職員B 休(5日1回)(候補なし×12), 職員C 休(5日1回)(不採用×10 主因 c3n:4 low:3), 職員E Dﾃ(14日1回)(不採用×42 主因 c3n:38 low:4), 職員E 休(5日1回)(不採用×44 主因 c3n:19 low:16), 職員F 休(5日1回)(不採用×44 主因 c3n:18 low:14), 職員G 休(5日1回)(不採用×12 主因 c1:8 c3n:4), 職員E 休(15日4回)(不採用×52 主因 c1:24 c3n:22), 職員F 休(15日4回)(不採用×28 主因 c3n:12 c1:11), 職員I 休(5日1回)(不採用×68 主因 c3n:28 c1:27), 職員I 休(15日4回)(不採用×85 主因 c3n:36 c1:29), 職員J 休(15日4回)(不採用×56 主因 c1:21 c3n:18) / 結合候補: 手B×178 / 結合探索: 200通り試行/2ms→無駄打ち回避で早期終了
blocked_covu,60,1,off	53804	C1BeamPolish	期間要件(c1)研磨[ビーム K=16 steps=60/922ms]: c1 58->58 / total 308->308 score 44183->44183 HARD 4->4 手数0 [探索結果が根に勝てず破棄]
blocked_covu,60,1,off	54286	C3mnPolish	回避パターン(c3mn)研磨: c3mn 6->6 / total 312->312 HARD 4->4 採用0回 [頭打ち=改善手なし] 不採用42件(重み悪化:42)(主因 c1:29 low:13) 残存: 職員B, 職員I, 職員F, 職員J, 職員C / 結合候補: C3mnAlt×42 / 結合探索: 200通り試行/1ms→無駄打ち回避で早期終了
blocked_covu,60,1,off	54430	FairPolish	グループ内公平化(fair)研磨: fair 12->11 / total 307->306 HARD 4->4 採用1回 対象: 職員I Cｵ 不採用188件(重み悪化:188)(主因 c1:122 low:59 c3mn:3) 残存: 職員I Aｱ, 職員I 希, 職員B Dﾃ, 職員C Dﾃ, 職員C Aｱ, 職員E Cｱ, 職員E 希, 職員G 希, 職員J 希 / 結合候補: FairChain×188 / 結合探索: 200通り試行/1ms→無駄打ち回避で早期終了
blocked_covu,60,1,off	58247	POST	後処理タイミング 総5989ms: HF80=23ms HF67=29ms HF66=1ms 巡回研磨(厳密日割当+c1/c3/range/apt/fair+曜日/交互)=3848ms C1共同LNS=1505ms 個人共同LNS=582ms 最終検査+HF70=1ms
blocked_covu,60,1,off	58248	POST	後処理パス別 計5982ms: C1広域ビーム=1859ms(31%) C1共同LNS=1505ms(25%) C1時系列フロー=886ms(14%) BlockRotationPolish=549ms(9%) 個人回数共同LNS=441ms(7%) ComponentRepair=208ms(3%) C1索引修復=100ms(1%) C1同日交換=87ms(1%)
blocked_covu,60,2,off	39017	V6Dispatcher	完了 algorithm=RSI HARD=4 total=311 elapsed=39015ms
blocked_covu,60,2,off	52004	V6Dispatcher	完了 algorithm=ALNS HARD=4 total=306 elapsed=12986ms
blocked_covu,60,2,off	52468	C1Polish	期間要件(c1)研磨: c1 44->44 / total 288->288 HARD 4->4 採用0回(鏡像:0 自己:0 再配置:0) [頭打ち=改善手なし] 残存: 職員A 休(5日1回)(不採用×9 主因 c3n:4 low:3), 職員B 休(5日1回)(不採用×7 主因 c1:4 c3n:3), 職員C 休(5日1回)(不採用×14 主因 c3n:7 c1:4), 職員E Dﾃ(14日1回)(不採用×15 主因 c3n:14 low:1), 職員B 休(15日4回)(不採用×26 主因 c3n:14 c1:7), 職員E 休(5日1回)(不採用×15 主因 c3n:5 low:4), 職員F 休(5日1回)(不採用×9 主因 low:4 c3n:4), 職員G 休(5日1回)(不採用×7 主因 c3n:3 low:2), 職員E 休(15日4回)(不採用×34 主因 c3n:16 c1:10), 職員I 休(5日1回)(不採用×19 主因 c3n:7 low:6), 職員G 休(15日4回)(不採用×29 主因 low:10 c3n:10), 職員J 休(5日1回)(不採用×8 主因 c1:5 c3n:3), 職員I 休(15日4回)(不採用×40 主因 low:14 c3n:14), 職員J 休(15日4回)(不採用×33 主因 c1:15 c3n:11) / 結合候補: 手B×88 / 結合探索: 200通り試行/1ms→無駄打ち回避で早期終了
blocked_covu,60,2,off	53425	C1BeamPolish	期間要件(c1)研磨[ビーム K=16 steps=22/421ms/最良が20手更新されず打ち切り]: c1 44->44 / total 288->288 score 43940->43940 HARD 4->4 手数0 [探索結果が根に勝てず破棄]
blocked_covu,60,2,off	53693	C3mnPolish	回避パターン(c3mn)研磨: c3mn 8->8 / total 288->288 HARD 4->4 採用0回 [頭打ち=改善手なし] 不採用39件(重み悪化:39)(主因 c1:24 low:14 c3mn:1) 残存: 職員G, 職員F, 職員A, 職員B, 職員C, 職員I / 結合候補: C3mnAlt×39 / 結合探索: 200通り試行/2ms→無駄打ち回避で早期終了
blocked_covu,60,2,off	57604	POST	後処理タイミング 総5297ms: HF80=22ms HF67=27ms HF66=2ms 巡回研磨(厳密日割当+c1/c3/range/apt/fair+曜日/交互)=3089ms C1共同LNS=1506ms 個人共同LNS=650ms 最終検査+HF70=1ms
blocked_covu,60,2,off	57605	POST	後処理パス別 計5292ms: C1共同LNS=1506ms(28%) C1時系列フロー=970ms(18%) C1広域ビーム=775ms(14%) 個人回数共同LNS=580ms(10%) BlockRotationPolish=492ms(9%) ComponentRepair=406ms(7%) CyclicSwapPolish=106ms(2%) C1索引修復=80ms(1%)
blocked_covu,60,2,off	57604	UnifiedCheck	合計=288 | HARD=4 [groupViol=0 c3n=0 covU=4 pref=0 c3w=0] | SOFT=284 [c1=44 c3m=9 c3mn=8 c42=5 covO=2 low=3 high=5 fair=14 weekly=194] (0ms)
blocked_covu,60,2,off	52468	C1Polish	期間要件(c1)研磨: c1 44->44 / total 288->288 HARD 4->4 採用0回(鏡像:0 自己:0 再配置:0) [頭打ち=改善手なし] 残存: 職員A 休(5日1回)(不採用×9 主因 c3n:4 low:3), 職員B 休(5日1回)(不採用×7 主因 c1:4 c3n:3), 職員C 休(5日1回)(不採用×14 主因 c3n:7 c1:4), 職員E Dﾃ(14日1回)(不採用×15 主因 c3n:14 low:1), 職員B 休(15日4回)(不採用×26 主因 c3n:14 c1:7), 職員E 休(5日1回)(不採用×15 主因 c3n:5 low:4), 職員F 休(5日1回)(不採用×9 主因 low:4 c3n:4), 職員G 休(5日1回)(不採用×7 主因 c3n:3 low:2), 職員E 休(15日4回)(不採用×34 主因 c3n:16 c1:10), 職員I 休(5日1回)(不採用×19 主因 c3n:7 low:6), 職員G 休(15日4回)(不採用×29 主因 low:10 c3n:10), 職員J 休(5日1回)(不採用×8 主因 c1:5 c3n:3), 職員I 休(15日4回)(不採用×40 主因 low:14 c3n:14), 職員J 休(15日4回)(不採用×33 主因 c1:15 c3n:11) / 結合候補: 手B×88 / 結合探索: 200通り試行/1ms→無駄打ち回避で早期終了
blocked_covu,60,2,off	53425	C1BeamPolish	期間要件(c1)研磨[ビーム K=16 steps=22/421ms/最良が20手更新されず打ち切り]: c1 44->44 / total 288->288 score 43940->43940 HARD 4->4 手数0 [探索結果が根に勝てず破棄]
blocked_covu,60,2,off	53693	C3mnPolish	回避パターン(c3mn)研磨: c3mn 8->8 / total 288->288 HARD 4->4 採用0回 [頭打ち=改善手なし] 不採用39件(重み悪化:39)(主因 c1:24 low:14 c3mn:1) 残存: 職員G, 職員F, 職員A, 職員B, 職員C, 職員I / 結合候補: C3mnAlt×39 / 結合探索: 200通り試行/2ms→無駄打ち回避で早期終了
blocked_covu,60,2,off	57604	POST	後処理タイミング 総5297ms: HF80=22ms HF67=27ms HF66=2ms 巡回研磨(厳密日割当+c1/c3/range/apt/fair+曜日/交互)=3089ms C1共同LNS=1506ms 個人共同LNS=650ms 最終検査+HF70=1ms
blocked_covu,60,2,off	57605	POST	後処理パス別 計5292ms: C1共同LNS=1506ms(28%) C1時系列フロー=970ms(18%) C1広域ビーム=775ms(14%) 個人回数共同LNS=580ms(10%) BlockRotationPolish=492ms(9%) ComponentRepair=406ms(7%) CyclicSwapPolish=106ms(2%) C1索引修復=80ms(1%)
blocked_covu,60,2,v2	39017	V6Dispatcher	完了 algorithm=RSI HARD=4 total=306 elapsed=39015ms
blocked_covu,60,2,v2	52001	V6Dispatcher	完了 algorithm=ALNS HARD=4 total=296 elapsed=12984ms
blocked_covu,60,2,v2	52534	C1Polish	期間要件(c1)研磨: c1 56->56 / total 277->277 HARD 4->4 採用0回(鏡像:0 自己:0 再配置:0) [頭打ち=改善手なし] 残存: 職員A 休(5日1回)(不採用×12 主因 low:7 c3n:5), 職員C 休(5日1回)(不採用×5 主因 c1:2 c3n:2), 職員E Dﾃ(14日1回)(不採用×20 主因 c3n:19 low:1), 職員E 休(5日1回)(不採用×21 主因 c3n:9 c1:7), 職員F 休(5日1回)(不採用×8 主因 c3n:4 low:2), 職員G Dﾃ(14日1回)(不採用×17 主因 c3n:17), 職員G 休(5日1回)(不採用×21 主因 c1:9 c3n:9), 職員E 休(15日4回)(不採用×25 主因 c1:11 c3n:11), 職員F 休(15日4回)(不採用×35 主因 c3n:13 low:12), 職員I 休(5日1回)(不採用×20 主因 low:10 c3n:6), 職員G 休(15日4回)(不採用×39 主因 c3n:17 c1:16), 職員J 休(5日1回)(不採用×22 主因 c1:13 c3n:6), 職員I 休(15日4回)(不採用×17 主因 low:9 c3n:5), 職員J 休(15日4回)(不採用×33 主因 c1:15 c3n:12), 職員A Dﾃ(14日1回)(不採用×8 主因 c3n:7 c1:1) / 結合候補: 手B×108 / 結合探索: 200通り試行/1ms→無駄打ち回避で早期終了
blocked_covu,60,2,v2	53315	C1BeamPolish	期間要件(c1)研磨[ビーム K=16 steps=22/323ms/最良が20手更新されず打ち切り]: c1 54->54 / total 283->283 score 44383->44383 HARD 4->4 手数0 [探索結果が根に勝てず破棄]
blocked_covu,60,2,v2	53370	C3mnPolish	回避パターン(c3mn)研磨: c3mn 5->5 / total 284->284 HARD 4->4 採用0回 [頭打ち=改善手なし] 不採用29件(重み悪化:29)(主因 c1:27 low:2) 残存: 職員G, 職員I, 職員F, 職員B, 職員C / 結合候補: C3mnAlt×29 / 結合探索: 200通り試行/1ms→無駄打ち回避で早期終了
blocked_covu,60,2,v2	53468	FairPolish	グループ内公平化(fair)研磨: fair 11->12 / total 284->283 HARD 4->4 採用1回 対象: 職員J A4 不採用334件(重み悪化:331 同値:3)(主因 c1:212 low:91 c3mn:16) 残存: 職員I 希, 職員B Dﾃ, 職員C A4, 職員E Cｵ, 職員C Cｱ, 職員E 希, 職員G Dﾃ, 職員G Aｱ, 職員I Cｱ, 職員G 希, 職員J 希 / 結合候補: FairChain×334 / 結合探索: 200通り試行/1ms→無駄打ち回避で早期終了
blocked_covu,60,2,v2	57138	C1EjectionChain	期間要件(c1)玉突き連鎖v2[起点5/候補369113/評価427539/試行342/採用0/採用深さ最大0/重複除外101/終了時間切れ/時間切れ1/954ms]: c1 50->50 score 44067->44067 HARD 4->4 total 280->280 族差 
blocked_covu,60,2,v2	57954	POST	後処理タイミング 総5644ms: HF80=33ms HF67=36ms HF66=1ms 巡回研磨(厳密日割当+c1/c3/range/apt/fair+曜日/交互)=2301ms C1共同LNS=2457ms 個人共同LNS=816ms 最終検査+HF70=0ms
blocked_covu,60,2,v2	57954	POST	後処理パス別 計5642ms: C1共同LNS=1503ms(26%) C1玉突き連鎖=954ms(16%) C1時系列フロー=745ms(13%) C1広域ビーム=640ms(11%) 個人回数共同LNS=611ms(10%) ComponentRepair=315ms(5%) BlockRotationPolish=199ms(3%) CyclicSwapPolish=134ms(2%)
blocked_covu,60,2,v2	57954	UnifiedCheck	合計=275 | HARD=4 [groupViol=0 c3n=0 covU=4 pref=0 c3w=0] | SOFT=271 [c1=50 c3m=9 c3mn=5 c42=3 covO=5 low=4 high=4 fair=10 weekly=181] (0ms)
blocked_covu,60,2,v2	52534	C1Polish	期間要件(c1)研磨: c1 56->56 / total 277->277 HARD 4->4 採用0回(鏡像:0 自己:0 再配置:0) [頭打ち=改善手なし] 残存: 職員A 休(5日1回)(不採用×12 主因 low:7 c3n:5), 職員C 休(5日1回)(不採用×5 主因 c1:2 c3n:2), 職員E Dﾃ(14日1回)(不採用×20 主因 c3n:19 low:1), 職員E 休(5日1回)(不採用×21 主因 c3n:9 c1:7), 職員F 休(5日1回)(不採用×8 主因 c3n:4 low:2), 職員G Dﾃ(14日1回)(不採用×17 主因 c3n:17), 職員G 休(5日1回)(不採用×21 主因 c1:9 c3n:9), 職員E 休(15日4回)(不採用×25 主因 c1:11 c3n:11), 職員F 休(15日4回)(不採用×35 主因 c3n:13 low:12), 職員I 休(5日1回)(不採用×20 主因 low:10 c3n:6), 職員G 休(15日4回)(不採用×39 主因 c3n:17 c1:16), 職員J 休(5日1回)(不採用×22 主因 c1:13 c3n:6), 職員I 休(15日4回)(不採用×17 主因 low:9 c3n:5), 職員J 休(15日4回)(不採用×33 主因 c1:15 c3n:12), 職員A Dﾃ(14日1回)(不採用×8 主因 c3n:7 c1:1) / 結合候補: 手B×108 / 結合探索: 200通り試行/1ms→無駄打ち回避で早期終了
blocked_covu,60,2,v2	53315	C1BeamPolish	期間要件(c1)研磨[ビーム K=16 steps=22/323ms/最良が20手更新されず打ち切り]: c1 54->54 / total 283->283 score 44383->44383 HARD 4->4 手数0 [探索結果が根に勝てず破棄]
blocked_covu,60,2,v2	53370	C3mnPolish	回避パターン(c3mn)研磨: c3mn 5->5 / total 284->284 HARD 4->4 採用0回 [頭打ち=改善手なし] 不採用29件(重み悪化:29)(主因 c1:27 low:2) 残存: 職員G, 職員I, 職員F, 職員B, 職員C / 結合候補: C3mnAlt×29 / 結合探索: 200通り試行/1ms→無駄打ち回避で早期終了
blocked_covu,60,2,v2	53468	FairPolish	グループ内公平化(fair)研磨: fair 11->12 / total 284->283 HARD 4->4 採用1回 対象: 職員J A4 不採用334件(重み悪化:331 同値:3)(主因 c1:212 low:91 c3mn:16) 残存: 職員I 希, 職員B Dﾃ, 職員C A4, 職員E Cｵ, 職員C Cｱ, 職員E 希, 職員G Dﾃ, 職員G Aｱ, 職員I Cｱ, 職員G 希, 職員J 希 / 結合候補: FairChain×334 / 結合探索: 200通り試行/1ms→無駄打ち回避で早期終了
blocked_covu,60,2,v2	57138	C1EjectionChain	期間要件(c1)玉突き連鎖v2[起点5/候補369113/評価427539/試行342/採用0/採用深さ最大0/重複除外101/終了時間切れ/時間切れ1/954ms]: c1 50->50 score 44067->44067 HARD 4->4 total 280->280 族差 
blocked_covu,60,2,v2	57954	POST	後処理タイミング 総5644ms: HF80=33ms HF67=36ms HF66=1ms 巡回研磨(厳密日割当+c1/c3/range/apt/fair+曜日/交互)=2301ms C1共同LNS=2457ms 個人共同LNS=816ms 最終検査+HF70=0ms
blocked_covu,60,2,v2	57954	POST	後処理パス別 計5642ms: C1共同LNS=1503ms(26%) C1玉突き連鎖=954ms(16%) C1時系列フロー=745ms(13%) C1広域ビーム=640ms(11%) 個人回数共同LNS=611ms(10%) ComponentRepair=315ms(5%) BlockRotationPolish=199ms(3%) CyclicSwapPolish=134ms(2%)
blocked_covu,60,3,v2	39009	V6Dispatcher	完了 algorithm=RSI HARD=4 total=298 elapsed=39007ms
blocked_covu,60,3,v2	52001	V6Dispatcher	完了 algorithm=ALNS HARD=4 total=298 elapsed=12992ms
blocked_covu,60,3,v2	52302	C1Polish	期間要件(c1)研磨: c1 51->50 / total 298->303 HARD 4->4 採用1回(鏡像:0 自己:0 再配置:0) 残存: 職員A 休(5日1回)(不採用×18 主因 c3n:8 c1:5), 職員B 休(5日1回)(不採用×23 主因 c3n:15 c1:6), 職員C 休(5日1回)(不採用×10 主因 c1:4 c3n:4), 職員E Dﾃ(14日1回)(不採用×34 主因 c3n:30 low:4), 職員B 休(15日4回)(不採用×54 主因 c3n:34 c1:14), 職員E 休(5日1回)(不採用×42 主因 c3n:19 low:18), 職員F 休(5日1回)(不採用×22 主因 c3n:14 c1:5), 職員G Dﾃ(14日1回)(不採用×32 主因 c3n:32), 職員F 休(15日4回)(不採用×50 主因 c3n:24 c1:20), 職員I 休(5日1回)(不採用×39 主因 c3n:20 low:11), 職員J 休(5日1回)(不採用×32 主因 c1:20 c3n:10), 職員I 休(15日4回)(不採用×75 主因 c3n:34 low:23), 職員J 休(15日4回)(不採用×32 主因 c1:16 c3n:14), 職員A Dﾃ(14日1回)(不採用×22 主因 c3n:14 c1:5) / 結合候補: 手B×173 / 結合探索: 200通り試行/2ms→無駄打ち回避で早期終了
blocked_covu,60,3,v2	53206	C1BeamPolish	期間要件(c1)研磨[ビーム K=16 steps=31/423ms/最良が20手更新されず打ち切り]: c1 50->50 / total 303->303 score 43131->43131 HARD 4->4 手数0 [探索結果が根に勝てず破棄]
blocked_covu,60,3,v2	53283	RangePolish	個人回数(low/high)玉突き研磨: low 5->5 / high 4->4 / total 295->295 HARD 4->4 採用0回（日割当:0 / 柔軟日割当:0） [頭打ち=改善手なし] 残存: 職員B B4(不採用×8 主因 c1:7・候補なし×6・希望固定×6・range後回し×6・禁止連続×5), 職員C 休(希望固定×7: 8/1・8/3・8/5・8/7・8/12・8/21ほか1日・range後回し×7・不採用×5 主因 c1:4 low:1・候補なし×4), 職員C B4(希望固定×24: 8/3・8/5・8/7・柔軟日割当候補なし×1・日割当候補なし×1), 職員F 休(不採用×33 主因 c1:33・希望固定×21・禁止連続×9・柔軟日割当候補なし×1・日割当候補なし×1), 職員F B4(不採用×10 主因 c1:9 c3mn:1・range後回し×8・候補なし×7・希望固定×6), 職員I 休(禁止連続×26: 8/9・8/12・8/15・8/19・8/30・希望固定×14・不採用×9 主因 c1:9・柔軟日割当候補なし×1・日割当候補なし×1), 職員I B4(不採用×11 主因 c1:9 low:1・希望固定×7・候補なし×5・禁止連続×4・range後回し×4) / 結合候補: tryRelocate×101 / 結合探索: 200通り試行/8ms→無駄打ち回避で早期終了
blocked_covu,60,3,v2	53350	FairPolish	グループ内公平化(fair)研磨: fair 15->13 / total 295->292 HARD 4->4 採用1回 対象: 職員J Cｱ 不採用256件(重み悪化:255 同値:1)(主因 c1:173 low:66 weekly:6) 残存: 職員I Aｱ, 職員I 希, 職員B Dﾃ, 職員C Dﾃ, 職員C Aｱ, 職員C Cｱ, 職員E 希, 職員J Dﾃ, 職員J A4, 職員G Cｵ, 職員G 希 / 結合候補: FairChain×256 / 結合探索: 200通り試行/4ms→無駄打ち回避で早期終了
blocked_covu,60,3,v2	58216	C1EjectionChain	期間要件(c1)玉突き連鎖v2[起点3/候補217547/評価258542/試行206/採用0/採用深さ最大0/重複除外101/終了時間切れ/時間切れ1/595ms]: c1 49->49 score 42963->42963 HARD 4->4 total 291->291 族差 
blocked_covu,60,3,v2	58786	POST	後処理タイミング 総6610ms: HF80=20ms HF67=28ms HF66=2ms 巡回研磨(厳密日割当+c1/c3/range/apt/fair+曜日/交互)=3892ms C1共同LNS=2098ms 個人共同LNS=570ms 最終検査+HF70=0ms
blocked_covu,60,3,v2	58786	POST	後処理パス別 計6604ms: C1共同LNS=1502ms(22%) C1時系列フロー=1351ms(20%) C1広域ビーム=1024ms(15%) C1玉突き連鎖=596ms(9%) 個人回数共同LNS=489ms(7%) BlockRotationPolish=462ms(6%) ComponentRepair=453ms(6%) C1索引修復=119ms(1%)
blocked_covu,60,3,v2	58786	UnifiedCheck	合計=292 | HARD=4 [groupViol=0 c3n=1 covU=3 pref=0 c3w=0] | SOFT=288 [c1=49 c3m=10 c3mn=3 c42=4 covO=2 low=5 high=4 fair=12 weekly=199] (0ms)
blocked_covu,60,3,v2	52302	C1Polish	期間要件(c1)研磨: c1 51->50 / total 298->303 HARD 4->4 採用1回(鏡像:0 自己:0 再配置:0) 残存: 職員A 休(5日1回)(不採用×18 主因 c3n:8 c1:5), 職員B 休(5日1回)(不採用×23 主因 c3n:15 c1:6), 職員C 休(5日1回)(不採用×10 主因 c1:4 c3n:4), 職員E Dﾃ(14日1回)(不採用×34 主因 c3n:30 low:4), 職員B 休(15日4回)(不採用×54 主因 c3n:34 c1:14), 職員E 休(5日1回)(不採用×42 主因 c3n:19 low:18), 職員F 休(5日1回)(不採用×22 主因 c3n:14 c1:5), 職員G Dﾃ(14日1回)(不採用×32 主因 c3n:32), 職員F 休(15日4回)(不採用×50 主因 c3n:24 c1:20), 職員I 休(5日1回)(不採用×39 主因 c3n:20 low:11), 職員J 休(5日1回)(不採用×32 主因 c1:20 c3n:10), 職員I 休(15日4回)(不採用×75 主因 c3n:34 low:23), 職員J 休(15日4回)(不採用×32 主因 c1:16 c3n:14), 職員A Dﾃ(14日1回)(不採用×22 主因 c3n:14 c1:5) / 結合候補: 手B×173 / 結合探索: 200通り試行/2ms→無駄打ち回避で早期終了
blocked_covu,60,3,v2	53206	C1BeamPolish	期間要件(c1)研磨[ビーム K=16 steps=31/423ms/最良が20手更新されず打ち切り]: c1 50->50 / total 303->303 score 43131->43131 HARD 4->4 手数0 [探索結果が根に勝てず破棄]
blocked_covu,60,3,v2	53283	RangePolish	個人回数(low/high)玉突き研磨: low 5->5 / high 4->4 / total 295->295 HARD 4->4 採用0回（日割当:0 / 柔軟日割当:0） [頭打ち=改善手なし] 残存: 職員B B4(不採用×8 主因 c1:7・候補なし×6・希望固定×6・range後回し×6・禁止連続×5), 職員C 休(希望固定×7: 8/1・8/3・8/5・8/7・8/12・8/21ほか1日・range後回し×7・不採用×5 主因 c1:4 low:1・候補なし×4), 職員C B4(希望固定×24: 8/3・8/5・8/7・柔軟日割当候補なし×1・日割当候補なし×1), 職員F 休(不採用×33 主因 c1:33・希望固定×21・禁止連続×9・柔軟日割当候補なし×1・日割当候補なし×1), 職員F B4(不採用×10 主因 c1:9 c3mn:1・range後回し×8・候補なし×7・希望固定×6), 職員I 休(禁止連続×26: 8/9・8/12・8/15・8/19・8/30・希望固定×14・不採用×9 主因 c1:9・柔軟日割当候補なし×1・日割当候補なし×1), 職員I B4(不採用×11 主因 c1:9 low:1・希望固定×7・候補なし×5・禁止連続×4・range後回し×4) / 結合候補: tryRelocate×101 / 結合探索: 200通り試行/8ms→無駄打ち回避で早期終了
blocked_covu,60,3,v2	53350	FairPolish	グループ内公平化(fair)研磨: fair 15->13 / total 295->292 HARD 4->4 採用1回 対象: 職員J Cｱ 不採用256件(重み悪化:255 同値:1)(主因 c1:173 low:66 weekly:6) 残存: 職員I Aｱ, 職員I 希, 職員B Dﾃ, 職員C Dﾃ, 職員C Aｱ, 職員C Cｱ, 職員E 希, 職員J Dﾃ, 職員J A4, 職員G Cｵ, 職員G 希 / 結合候補: FairChain×256 / 結合探索: 200通り試行/4ms→無駄打ち回避で早期終了
blocked_covu,60,3,v2	58216	C1EjectionChain	期間要件(c1)玉突き連鎖v2[起点3/候補217547/評価258542/試行206/採用0/採用深さ最大0/重複除外101/終了時間切れ/時間切れ1/595ms]: c1 49->49 score 42963->42963 HARD 4->4 total 291->291 族差 
blocked_covu,60,3,v2	58786	POST	後処理タイミング 総6610ms: HF80=20ms HF67=28ms HF66=2ms 巡回研磨(厳密日割当+c1/c3/range/apt/fair+曜日/交互)=3892ms C1共同LNS=2098ms 個人共同LNS=570ms 最終検査+HF70=0ms
blocked_covu,60,3,v2	58786	POST	後処理パス別 計6604ms: C1共同LNS=1502ms(22%) C1時系列フロー=1351ms(20%) C1広域ビーム=1024ms(15%) C1玉突き連鎖=596ms(9%) 個人回数共同LNS=489ms(7%) BlockRotationPolish=462ms(6%) ComponentRepair=453ms(6%) C1索引修復=119ms(1%)
blocked_covu,60,3,off	39009	V6Dispatcher	完了 algorithm=RSI HARD=4 total=319 elapsed=39008ms
blocked_covu,60,3,off	52001	V6Dispatcher	完了 algorithm=ALNS HARD=4 total=316 elapsed=12992ms
blocked_covu,60,3,off	52322	C1Polish	期間要件(c1)研磨: c1 56->55 / total 306->303 HARD 4->4 採用2回(鏡像:1 自己:0 再配置:0) 残存: 職員A 休(5日1回)(不採用×16 主因 c3n:8 c3mn:5), 職員B 休(5日1回)(不採用×24 主因 c3n:14 c1:6), 職員C 休(5日1回)(不採用×26 主因 c3n:12 c1:9), 職員E Dﾃ(14日1回)(不採用×34 主因 c3n:30 low:4), 職員B 休(15日4回)(不採用×56 主因 c3n:30 c1:13), 職員E 休(5日1回)(不採用×46 主因 c3n:22 low:19), 職員C 休(15日4回)(不採用×40 主因 c3n:14 c1:13), 職員F 休(5日1回)(不採用×26 主因 c1:10 c3n:10), 職員G Dﾃ(14日1回)(不採用×33 主因 c3n:31 c3mn:1), 職員E 休(15日4回)(不採用×49 主因 c1:22 c3n:18), 職員G 休(5日1回)(不採用×20 主因 c3n:10 c1:8), 職員F 休(15日4回)(不採用×60 主因 c1:25 c3n:24), 職員I 休(5日1回)(不採用×36 主因 low:19 c3n:10), 職員G 休(15日4回)(不採用×29 主因 c3n:14 c1:12), 職員J 休(5日1回)(不採用×16 主因 low:5 c1:5), 職員I 休(15日4回)(不採用×74 主因 c3n:31 low:22) / 結合候補: 手B×203 / 結合探索: 200通り試行/1ms→無駄打ち回避で早期終了
blocked_covu,60,3,off	53493	C1BeamPolish	期間要件(c1)研磨[ビーム K=16 steps=22/310ms/最良が20手更新されず打ち切り]: c1 51->51 / total 296->296 score 42901->42901 HARD 4->4 手数0 [探索結果が根に勝てず破棄]
blocked_covu,60,3,off	53545	C3mnPolish	回避パターン(c3mn)研磨: c3mn 4->4 / total 287->287 HARD 4->4 採用0回 [頭打ち=改善手なし] 不採用24件(重み悪化:24)(主因 c1:17 low:7) 残存: 職員E, 職員G, 職員C, 職員J / 結合候補: C3mnAlt×24 / 結合探索: 200通り試行/1ms→無駄打ち回避で早期終了
blocked_covu,60,3,off	53555	RangePolish	個人回数(low/high)玉突き研磨: low 3->3 / high 3->3 / total 287->287 HARD 4->4 採用0回（日割当:0 / 柔軟日割当:0） [頭打ち=改善手なし] 残存: 職員B B4(候補なし×7・range後回し×7・希望固定×6・不採用×6 主因 c1:4 c3mn:1・禁止連続×5), 職員C 休(range後回し×8・希望固定×7・候補なし×4・不採用×4 主因 low:2 c1:2), 職員C B4(希望固定×24: 8/3・8/5・8/7・柔軟日割当候補なし×1・日割当候補なし×1), 職員I 休(不採用×22 主因 c1:22・希望固定×14・禁止連続×13・柔軟日割当候補なし×1・日割当候補なし×1) / 結合候補: tryRelocate×47 / 結合探索: 200通り試行/1ms→無駄打ち回避で早期終了
blocked_covu,60,3,off	60002	POST	後処理タイミング 総7816ms: HF80=22ms HF67=28ms HF66=1ms 巡回研磨(厳密日割当+c1/c3/range/apt/fair+曜日/交互)=3882ms C1共同LNS=3795ms 個人共同LNS=88ms 最終検査+HF70=0ms
blocked_covu,60,3,off	60002	POST	後処理パス別 計7810ms: C1共同LNS=3795ms(48%) C1時系列フロー=1571ms(20%) C1広域ビーム=940ms(12%) ComponentRepair=478ms(6%) BlockRotationPolish=203ms(2%) C1索引修復=153ms(1%) C3SequencePolish=118ms(1%) C1同日交換=111ms(1%)
blocked_covu,60,3,off	60002	UnifiedCheck	合計=293 | HARD=4 [groupViol=0 c3n=1 covU=3 pref=0 c3w=0] | SOFT=289 [c1=45 c3m=9 c3mn=5 c42=6 covO=2 low=3 high=3 fair=15 weekly=201] (0ms)
blocked_covu,60,3,off	52322	C1Polish	期間要件(c1)研磨: c1 56->55 / total 306->303 HARD 4->4 採用2回(鏡像:1 自己:0 再配置:0) 残存: 職員A 休(5日1回)(不採用×16 主因 c3n:8 c3mn:5), 職員B 休(5日1回)(不採用×24 主因 c3n:14 c1:6), 職員C 休(5日1回)(不採用×26 主因 c3n:12 c1:9), 職員E Dﾃ(14日1回)(不採用×34 主因 c3n:30 low:4), 職員B 休(15日4回)(不採用×56 主因 c3n:30 c1:13), 職員E 休(5日1回)(不採用×46 主因 c3n:22 low:19), 職員C 休(15日4回)(不採用×40 主因 c3n:14 c1:13), 職員F 休(5日1回)(不採用×26 主因 c1:10 c3n:10), 職員G Dﾃ(14日1回)(不採用×33 主因 c3n:31 c3mn:1), 職員E 休(15日4回)(不採用×49 主因 c1:22 c3n:18), 職員G 休(5日1回)(不採用×20 主因 c3n:10 c1:8), 職員F 休(15日4回)(不採用×60 主因 c1:25 c3n:24), 職員I 休(5日1回)(不採用×36 主因 low:19 c3n:10), 職員G 休(15日4回)(不採用×29 主因 c3n:14 c1:12), 職員J 休(5日1回)(不採用×16 主因 low:5 c1:5), 職員I 休(15日4回)(不採用×74 主因 c3n:31 low:22) / 結合候補: 手B×203 / 結合探索: 200通り試行/1ms→無駄打ち回避で早期終了
blocked_covu,60,3,off	53493	C1BeamPolish	期間要件(c1)研磨[ビーム K=16 steps=22/310ms/最良が20手更新されず打ち切り]: c1 51->51 / total 296->296 score 42901->42901 HARD 4->4 手数0 [探索結果が根に勝てず破棄]
blocked_covu,60,3,off	53545	C3mnPolish	回避パターン(c3mn)研磨: c3mn 4->4 / total 287->287 HARD 4->4 採用0回 [頭打ち=改善手なし] 不採用24件(重み悪化:24)(主因 c1:17 low:7) 残存: 職員E, 職員G, 職員C, 職員J / 結合候補: C3mnAlt×24 / 結合探索: 200通り試行/1ms→無駄打ち回避で早期終了
blocked_covu,60,3,off	53555	RangePolish	個人回数(low/high)玉突き研磨: low 3->3 / high 3->3 / total 287->287 HARD 4->4 採用0回（日割当:0 / 柔軟日割当:0） [頭打ち=改善手なし] 残存: 職員B B4(候補なし×7・range後回し×7・希望固定×6・不採用×6 主因 c1:4 c3mn:1・禁止連続×5), 職員C 休(range後回し×8・希望固定×7・候補なし×4・不採用×4 主因 low:2 c1:2), 職員C B4(希望固定×24: 8/3・8/5・8/7・柔軟日割当候補なし×1・日割当候補なし×1), 職員I 休(不採用×22 主因 c1:22・希望固定×14・禁止連続×13・柔軟日割当候補なし×1・日割当候補なし×1) / 結合候補: tryRelocate×47 / 結合探索: 200通り試行/1ms→無駄打ち回避で早期終了
blocked_covu,60,3,off	60002	POST	後処理タイミング 総7816ms: HF80=22ms HF67=28ms HF66=1ms 巡回研磨(厳密日割当+c1/c3/range/apt/fair+曜日/交互)=3882ms C1共同LNS=3795ms 個人共同LNS=88ms 最終検査+HF70=0ms
blocked_covu,60,3,off	60002	POST	後処理パス別 計7810ms: C1共同LNS=3795ms(48%) C1時系列フロー=1571ms(20%) C1広域ビーム=940ms(12%) ComponentRepair=478ms(6%) BlockRotationPolish=203ms(2%) C1索引修復=153ms(1%) C3SequencePolish=118ms(1%) C1同日交換=111ms(1%)
blocked_covu,120,1,v2	80011	V6Dispatcher	完了 algorithm=RSI HARD=4 total=312 elapsed=80010ms
blocked_covu,120,1,v2	110001	V6Dispatcher	完了 algorithm=ALNS HARD=4 total=312 elapsed=29990ms
blocked_covu,120,1,v2	111746	C1BeamPolish	期間要件(c1)研磨[ビーム K=16 steps=60/981ms]: c1 59->59 / total 300->300 score 43691->43691 HARD 4->4 手数0 [探索結果が根に勝てず破棄]
blocked_covu,120,1,v2	111795	C3mnPolish	回避パターン(c3mn)研磨: c3mn 4->4 / total 304->304 HARD 4->4 採用0回 [頭打ち=改善手なし] 不採用9件(重み悪化:9)(主因 c1:7 low:2) 残存: 職員A, 職員C, 職員I / 結合候補: C3mnAlt×9 / 結合探索: 200通り試行/1ms→無駄打ち回避で早期終了
blocked_covu,120,1,v2	111855	RangePolish	個人回数(low/high)玉突き研磨: low 4->4 / high 8->4 / total 304->299 HARD 4->4 採用4回（日割当:0 / 柔軟日割当:4） 対象: 職員D 休, 職員D 休, 職員D 休, 職員D 休 残存: 職員A 休(希望固定×112: 8/8・8/11・8/13・8/18・8/21・8/22ほか2日・禁止連続×16・不採用×12 主因 c1:12・柔軟日割当候補なし×2・日割当候補なし×2), 職員C 休(希望固定×14: 8/1・8/3・8/5・8/7・8/12・8/21ほか1日・range後回し×13・不採用×11 主因 low:6 c1:5・候補なし×8), 職員C B4(希望固定×48: 8/3・8/5・8/7・柔軟日割当候補なし×2・日割当候補なし×2), 職員E B4(不採用×26 主因 c1:22 low:4・希望固定×16・range後回し×10・候補なし×6・禁止連続×4), 職員F 休(不採用×62 主因 c1:62・希望固定×42・禁止連続×22・柔軟日割当候補なし×2・日割当候補なし×2), 職員I B4(不採用×23 主因 c1:17 low:2・希望固定×14・候補なし×10・禁止連続×10・range後回し×5) / 結合候補: tryRelocate×162 / 結合探索: 200通り試行/1ms→無駄打ち回避で早期終了
blocked_covu,120,1,v2	111942	FairPolish	グループ内公平化(fair)研磨: fair 12->12 / total 299->299 HARD 4->4 採用0回 [頭打ち=改善手なし] 不採用125件(ピン破り:1 必須増:1 重み悪化:119 同値:4)(主因 c1:61 low:43 c3mn:10) 残存: 職員I 希, 職員B Aｱ, 職員E Cｱ, 職員E 希, 職員I Dﾃ, 職員I A4, 職員J Aｱ, 職員I Cｵ, 職員G Cｱ, 職員G 希, 職員J 希 / 結合候補: FairChain×125 / 結合探索: 200通り試行/1ms→無駄打ち回避で早期終了
blocked_covu,120,1,v2	118608	C1EjectionChain	期間要件(c1)玉突き連鎖v2[起点3/候補182670/評価213255/試行167/採用0/採用深さ最大0/重複除外154/終了時間切れ/時間切れ1/464ms]: c1 49->49 score 42902->42902 HARD 4->4 total 285->285 族差 
blocked_covu,120,1,v2	119805	POST	後処理タイミング 総9629ms: HF80=20ms HF67=28ms HF66=1ms 巡回研磨(厳密日割当+c1/c3/range/apt/fair+曜日/交互)=4892ms C1共同LNS=3491ms 個人共同LNS=1197ms 最終検査+HF70=0ms
blocked_covu,120,1,v2	119805	POST	後処理パス別 計9626ms: C1共同LNS=3027ms(31%) C1広域ビーム=2397ms(24%) C1時系列フロー=1225ms(12%) 個人回数共同LNS=1121ms(11%) C1玉突き連鎖=464ms(4%) BlockRotationPolish=389ms(4%) ComponentRepair=299ms(3%) C1索引修復=143ms(1%)
blocked_covu,120,1,v2	119805	UnifiedCheck	合計=291 | HARD=4 [groupViol=0 c3n=1 covU=3 pref=0 c3w=0] | SOFT=287 [c1=52 c3m=6 c3mn=3 c42=4 covO=2 low=3 high=4 fair=12 weekly=201] (0ms)
blocked_covu,120,1,v2	111746	C1BeamPolish	期間要件(c1)研磨[ビーム K=16 steps=60/981ms]: c1 59->59 / total 300->300 score 43691->43691 HARD 4->4 手数0 [探索結果が根に勝てず破棄]
blocked_covu,120,1,v2	111795	C3mnPolish	回避パターン(c3mn)研磨: c3mn 4->4 / total 304->304 HARD 4->4 採用0回 [頭打ち=改善手なし] 不採用9件(重み悪化:9)(主因 c1:7 low:2) 残存: 職員A, 職員C, 職員I / 結合候補: C3mnAlt×9 / 結合探索: 200通り試行/1ms→無駄打ち回避で早期終了
blocked_covu,120,1,v2	111855	RangePolish	個人回数(low/high)玉突き研磨: low 4->4 / high 8->4 / total 304->299 HARD 4->4 採用4回（日割当:0 / 柔軟日割当:4） 対象: 職員D 休, 職員D 休, 職員D 休, 職員D 休 残存: 職員A 休(希望固定×112: 8/8・8/11・8/13・8/18・8/21・8/22ほか2日・禁止連続×16・不採用×12 主因 c1:12・柔軟日割当候補なし×2・日割当候補なし×2), 職員C 休(希望固定×14: 8/1・8/3・8/5・8/7・8/12・8/21ほか1日・range後回し×13・不採用×11 主因 low:6 c1:5・候補なし×8), 職員C B4(希望固定×48: 8/3・8/5・8/7・柔軟日割当候補なし×2・日割当候補なし×2), 職員E B4(不採用×26 主因 c1:22 low:4・希望固定×16・range後回し×10・候補なし×6・禁止連続×4), 職員F 休(不採用×62 主因 c1:62・希望固定×42・禁止連続×22・柔軟日割当候補なし×2・日割当候補なし×2), 職員I B4(不採用×23 主因 c1:17 low:2・希望固定×14・候補なし×10・禁止連続×10・range後回し×5) / 結合候補: tryRelocate×162 / 結合探索: 200通り試行/1ms→無駄打ち回避で早期終了
blocked_covu,120,1,v2	111942	FairPolish	グループ内公平化(fair)研磨: fair 12->12 / total 299->299 HARD 4->4 採用0回 [頭打ち=改善手なし] 不採用125件(ピン破り:1 必須増:1 重み悪化:119 同値:4)(主因 c1:61 low:43 c3mn:10) 残存: 職員I 希, 職員B Aｱ, 職員E Cｱ, 職員E 希, 職員I Dﾃ, 職員I A4, 職員J Aｱ, 職員I Cｵ, 職員G Cｱ, 職員G 希, 職員J 希 / 結合候補: FairChain×125 / 結合探索: 200通り試行/1ms→無駄打ち回避で早期終了
blocked_covu,120,1,v2	118608	C1EjectionChain	期間要件(c1)玉突き連鎖v2[起点3/候補182670/評価213255/試行167/採用0/採用深さ最大0/重複除外154/終了時間切れ/時間切れ1/464ms]: c1 49->49 score 42902->42902 HARD 4->4 total 285->285 族差 
blocked_covu,120,1,v2	119805	POST	後処理タイミング 総9629ms: HF80=20ms HF67=28ms HF66=1ms 巡回研磨(厳密日割当+c1/c3/range/apt/fair+曜日/交互)=4892ms C1共同LNS=3491ms 個人共同LNS=1197ms 最終検査+HF70=0ms
blocked_covu,120,1,v2	119805	POST	後処理パス別 計9626ms: C1共同LNS=3027ms(31%) C1広域ビーム=2397ms(24%) C1時系列フロー=1225ms(12%) 個人回数共同LNS=1121ms(11%) C1玉突き連鎖=464ms(4%) BlockRotationPolish=389ms(4%) ComponentRepair=299ms(3%) C1索引修復=143ms(1%)
blocked_covu,120,1,off	80015	V6Dispatcher	完了 algorithm=RSI HARD=4 total=296 elapsed=80013ms
blocked_covu,120,1,off	110001	V6Dispatcher	完了 algorithm=ALNS HARD=4 total=296 elapsed=29986ms
blocked_covu,120,1,off	110363	C1Polish	期間要件(c1)研磨: c1 61->61 / total 285->285 HARD 4->4 採用0回(鏡像:0 自己:0 再配置:0) [頭打ち=改善手なし] 残存: 職員A 休(5日1回)(不採用×15 主因 c3n:9 low:6), 職員B 休(5日1回)(不採用×12 主因 c3n:6 c1:3), 職員C 休(5日1回)(不採用×15 主因 c1:7 c3n:7), 職員E Dﾃ(14日1回)(不採用×17 主因 c3n:15 low:2), 職員B 休(15日4回)(不採用×32 主因 c3n:16 low:7), 職員E 休(5日1回)(不採用×24 主因 low:11 c3n:11), 職員C 休(15日4回)(不採用×18 主因 c3n:10 low:4), 職員F 休(5日1回)(不採用×20 主因 c3n:9 low:7), 職員E 休(15日4回)(不採用×34 主因 c3n:14 low:11), 職員F 休(15日4回)(不採用×27 主因 c3n:13 low:8), 職員I 休(5日1回)(不採用×22 主因 low:15 c3n:7), 職員J 休(5日1回)(不採用×8 主因 c3n:5 c1:2), 職員I 休(15日4回)(不採用×39 主因 low:19 c3n:16), 職員J 休(15日4回)(不採用×28 主因 c3n:14 low:7), 職員A Dﾃ(14日1回)(不採用×12 主因 c3n:7 c1:3) / 結合候補: 手B×116 / 結合探索: 200通り試行/2ms→無駄打ち回避で早期終了
blocked_covu,120,1,off	111122	C1BeamPolish	期間要件(c1)研磨[ビーム K=16 steps=22/314ms/最良が20手更新されず打ち切り]: c1 61->61 / total 285->285 score 44168->44168 HARD 4->4 手数0 [探索結果が根に勝てず破棄]
blocked_covu,120,1,off	111328	RangePolish	個人回数(low/high)玉突き研磨: low 2->2 / high 3->3 / total 285->285 HARD 4->4 採用0回（日割当:0 / 柔軟日割当:0） [頭打ち=改善手なし] 残存: 職員B B4(不採用×9 主因 c1:6 low:1・候補なし×6・希望固定×6・禁止連続×5・range後回し×4・ピン破り×1), 職員C 休(range後回し×8・希望固定×7・候補なし×4・不採用×3 主因 c1:3), 職員C B4(希望固定×24: 8/3・8/5・8/7・柔軟日割当候補なし×1・日割当候補なし×1), 職員I 休(禁止連続×27: 8/9・8/12・8/15・8/19・8/24・希望固定×14・不採用×8 主因 c1:8・柔軟日割当候補なし×1・日割当候補なし×1) / 結合候補: tryRelocate×33 / 結合探索: 200通り試行/2ms→無駄打ち回避で早期終了
blocked_covu,120,1,off	115273	POST	後処理タイミング 総5064ms: HF80=20ms HF67=28ms HF66=1ms 巡回研磨(厳密日割当+c1/c3/range/apt/fair+曜日/交互)=2589ms C1共同LNS=1501ms 個人共同LNS=925ms 最終検査+HF70=0ms
blocked_covu,120,1,off	115274	POST	後処理パス別 計5063ms: C1共同LNS=1501ms(29%) 個人回数共同LNS=839ms(16%) C1時系列フロー=806ms(15%) C1広域ビーム=643ms(12%) ComponentRepair=444ms(8%) BlockRotationPolish=337ms(6%) C1索引修復=104ms(2%) CyclicSwapPolish=96ms(1%)
blocked_covu,120,1,off	115273	UnifiedCheck	合計=288 | HARD=4 [groupViol=0 c3n=0 covU=4 pref=0 c3w=0] | SOFT=284 [c1=61 c3m=11 c3mn=4 c42=7 covO=2 low=1 high=2 fair=13 weekly=183] (0ms)
blocked_covu,120,1,off	110363	C1Polish	期間要件(c1)研磨: c1 61->61 / total 285->285 HARD 4->4 採用0回(鏡像:0 自己:0 再配置:0) [頭打ち=改善手なし] 残存: 職員A 休(5日1回)(不採用×15 主因 c3n:9 low:6), 職員B 休(5日1回)(不採用×12 主因 c3n:6 c1:3), 職員C 休(5日1回)(不採用×15 主因 c1:7 c3n:7), 職員E Dﾃ(14日1回)(不採用×17 主因 c3n:15 low:2), 職員B 休(15日4回)(不採用×32 主因 c3n:16 low:7), 職員E 休(5日1回)(不採用×24 主因 low:11 c3n:11), 職員C 休(15日4回)(不採用×18 主因 c3n:10 low:4), 職員F 休(5日1回)(不採用×20 主因 c3n:9 low:7), 職員E 休(15日4回)(不採用×34 主因 c3n:14 low:11), 職員F 休(15日4回)(不採用×27 主因 c3n:13 low:8), 職員I 休(5日1回)(不採用×22 主因 low:15 c3n:7), 職員J 休(5日1回)(不採用×8 主因 c3n:5 c1:2), 職員I 休(15日4回)(不採用×39 主因 low:19 c3n:16), 職員J 休(15日4回)(不採用×28 主因 c3n:14 low:7), 職員A Dﾃ(14日1回)(不採用×12 主因 c3n:7 c1:3) / 結合候補: 手B×116 / 結合探索: 200通り試行/2ms→無駄打ち回避で早期終了
blocked_covu,120,1,off	111122	C1BeamPolish	期間要件(c1)研磨[ビーム K=16 steps=22/314ms/最良が20手更新されず打ち切り]: c1 61->61 / total 285->285 score 44168->44168 HARD 4->4 手数0 [探索結果が根に勝てず破棄]
blocked_covu,120,1,off	111328	RangePolish	個人回数(low/high)玉突き研磨: low 2->2 / high 3->3 / total 285->285 HARD 4->4 採用0回（日割当:0 / 柔軟日割当:0） [頭打ち=改善手なし] 残存: 職員B B4(不採用×9 主因 c1:6 low:1・候補なし×6・希望固定×6・禁止連続×5・range後回し×4・ピン破り×1), 職員C 休(range後回し×8・希望固定×7・候補なし×4・不採用×3 主因 c1:3), 職員C B4(希望固定×24: 8/3・8/5・8/7・柔軟日割当候補なし×1・日割当候補なし×1), 職員I 休(禁止連続×27: 8/9・8/12・8/15・8/19・8/24・希望固定×14・不採用×8 主因 c1:8・柔軟日割当候補なし×1・日割当候補なし×1) / 結合候補: tryRelocate×33 / 結合探索: 200通り試行/2ms→無駄打ち回避で早期終了
blocked_covu,120,1,off	115273	POST	後処理タイミング 総5064ms: HF80=20ms HF67=28ms HF66=1ms 巡回研磨(厳密日割当+c1/c3/range/apt/fair+曜日/交互)=2589ms C1共同LNS=1501ms 個人共同LNS=925ms 最終検査+HF70=0ms
blocked_covu,120,1,off	115274	POST	後処理パス別 計5063ms: C1共同LNS=1501ms(29%) 個人回数共同LNS=839ms(16%) C1時系列フロー=806ms(15%) C1広域ビーム=643ms(12%) ComponentRepair=444ms(8%) BlockRotationPolish=337ms(6%) C1索引修復=104ms(2%) CyclicSwapPolish=96ms(1%)
blocked_covu,120,2,off	80015	V6Dispatcher	完了 algorithm=RSI HARD=4 total=307 elapsed=80014ms
blocked_covu,120,2,off	110002	V6Dispatcher	完了 algorithm=ALNS HARD=4 total=307 elapsed=29987ms
blocked_covu,120,2,off	111303	C1BeamPolish	期間要件(c1)研磨[ビーム K=16 steps=22/352ms/最良が20手更新されず打ち切り]: c1 55->55 / total 281->281 score 43201->43201 HARD 4->4 手数0 [探索結果が根に勝てず破棄]
blocked_covu,120,2,off	111678	C3mnPolish	回避パターン(c3mn)研磨: c3mn 4->4 / total 281->281 HARD 4->4 採用0回 [頭打ち=改善手なし] 不採用14件(重み悪化:14)(主因 c1:7 low:4 weekly:1) 残存: 職員B, 職員A, 職員C, 職員I / 結合候補: C3mnAlt×14 / 結合探索: 200通り試行/1ms→無駄打ち回避で早期終了
blocked_covu,120,2,off	115405	POST	後処理タイミング 総5081ms: HF80=21ms HF67=30ms HF66=1ms 巡回研磨(厳密日割当+c1/c3/range/apt/fair+曜日/交互)=2916ms C1共同LNS=1505ms 個人共同LNS=608ms 最終検査+HF70=0ms
blocked_covu,120,2,off	115405	POST	後処理パス別 計5076ms: C1共同LNS=1505ms(29%) C1広域ビーム=758ms(14%) C1時系列フロー=754ms(14%) 個人回数共同LNS=541ms(10%) ComponentRepair=393ms(7%) BlockRotationPolish=371ms(7%) C1厳密窓=233ms(4%) CyclicSwapPolish=121ms(2%)
blocked_covu,120,2,off	115405	UnifiedCheck	合計=281 | HARD=4 [groupViol=0 c3n=1 covU=3 pref=0 c3w=0] | SOFT=277 [c1=55 c3m=10 c3mn=4 c42=5 covO=2 low=4 high=4 fair=12 weekly=181] (0ms)
blocked_covu,120,2,off	111303	C1BeamPolish	期間要件(c1)研磨[ビーム K=16 steps=22/352ms/最良が20手更新されず打ち切り]: c1 55->55 / total 281->281 score 43201->43201 HARD 4->4 手数0 [探索結果が根に勝てず破棄]
blocked_covu,120,2,off	111678	C3mnPolish	回避パターン(c3mn)研磨: c3mn 4->4 / total 281->281 HARD 4->4 採用0回 [頭打ち=改善手なし] 不採用14件(重み悪化:14)(主因 c1:7 low:4 weekly:1) 残存: 職員B, 職員A, 職員C, 職員I / 結合候補: C3mnAlt×14 / 結合探索: 200通り試行/1ms→無駄打ち回避で早期終了
blocked_covu,120,2,off	115405	POST	後処理タイミング 総5081ms: HF80=21ms HF67=30ms HF66=1ms 巡回研磨(厳密日割当+c1/c3/range/apt/fair+曜日/交互)=2916ms C1共同LNS=1505ms 個人共同LNS=608ms 最終検査+HF70=0ms
blocked_covu,120,2,off	115405	POST	後処理パス別 計5076ms: C1共同LNS=1505ms(29%) C1広域ビーム=758ms(14%) C1時系列フロー=754ms(14%) 個人回数共同LNS=541ms(10%) ComponentRepair=393ms(7%) BlockRotationPolish=371ms(7%) C1厳密窓=233ms(4%) CyclicSwapPolish=121ms(2%)
blocked_covu,120,2,v2	80014	V6Dispatcher	完了 algorithm=RSI HARD=4 total=303 elapsed=80013ms
blocked_covu,120,2,v2	110001	V6Dispatcher	完了 algorithm=ALNS HARD=4 total=303 elapsed=29987ms
blocked_covu,120,2,v2	110463	C1Polish	期間要件(c1)研磨: c1 61->59 / total 294->296 HARD 4->4 採用1回(鏡像:0 自己:0 再配置:0) 残存: 職員A 休(5日1回)(不採用×18 主因 low:10 c3n:8), 職員B 休(5日1回)(不採用×16 主因 c3n:10 low:4), 職員C 休(5日1回)(不採用×31 主因 c1:14 c3n:13), 職員E Dﾃ(14日1回)(不採用×54 主因 c3n:44 low:9), 職員B 休(15日4回)(不採用×34 主因 c3n:18 c1:12), 職員E 休(5日1回)(不採用×42 主因 low:20 c3n:18), 職員F 休(5日1回)(不採用×34 主因 low:14 c3n:14), 職員G Dﾃ(14日1回)(不採用×32 主因 c3n:32), 職員F 休(15日4回)(不採用×60 主因 low:25 c3n:22), 職員I 休(5日1回)(不採用×48 主因 low:26 c3n:16), 職員J 休(5日1回)(不採用×28 主因 c3n:9 c1:8), 職員I 休(15日4回)(不採用×72 主因 low:30 c3n:24), 職員J 休(15日4回)(不採用×80 主因 c3n:31 c1:25), 職員A Dﾃ(14日1回)(不採用×18 主因 low:10 c3n:8) / 結合候補: 手B×204 / 結合探索: 200通り試行/2ms→無駄打ち回避で早期終了
blocked_covu,120,2,v2	111346	C1BeamPolish	期間要件(c1)研磨[ビーム K=16 steps=30/438ms/最良が20手更新されず打ち切り]: c1 59->59 / total 296->296 score 43417->43417 HARD 4->4 手数0 [探索結果が根に勝てず破棄]
blocked_covu,120,2,v2	111445	RangePolish	個人回数(low/high)玉突き研磨: low 4->3 / high 4->3 / total 302->299 HARD 4->4 採用1回（日割当:0 / 柔軟日割当:1） 対象: 職員D 休 残存: 職員C 休(希望固定×14: 8/1・8/3・8/5・8/7・8/12・8/21ほか1日・range後回し×14・候補なし×8・不採用×8 主因 c1:6 low:2), 職員C B4(希望固定×48: 8/3・8/5・8/7・柔軟日割当候補なし×2・日割当候補なし×2), 職員E B4(不採用×27 主因 c1:21 low:6・希望固定×16・range後回し×7・候補なし×6・禁止連続×6), 職員F B4(不採用×28 主因 c1:24 fair:2・候補なし×14・希望固定×12・range後回し×8), 職員I 休(禁止連続×42: 8/10・8/12・8/14・8/19・8/24・希望固定×28・不採用×28 主因 c1:28・柔軟日割当候補なし×2・日割当候補なし×2) / 結合候補: tryRelocate×129 / 結合探索: 200通り試行/1ms→無駄打ち回避で早期終了
blocked_covu,120,2,v2	117051	C1EjectionChain	期間要件(c1)玉突き連鎖v2[起点6/候補383722/評価439907/試行350/採用0/採用深さ最大0/重複除外292/終了時間切れ/時間切れ1/983ms]: c1 54->54 score 43001->43001 HARD 4->4 total 280->280 族差 
blocked_covu,120,2,v2	117780	POST	後処理タイミング 総7469ms: HF80=21ms HF67=28ms HF66=1ms 巡回研磨(厳密日割当+c1/c3/range/apt/fair+曜日/交互)=4206ms C1共同LNS=2484ms 個人共同LNS=729ms 最終検査+HF70=0ms
blocked_covu,120,2,v2	117780	POST	後処理パス別 計7463ms: C1広域ビーム=1559ms(20%) C1共同LNS=1501ms(20%) C1時系列フロー=1206ms(16%) C1玉突き連鎖=983ms(13%) ComponentRepair=684ms(9%) 個人回数共同LNS=470ms(6%) BlockRotationPolish=177ms(2%) C3SequencePolish=171ms(2%)
blocked_covu,120,2,v2	117780	UnifiedCheck	合計=274 | HARD=4 [groupViol=0 c3n=1 covU=3 pref=0 c3w=0] | SOFT=270 [c1=54 c3m=6 c3mn=4 c42=3 covO=2 low=3 high=3 fair=14 weekly=181] (0ms)
blocked_covu,120,2,v2	110463	C1Polish	期間要件(c1)研磨: c1 61->59 / total 294->296 HARD 4->4 採用1回(鏡像:0 自己:0 再配置:0) 残存: 職員A 休(5日1回)(不採用×18 主因 low:10 c3n:8), 職員B 休(5日1回)(不採用×16 主因 c3n:10 low:4), 職員C 休(5日1回)(不採用×31 主因 c1:14 c3n:13), 職員E Dﾃ(14日1回)(不採用×54 主因 c3n:44 low:9), 職員B 休(15日4回)(不採用×34 主因 c3n:18 c1:12), 職員E 休(5日1回)(不採用×42 主因 low:20 c3n:18), 職員F 休(5日1回)(不採用×34 主因 low:14 c3n:14), 職員G Dﾃ(14日1回)(不採用×32 主因 c3n:32), 職員F 休(15日4回)(不採用×60 主因 low:25 c3n:22), 職員I 休(5日1回)(不採用×48 主因 low:26 c3n:16), 職員J 休(5日1回)(不採用×28 主因 c3n:9 c1:8), 職員I 休(15日4回)(不採用×72 主因 low:30 c3n:24), 職員J 休(15日4回)(不採用×80 主因 c3n:31 c1:25), 職員A Dﾃ(14日1回)(不採用×18 主因 low:10 c3n:8) / 結合候補: 手B×204 / 結合探索: 200通り試行/2ms→無駄打ち回避で早期終了
blocked_covu,120,2,v2	111346	C1BeamPolish	期間要件(c1)研磨[ビーム K=16 steps=30/438ms/最良が20手更新されず打ち切り]: c1 59->59 / total 296->296 score 43417->43417 HARD 4->4 手数0 [探索結果が根に勝てず破棄]
blocked_covu,120,2,v2	111445	RangePolish	個人回数(low/high)玉突き研磨: low 4->3 / high 4->3 / total 302->299 HARD 4->4 採用1回（日割当:0 / 柔軟日割当:1） 対象: 職員D 休 残存: 職員C 休(希望固定×14: 8/1・8/3・8/5・8/7・8/12・8/21ほか1日・range後回し×14・候補なし×8・不採用×8 主因 c1:6 low:2), 職員C B4(希望固定×48: 8/3・8/5・8/7・柔軟日割当候補なし×2・日割当候補なし×2), 職員E B4(不採用×27 主因 c1:21 low:6・希望固定×16・range後回し×7・候補なし×6・禁止連続×6), 職員F B4(不採用×28 主因 c1:24 fair:2・候補なし×14・希望固定×12・range後回し×8), 職員I 休(禁止連続×42: 8/10・8/12・8/14・8/19・8/24・希望固定×28・不採用×28 主因 c1:28・柔軟日割当候補なし×2・日割当候補なし×2) / 結合候補: tryRelocate×129 / 結合探索: 200通り試行/1ms→無駄打ち回避で早期終了
blocked_covu,120,2,v2	117051	C1EjectionChain	期間要件(c1)玉突き連鎖v2[起点6/候補383722/評価439907/試行350/採用0/採用深さ最大0/重複除外292/終了時間切れ/時間切れ1/983ms]: c1 54->54 score 43001->43001 HARD 4->4 total 280->280 族差 
blocked_covu,120,2,v2	117780	POST	後処理タイミング 総7469ms: HF80=21ms HF67=28ms HF66=1ms 巡回研磨(厳密日割当+c1/c3/range/apt/fair+曜日/交互)=4206ms C1共同LNS=2484ms 個人共同LNS=729ms 最終検査+HF70=0ms
blocked_covu,120,2,v2	117780	POST	後処理パス別 計7463ms: C1広域ビーム=1559ms(20%) C1共同LNS=1501ms(20%) C1時系列フロー=1206ms(16%) C1玉突き連鎖=983ms(13%) ComponentRepair=684ms(9%) 個人回数共同LNS=470ms(6%) BlockRotationPolish=177ms(2%) C3SequencePolish=171ms(2%)
blocked_covu,120,3,v2	80014	V6Dispatcher	完了 algorithm=RSI HARD=4 total=294 elapsed=80013ms
blocked_covu,120,3,v2	110001	V6Dispatcher	完了 algorithm=ALNS HARD=4 total=294 elapsed=29987ms
blocked_covu,120,3,v2	112292	C1BeamPolish	期間要件(c1)研磨[ビーム K=16 steps=60/1034ms]: c1 52->52 / total 293->293 score 43933->43933 HARD 4->4 手数0 [探索結果が根に勝てず破棄]
blocked_covu,120,3,v2	117474	C1EjectionChain	期間要件(c1)玉突き連鎖v2[起点4/候補292021/評価333314/試行266/採用0/採用深さ最大0/重複除外115/終了時間切れ/時間切れ1/842ms]: c1 45->45 score 43511->43511 HARD 4->4 total 273->273 族差 
blocked_covu,120,3,v2	118250	POST	後処理タイミング 総8055ms: HF80=23ms HF67=30ms HF66=1ms 巡回研磨(厳密日割当+c1/c3/range/apt/fair+曜日/交互)=4877ms C1共同LNS=2348ms 個人共同LNS=776ms 最終検査+HF70=0ms
blocked_covu,120,3,v2	118250	POST	後処理パス別 計8050ms: C1広域ビーム=1893ms(23%) C1時系列フロー=1608ms(19%) C1共同LNS=1506ms(18%) C1玉突き連鎖=842ms(10%) 個人回数共同LNS=711ms(8%) BlockRotationPolish=420ms(5%) ComponentRepair=297ms(3%) CyclicSwapPolish=185ms(2%)
blocked_covu,120,3,v2	118250	UnifiedCheck	合計=274 | HARD=4 [groupViol=0 c3n=0 covU=4 pref=0 c3w=0] | SOFT=270 [c1=45 c3m=10 c3mn=5 c42=3 covO=2 low=1 high=2 fair=13 weekly=189] (0ms)
blocked_covu,120,3,v2	112292	C1BeamPolish	期間要件(c1)研磨[ビーム K=16 steps=60/1034ms]: c1 52->52 / total 293->293 score 43933->43933 HARD 4->4 手数0 [探索結果が根に勝てず破棄]
blocked_covu,120,3,v2	117474	C1EjectionChain	期間要件(c1)玉突き連鎖v2[起点4/候補292021/評価333314/試行266/採用0/採用深さ最大0/重複除外115/終了時間切れ/時間切れ1/842ms]: c1 45->45 score 43511->43511 HARD 4->4 total 273->273 族差 
blocked_covu,120,3,v2	118250	POST	後処理タイミング 総8055ms: HF80=23ms HF67=30ms HF66=1ms 巡回研磨(厳密日割当+c1/c3/range/apt/fair+曜日/交互)=4877ms C1共同LNS=2348ms 個人共同LNS=776ms 最終検査+HF70=0ms
blocked_covu,120,3,v2	118250	POST	後処理パス別 計8050ms: C1広域ビーム=1893ms(23%) C1時系列フロー=1608ms(19%) C1共同LNS=1506ms(18%) C1玉突き連鎖=842ms(10%) 個人回数共同LNS=711ms(8%) BlockRotationPolish=420ms(5%) ComponentRepair=297ms(3%) CyclicSwapPolish=185ms(2%)
blocked_covu,120,3,off	80010	V6Dispatcher	完了 algorithm=RSI HARD=4 total=309 elapsed=80009ms
blocked_covu,120,3,off	110001	V6Dispatcher	完了 algorithm=ALNS HARD=4 total=309 elapsed=29991ms
blocked_covu,120,3,off	110401	C1Polish	期間要件(c1)研磨: c1 61->55 / total 288->289 HARD 4->4 採用2回(鏡像:2 自己:0 再配置:0) 残存: 職員A 休(5日1回)(不採用×15 主因 low:8 c3n:7), 職員B 休(5日1回)(不採用×42 主因 c3n:23 low:13), 職員C 休(5日1回)(不採用×6 主因 low:3 c3n:3), 職員B 休(15日4回)(不採用×48 主因 c3n:27 low:13), 職員E 休(5日1回)(不採用×83 主因 c1:34 c3n:31), 職員F 休(5日1回)(不採用×49 主因 c3n:24 c1:12), 職員G Dﾃ(14日1回)(不採用×48 主因 c3n:48), 職員E 休(15日4回)(不採用×87 主因 c3n:36 c1:33), 職員I Dﾃ(14日1回)(不採用×42 主因 c3n:33 c1:5), 職員F 休(15日4回)(不採用×77 主因 c1:33 c3n:30), 職員I 休(5日1回)(不採用×105 主因 c3n:46 low:35), 職員G 休(15日4回)(不採用×57 主因 c3n:27 c1:25), 職員J 休(5日1回)(不採用×40 主因 low:15 c3n:15), 職員I 休(15日4回)(不採用×69 主因 c3n:33 c1:19), 職員J 休(15日4回)(不採用×95 主因 c1:40 c3n:33), 職員A Dﾃ(14日1回)(不採用×29 主因 c3n:24 c1:3) / 結合候補: 手B×327 / 結合探索: 200通り試行/1ms→無駄打ち回避で早期終了
blocked_covu,120,3,off	111260	C1BeamPolish	期間要件(c1)研磨[ビーム K=16 steps=24/398ms/最良が20手更新されず打ち切り]: c1 55->55 / total 289->289 score 43263->43263 HARD 4->4 手数0 [探索結果が根に勝てず破棄]
blocked_covu,120,3,off	115198	POST	後処理タイミング 総5022ms: HF80=22ms HF67=27ms HF66=2ms 巡回研磨(厳密日割当+c1/c3/range/apt/fair+曜日/交互)=2819ms C1共同LNS=1503ms 個人共同LNS=649ms 最終検査+HF70=0ms
blocked_covu,120,3,off	115198	POST	後処理パス別 計5019ms: C1共同LNS=1503ms(29%) C1時系列フロー=854ms(17%) C1広域ビーム=753ms(15%) 個人回数共同LNS=504ms(10%) ComponentRepair=455ms(9%) BlockRotationPolish=277ms(5%) C1同日交換=124ms(2%) C3SequencePolish=105ms(2%)
blocked_covu,120,3,off	115198	UnifiedCheck	合計=275 | HARD=4 [groupViol=0 c3n=1 covU=3 pref=0 c3w=0] | SOFT=271 [c1=53 c3m=8 c3mn=4 c42=4 covO=2 low=3 high=4 fair=12 weekly=181] (0ms)
blocked_covu,120,3,off	110401	C1Polish	期間要件(c1)研磨: c1 61->55 / total 288->289 HARD 4->4 採用2回(鏡像:2 自己:0 再配置:0) 残存: 職員A 休(5日1回)(不採用×15 主因 low:8 c3n:7), 職員B 休(5日1回)(不採用×42 主因 c3n:23 low:13), 職員C 休(5日1回)(不採用×6 主因 low:3 c3n:3), 職員B 休(15日4回)(不採用×48 主因 c3n:27 low:13), 職員E 休(5日1回)(不採用×83 主因 c1:34 c3n:31), 職員F 休(5日1回)(不採用×49 主因 c3n:24 c1:12), 職員G Dﾃ(14日1回)(不採用×48 主因 c3n:48), 職員E 休(15日4回)(不採用×87 主因 c3n:36 c1:33), 職員I Dﾃ(14日1回)(不採用×42 主因 c3n:33 c1:5), 職員F 休(15日4回)(不採用×77 主因 c1:33 c3n:30), 職員I 休(5日1回)(不採用×105 主因 c3n:46 low:35), 職員G 休(15日4回)(不採用×57 主因 c3n:27 c1:25), 職員J 休(5日1回)(不採用×40 主因 low:15 c3n:15), 職員I 休(15日4回)(不採用×69 主因 c3n:33 c1:19), 職員J 休(15日4回)(不採用×95 主因 c1:40 c3n:33), 職員A Dﾃ(14日1回)(不採用×29 主因 c3n:24 c1:3) / 結合候補: 手B×327 / 結合探索: 200通り試行/1ms→無駄打ち回避で早期終了
blocked_covu,120,3,off	111260	C1BeamPolish	期間要件(c1)研磨[ビーム K=16 steps=24/398ms/最良が20手更新されず打ち切り]: c1 55->55 / total 289->289 score 43263->43263 HARD 4->4 手数0 [探索結果が根に勝てず破棄]
blocked_covu,120,3,off	115198	POST	後処理タイミング 総5022ms: HF80=22ms HF67=27ms HF66=2ms 巡回研磨(厳密日割当+c1/c3/range/apt/fair+曜日/交互)=2819ms C1共同LNS=1503ms 個人共同LNS=649ms 最終検査+HF70=0ms
blocked_covu,120,3,off	115198	POST	後処理パス別 計5019ms: C1共同LNS=1503ms(29%) C1時系列フロー=854ms(17%) C1広域ビーム=753ms(15%) 個人回数共同LNS=504ms(10%) ComponentRepair=455ms(9%) BlockRotationPolish=277ms(5%) C1同日交換=124ms(2%) C3SequencePolish=105ms(2%)
sept2026,60,1,v2	17020	V6Dispatcher	完了 algorithm=RSI HARD=0 total=399 elapsed=17019ms
sept2026,60,1,v2	32024	V6Dispatcher	完了 algorithm=ALNS HARD=0 total=399 elapsed=15004ms
sept2026,60,1,v2	34135	C1BeamPolish	期間要件(c1)研磨[ビーム K=16 steps=60/1401ms]: c1 79->79 / total 399->399 score 5237->5237 HARD 0->0 手数0 [探索結果が根に勝てず破棄]
sept2026,60,1,v2	34246	RangePolish	個人回数(low/high)玉突き研磨: low 0->0 / high 8->8 / total 399->399 HARD 0->0 採用0回（日割当:0 / 柔軟日割当:0） [頭打ち=改善手なし] 残存: 職員A Dﾃ(禁止連続×10: 9/10・9/11・候補なし×8・希望固定×6・柔軟日割当候補なし×1・日割当候補なし×1), 職員D A4(不採用×9 主因 c1:8 low:1・希望固定×6・候補なし×3・柔軟日割当候補なし×1・日割当候補なし×1), 職員H Aｱ(range後回し×6・不採用×4 主因 c1:4・柔軟日割当候補なし×1・日割当候補なし×1) / 結合候補: tryRelocate×19 / 結合探索: 200通り試行/2ms→無駄打ち回避で早期終了
sept2026,60,1,v2	34326	FairPolish	グループ内公平化(fair)研磨: fair 17->17 / total 399->399 HARD 0->0 採用0回 [頭打ち=改善手なし] 不採用197件(ピン破り:1 重み悪化:196)(主因 low:125 c1:67 c3m:3) 残存: 職員E 有, 職員B 休, 職員B Cｵ, 職員B Cｱ, 職員E Cｱ, 職員C B4, 職員E B4, 職員B 有, 職員C 有, 職員G Dﾃ, 職員I Aｱ, 職員I B4, 職員J B4, 職員G 有, 職員I 有 / 結合候補: FairChain×192 / 結合探索: 200通り試行/5ms→無駄打ち回避で早期終了
sept2026,60,1,v2	38885	C1EjectionChain	期間要件(c1)玉突き連鎖v2[起点17/候補999045/評価1137529/試行1161/採用0/採用深さ最大0/重複除外525/終了時間切れ/時間切れ1/3000ms]: c1 79->79 score 5237->5237 HARD 0->0 total 399->399 族差 
sept2026,60,1,v2	39728	POST	後処理タイミング 総7431ms: HF80=20ms HF67=21ms HF66=1ms 巡回研磨(厳密日割当+c1/c3/range/apt/fair+曜日/交互)=2040ms C1共同LNS=4506ms 個人共同LNS=843ms 最終検査+HF70=0ms
sept2026,60,1,v2	39728	POST	後処理パス別 計7427ms: C1玉突き連鎖=3000ms(40%) C1共同LNS=1506ms(20%) C1広域ビーム=1401ms(18%) 個人回数共同LNS=793ms(10%) C1時系列フロー=254ms(3%) ComponentRepair=94ms(1%) C1索引修復=93ms(1%) BlockRotationPolish=75ms(1%)
sept2026,60,1,v2	39728	UnifiedCheck	合計=399 | HARD=0 [groupViol=0 c3n=0 covU=0 pref=0 c3w=0] | SOFT=399 [c1=79 c3m=62 c42=3 covO=23 high=8 apt=5 fair=17 weekly=202] (0ms)
sept2026,60,1,v2	34135	C1BeamPolish	期間要件(c1)研磨[ビーム K=16 steps=60/1401ms]: c1 79->79 / total 399->399 score 5237->5237 HARD 0->0 手数0 [探索結果が根に勝てず破棄]
sept2026,60,1,v2	34246	RangePolish	個人回数(low/high)玉突き研磨: low 0->0 / high 8->8 / total 399->399 HARD 0->0 採用0回（日割当:0 / 柔軟日割当:0） [頭打ち=改善手なし] 残存: 職員A Dﾃ(禁止連続×10: 9/10・9/11・候補なし×8・希望固定×6・柔軟日割当候補なし×1・日割当候補なし×1), 職員D A4(不採用×9 主因 c1:8 low:1・希望固定×6・候補なし×3・柔軟日割当候補なし×1・日割当候補なし×1), 職員H Aｱ(range後回し×6・不採用×4 主因 c1:4・柔軟日割当候補なし×1・日割当候補なし×1) / 結合候補: tryRelocate×19 / 結合探索: 200通り試行/2ms→無駄打ち回避で早期終了
sept2026,60,1,v2	34326	FairPolish	グループ内公平化(fair)研磨: fair 17->17 / total 399->399 HARD 0->0 採用0回 [頭打ち=改善手なし] 不採用197件(ピン破り:1 重み悪化:196)(主因 low:125 c1:67 c3m:3) 残存: 職員E 有, 職員B 休, 職員B Cｵ, 職員B Cｱ, 職員E Cｱ, 職員C B4, 職員E B4, 職員B 有, 職員C 有, 職員G Dﾃ, 職員I Aｱ, 職員I B4, 職員J B4, 職員G 有, 職員I 有 / 結合候補: FairChain×192 / 結合探索: 200通り試行/5ms→無駄打ち回避で早期終了
sept2026,60,1,v2	38885	C1EjectionChain	期間要件(c1)玉突き連鎖v2[起点17/候補999045/評価1137529/試行1161/採用0/採用深さ最大0/重複除外525/終了時間切れ/時間切れ1/3000ms]: c1 79->79 score 5237->5237 HARD 0->0 total 399->399 族差 
sept2026,60,1,v2	39728	POST	後処理タイミング 総7431ms: HF80=20ms HF67=21ms HF66=1ms 巡回研磨(厳密日割当+c1/c3/range/apt/fair+曜日/交互)=2040ms C1共同LNS=4506ms 個人共同LNS=843ms 最終検査+HF70=0ms
sept2026,60,1,v2	39728	POST	後処理パス別 計7427ms: C1玉突き連鎖=3000ms(40%) C1共同LNS=1506ms(20%) C1広域ビーム=1401ms(18%) 個人回数共同LNS=793ms(10%) C1時系列フロー=254ms(3%) ComponentRepair=94ms(1%) C1索引修復=93ms(1%) BlockRotationPolish=75ms(1%)
sept2026,60,1,off	17024	V6Dispatcher	完了 algorithm=RSI HARD=0 total=399 elapsed=17023ms
sept2026,60,1,off	32029	V6Dispatcher	完了 algorithm=ALNS HARD=0 total=399 elapsed=15004ms
sept2026,60,1,off	34107	C1BeamPolish	期間要件(c1)研磨[ビーム K=16 steps=60/1322ms]: c1 71->71 / total 406->406 score 5140->5140 HARD 0->0 手数0 [探索結果が根に勝てず破棄]
sept2026,60,1,off	34160	RangePolish	個人回数(low/high)玉突き研磨: low 1->1 / high 9->9 / total 406->406 HARD 0->0 採用0回（日割当:0 / 柔軟日割当:0） [頭打ち=改善手なし] 残存: 職員A Dﾃ(禁止連続×10: 9/10・9/11・候補なし×8・希望固定×6・柔軟日割当候補なし×1・日割当候補なし×1), 職員D A4(不採用×7 主因 c1:6 low:1・希望固定×6・候補なし×3・range後回し×2・柔軟日割当候補なし×1・日割当候補なし×1), 職員E Cｵ(希望固定×12: 9/1・9/3・9/10・9/12・9/13・9/14ほか6日・禁止連続×5・不採用×4 主因 c1:3 low:1・range後回し×4), 職員H Aｱ(range後回し×7・不採用×5 主因 c1:5・柔軟日割当候補なし×1・日割当候補なし×1) / 結合候補: tryRelocate×29 / 結合探索: 200通り試行/2ms→無駄打ち回避で早期終了
sept2026,60,1,off	34245	FairPolish	グループ内公平化(fair)研磨: fair 19->19 / total 406->406 HARD 0->0 採用0回 [頭打ち=改善手なし] 不採用203件(ピン破り:2 重み悪化:200 同値:1)(主因 low:105 c1:91 c3m:2) 残存: 職員E 有, 職員B 休, 職員B Cｵ, 職員C 休, 職員E Cｱ, 職員C B4, 職員E B4, 職員B 有, 職員C 有, 職員G Dﾃ, 職員I Cｱ, 職員I B4, 職員J B4, 職員G 有, 職員I 有 / 結合候補: FairChain×200 / 結合探索: 200通り試行/6ms→無駄打ち回避で早期終了
sept2026,60,1,off	40834	POST	後処理タイミング 総8531ms: HF80=21ms HF67=24ms HF66=1ms 巡回研磨(厳密日割当+c1/c3/range/apt/fair+曜日/交互)=6191ms C1共同LNS=1506ms 個人共同LNS=788ms 最終検査+HF70=0ms
sept2026,60,1,off	40834	POST	後処理パス別 計8523ms: C1広域ビーム=4174ms(48%) C1共同LNS=1505ms(17%) C1時系列フロー=728ms(8%) 個人回数共同LNS=728ms(8%) C1索引修復=327ms(3%) ComponentRepair=316ms(3%) BlockRotationPolish=130ms(1%) C1同日交換=121ms(1%)
sept2026,60,1,off	40834	UnifiedCheck	合計=401 | HARD=0 [groupViol=0 c3n=0 covU=0 pref=0 c3w=0] | SOFT=401 [c1=69 c3m=59 c3mn=1 c42=4 covO=23 low=1 high=9 apt=6 fair=19 weekly=210] (0ms)
sept2026,60,1,off	34107	C1BeamPolish	期間要件(c1)研磨[ビーム K=16 steps=60/1322ms]: c1 71->71 / total 406->406 score 5140->5140 HARD 0->0 手数0 [探索結果が根に勝てず破棄]
sept2026,60,1,off	34160	RangePolish	個人回数(low/high)玉突き研磨: low 1->1 / high 9->9 / total 406->406 HARD 0->0 採用0回（日割当:0 / 柔軟日割当:0） [頭打ち=改善手なし] 残存: 職員A Dﾃ(禁止連続×10: 9/10・9/11・候補なし×8・希望固定×6・柔軟日割当候補なし×1・日割当候補なし×1), 職員D A4(不採用×7 主因 c1:6 low:1・希望固定×6・候補なし×3・range後回し×2・柔軟日割当候補なし×1・日割当候補なし×1), 職員E Cｵ(希望固定×12: 9/1・9/3・9/10・9/12・9/13・9/14ほか6日・禁止連続×5・不採用×4 主因 c1:3 low:1・range後回し×4), 職員H Aｱ(range後回し×7・不採用×5 主因 c1:5・柔軟日割当候補なし×1・日割当候補なし×1) / 結合候補: tryRelocate×29 / 結合探索: 200通り試行/2ms→無駄打ち回避で早期終了
sept2026,60,1,off	34245	FairPolish	グループ内公平化(fair)研磨: fair 19->19 / total 406->406 HARD 0->0 採用0回 [頭打ち=改善手なし] 不採用203件(ピン破り:2 重み悪化:200 同値:1)(主因 low:105 c1:91 c3m:2) 残存: 職員E 有, 職員B 休, 職員B Cｵ, 職員C 休, 職員E Cｱ, 職員C B4, 職員E B4, 職員B 有, 職員C 有, 職員G Dﾃ, 職員I Cｱ, 職員I B4, 職員J B4, 職員G 有, 職員I 有 / 結合候補: FairChain×200 / 結合探索: 200通り試行/6ms→無駄打ち回避で早期終了
sept2026,60,1,off	40834	POST	後処理タイミング 総8531ms: HF80=21ms HF67=24ms HF66=1ms 巡回研磨(厳密日割当+c1/c3/range/apt/fair+曜日/交互)=6191ms C1共同LNS=1506ms 個人共同LNS=788ms 最終検査+HF70=0ms
sept2026,60,1,off	40834	POST	後処理パス別 計8523ms: C1広域ビーム=4174ms(48%) C1共同LNS=1505ms(17%) C1時系列フロー=728ms(8%) 個人回数共同LNS=728ms(8%) C1索引修復=327ms(3%) ComponentRepair=316ms(3%) BlockRotationPolish=130ms(1%) C1同日交換=121ms(1%)
sept2026,60,2,off	17018	V6Dispatcher	完了 algorithm=RSI HARD=0 total=399 elapsed=17017ms
sept2026,60,2,off	19021	V6Dispatcher	完了 algorithm=ALNS HARD=0 total=399 elapsed=2003ms
sept2026,60,2,off	20808	C1BeamPolish	期間要件(c1)研磨[ビーム K=16 steps=60/1246ms]: c1 79->79 / total 399->399 score 5237->5237 HARD 0->0 手数0 [探索結果が根に勝てず破棄]
sept2026,60,2,off	20908	RangePolish	個人回数(low/high)玉突き研磨: low 0->0 / high 8->8 / total 399->399 HARD 0->0 採用0回（日割当:0 / 柔軟日割当:0） [頭打ち=改善手なし] 残存: 職員A Dﾃ(禁止連続×10: 9/10・9/11・候補なし×8・希望固定×6・柔軟日割当候補なし×1・日割当候補なし×1), 職員D A4(不採用×9 主因 c1:9・希望固定×6・候補なし×3・柔軟日割当候補なし×1・日割当候補なし×1), 職員H Aｱ(range後回し×6・不採用×4 主因 c1:4・柔軟日割当候補なし×1・日割当候補なし×1) / 結合候補: tryRelocate×19 / 結合探索: 200通り試行/1ms→無駄打ち回避で早期終了
sept2026,60,2,off	20990	FairPolish	グループ内公平化(fair)研磨: fair 17->17 / total 399->399 HARD 0->0 採用0回 [頭打ち=改善手なし] 不採用197件(ピン破り:2 重み悪化:195)(主因 low:125 c1:67 c3m:3) 残存: 職員E 有, 職員B 休, 職員B Cｵ, 職員B Cｱ, 職員E Cｱ, 職員C B4, 職員E B4, 職員B 有, 職員C 有, 職員G Dﾃ, 職員I Aｱ, 職員I B4, 職員J B4, 職員G 有, 職員I 有 / 結合候補: FairChain×192 / 結合探索: 200通り試行/5ms→無駄打ち回避で早期終了
sept2026,60,2,off	23486	POST	後処理タイミング 総4365ms: HF80=30ms HF67=33ms HF66=2ms 巡回研磨(厳密日割当+c1/c3/range/apt/fair+曜日/交互)=1908ms C1共同LNS=1522ms 個人共同LNS=870ms 最終検査+HF70=0ms
sept2026,60,2,off	23486	POST	後処理パス別 計4362ms: C1共同LNS=1521ms(34%) C1広域ビーム=1246ms(28%) 個人回数共同LNS=824ms(18%) C1時系列フロー=237ms(5%) ComponentRepair=142ms(3%) C1索引修復=86ms(1%) BlockRotationPolish=68ms(1%) C1同日交換=36ms(0%)
sept2026,60,2,off	23486	UnifiedCheck	合計=399 | HARD=0 [groupViol=0 c3n=0 covU=0 pref=0 c3w=0] | SOFT=399 [c1=79 c3m=62 c42=3 covO=23 high=8 apt=5 fair=17 weekly=202] (0ms)
sept2026,60,2,off	20808	C1BeamPolish	期間要件(c1)研磨[ビーム K=16 steps=60/1246ms]: c1 79->79 / total 399->399 score 5237->5237 HARD 0->0 手数0 [探索結果が根に勝てず破棄]
sept2026,60,2,off	20908	RangePolish	個人回数(low/high)玉突き研磨: low 0->0 / high 8->8 / total 399->399 HARD 0->0 採用0回（日割当:0 / 柔軟日割当:0） [頭打ち=改善手なし] 残存: 職員A Dﾃ(禁止連続×10: 9/10・9/11・候補なし×8・希望固定×6・柔軟日割当候補なし×1・日割当候補なし×1), 職員D A4(不採用×9 主因 c1:9・希望固定×6・候補なし×3・柔軟日割当候補なし×1・日割当候補なし×1), 職員H Aｱ(range後回し×6・不採用×4 主因 c1:4・柔軟日割当候補なし×1・日割当候補なし×1) / 結合候補: tryRelocate×19 / 結合探索: 200通り試行/1ms→無駄打ち回避で早期終了
sept2026,60,2,off	20990	FairPolish	グループ内公平化(fair)研磨: fair 17->17 / total 399->399 HARD 0->0 採用0回 [頭打ち=改善手なし] 不採用197件(ピン破り:2 重み悪化:195)(主因 low:125 c1:67 c3m:3) 残存: 職員E 有, 職員B 休, 職員B Cｵ, 職員B Cｱ, 職員E Cｱ, 職員C B4, 職員E B4, 職員B 有, 職員C 有, 職員G Dﾃ, 職員I Aｱ, 職員I B4, 職員J B4, 職員G 有, 職員I 有 / 結合候補: FairChain×192 / 結合探索: 200通り試行/5ms→無駄打ち回避で早期終了
sept2026,60,2,off	23486	POST	後処理タイミング 総4365ms: HF80=30ms HF67=33ms HF66=2ms 巡回研磨(厳密日割当+c1/c3/range/apt/fair+曜日/交互)=1908ms C1共同LNS=1522ms 個人共同LNS=870ms 最終検査+HF70=0ms
sept2026,60,2,off	23486	POST	後処理パス別 計4362ms: C1共同LNS=1521ms(34%) C1広域ビーム=1246ms(28%) 個人回数共同LNS=824ms(18%) C1時系列フロー=237ms(5%) ComponentRepair=142ms(3%) C1索引修復=86ms(1%) BlockRotationPolish=68ms(1%) C1同日交換=36ms(0%)
sept2026,60,2,v2	17020	V6Dispatcher	完了 algorithm=RSI HARD=0 total=399 elapsed=17019ms
sept2026,60,2,v2	19023	V6Dispatcher	完了 algorithm=ALNS HARD=0 total=399 elapsed=2003ms
sept2026,60,2,v2	21001	C1BeamPolish	期間要件(c1)研磨[ビーム K=16 steps=60/1320ms]: c1 71->71 / total 406->406 score 5140->5140 HARD 0->0 手数0 [探索結果が根に勝てず破棄]
sept2026,60,2,v2	21053	RangePolish	個人回数(low/high)玉突き研磨: low 1->1 / high 9->9 / total 406->406 HARD 0->0 採用0回（日割当:0 / 柔軟日割当:0） [頭打ち=改善手なし] 残存: 職員A Dﾃ(禁止連続×10: 9/10・9/11・候補なし×8・希望固定×6・柔軟日割当候補なし×1・日割当候補なし×1), 職員D A4(不採用×7 主因 c1:6 low:1・希望固定×6・候補なし×3・range後回し×2・柔軟日割当候補なし×1・日割当候補なし×1), 職員E Cｵ(希望固定×12: 9/1・9/3・9/10・9/12・9/13・9/14ほか6日・禁止連続×5・不採用×4 主因 c1:3 low:1・range後回し×4), 職員H Aｱ(range後回し×7・不採用×5 主因 c1:4 low:1・柔軟日割当候補なし×1・日割当候補なし×1) / 結合候補: tryRelocate×29 / 結合探索: 200通り試行/3ms→無駄打ち回避で早期終了
sept2026,60,2,v2	21131	FairPolish	グループ内公平化(fair)研磨: fair 19->19 / total 406->406 HARD 0->0 採用0回 [頭打ち=改善手なし] 不採用203件(ピン破り:1 重み悪化:202)(主因 low:102 c1:97 c3m:2) 残存: 職員E 有, 職員B 休, 職員B Cｵ, 職員C 休, 職員E Cｱ, 職員C B4, 職員E B4, 職員B 有, 職員C 有, 職員G Dﾃ, 職員I Cｱ, 職員I B4, 職員J B4, 職員G 有, 職員I 有 / 結合候補: FairChain×200 / 結合探索: 200通り試行/6ms→無駄打ち回避で早期終了
sept2026,60,2,v2	32343	C1EjectionChain	期間要件(c1)玉突き連鎖v2[起点18/候補1043089/評価1160375/試行1187/採用0/採用深さ最大0/重複除外445/終了時間切れ/時間切れ1/3000ms]: c1 65->65 score 4942->4942 HARD 0->0 total 401->401 族差 
sept2026,60,2,v2	33013	POST	後処理タイミング 総13852ms: HF80=27ms HF67=29ms HF66=1ms 巡回研磨(厳密日割当+c1/c3/range/apt/fair+曜日/交互)=8623ms C1共同LNS=4502ms 個人共同LNS=670ms 最終検査+HF70=0ms
sept2026,60,2,v2	33013	POST	後処理パス別 計13848ms: C1広域ビーム=5814ms(41%) C1玉突き連鎖=3000ms(21%) C1共同LNS=1502ms(10%) C1時系列フロー=1081ms(7%) 個人回数共同LNS=606ms(4%) ComponentRepair=463ms(3%) C1索引修復=431ms(3%) BlockRotationPolish=124ms(0%)
sept2026,60,2,v2	33013	UnifiedCheck	合計=401 | HARD=0 [groupViol=0 c3n=0 covU=0 pref=0 c3w=0] | SOFT=401 [c1=65 c3m=58 c3mn=1 c42=4 covO=24 low=2 high=10 apt=7 fair=17 weekly=213] (0ms)
sept2026,60,2,v2	21001	C1BeamPolish	期間要件(c1)研磨[ビーム K=16 steps=60/1320ms]: c1 71->71 / total 406->406 score 5140->5140 HARD 0->0 手数0 [探索結果が根に勝てず破棄]
sept2026,60,2,v2	21053	RangePolish	個人回数(low/high)玉突き研磨: low 1->1 / high 9->9 / total 406->406 HARD 0->0 採用0回（日割当:0 / 柔軟日割当:0） [頭打ち=改善手なし] 残存: 職員A Dﾃ(禁止連続×10: 9/10・9/11・候補なし×8・希望固定×6・柔軟日割当候補なし×1・日割当候補なし×1), 職員D A4(不採用×7 主因 c1:6 low:1・希望固定×6・候補なし×3・range後回し×2・柔軟日割当候補なし×1・日割当候補なし×1), 職員E Cｵ(希望固定×12: 9/1・9/3・9/10・9/12・9/13・9/14ほか6日・禁止連続×5・不採用×4 主因 c1:3 low:1・range後回し×4), 職員H Aｱ(range後回し×7・不採用×5 主因 c1:4 low:1・柔軟日割当候補なし×1・日割当候補なし×1) / 結合候補: tryRelocate×29 / 結合探索: 200通り試行/3ms→無駄打ち回避で早期終了
sept2026,60,2,v2	21131	FairPolish	グループ内公平化(fair)研磨: fair 19->19 / total 406->406 HARD 0->0 採用0回 [頭打ち=改善手なし] 不採用203件(ピン破り:1 重み悪化:202)(主因 low:102 c1:97 c3m:2) 残存: 職員E 有, 職員B 休, 職員B Cｵ, 職員C 休, 職員E Cｱ, 職員C B4, 職員E B4, 職員B 有, 職員C 有, 職員G Dﾃ, 職員I Cｱ, 職員I B4, 職員J B4, 職員G 有, 職員I 有 / 結合候補: FairChain×200 / 結合探索: 200通り試行/6ms→無駄打ち回避で早期終了
sept2026,60,2,v2	32343	C1EjectionChain	期間要件(c1)玉突き連鎖v2[起点18/候補1043089/評価1160375/試行1187/採用0/採用深さ最大0/重複除外445/終了時間切れ/時間切れ1/3000ms]: c1 65->65 score 4942->4942 HARD 0->0 total 401->401 族差 
sept2026,60,2,v2	33013	POST	後処理タイミング 総13852ms: HF80=27ms HF67=29ms HF66=1ms 巡回研磨(厳密日割当+c1/c3/range/apt/fair+曜日/交互)=8623ms C1共同LNS=4502ms 個人共同LNS=670ms 最終検査+HF70=0ms
sept2026,60,2,v2	33013	POST	後処理パス別 計13848ms: C1広域ビーム=5814ms(41%) C1玉突き連鎖=3000ms(21%) C1共同LNS=1502ms(10%) C1時系列フロー=1081ms(7%) 個人回数共同LNS=606ms(4%) ComponentRepair=463ms(3%) C1索引修復=431ms(3%) BlockRotationPolish=124ms(0%)
sept2026,60,3,v2	17017	V6Dispatcher	完了 algorithm=RSI HARD=0 total=399 elapsed=17016ms
sept2026,60,3,v2	19021	V6Dispatcher	完了 algorithm=ALNS HARD=0 total=399 elapsed=2004ms
sept2026,60,3,v2	20742	C1BeamPolish	期間要件(c1)研磨[ビーム K=16 steps=60/1207ms]: c1 79->79 / total 399->399 score 5237->5237 HARD 0->0 手数0 [探索結果が根に勝てず破棄]
sept2026,60,3,v2	20963	FairPolish	グループ内公平化(fair)研磨: fair 17->17 / total 399->399 HARD 0->0 採用0回 [頭打ち=改善手なし] 不採用197件(ピン破り:1 重み悪化:196)(主因 low:129 c1:63 c3m:3) 残存: 職員E 有, 職員B 休, 職員B Cｵ, 職員B Cｱ, 職員E Cｱ, 職員C B4, 職員E B4, 職員B 有, 職員C 有, 職員G Dﾃ, 職員I Aｱ, 職員I B4, 職員J B4, 職員G 有, 職員I 有 / 結合候補: FairChain×192 / 結合探索: 200通り試行/5ms→無駄打ち回避で早期終了
sept2026,60,3,v2	25507	C1EjectionChain	期間要件(c1)玉突き連鎖v2[起点18/候補1013339/評価1153232/試行1177/採用0/採用深さ最大0/重複除外525/終了時間切れ/時間切れ1/3000ms]: c1 79->79 score 5237->5237 HARD 0->0 total 399->399 族差 
sept2026,60,3,v2	26287	POST	後処理タイミング 総7174ms: HF80=20ms HF67=20ms HF66=1ms 巡回研磨(厳密日割当+c1/c3/range/apt/fair+曜日/交互)=1850ms C1共同LNS=4503ms 個人共同LNS=780ms 最終検査+HF70=0ms
sept2026,60,3,v2	26287	POST	後処理パス別 計7170ms: C1玉突き連鎖=3000ms(41%) C1共同LNS=1503ms(20%) C1広域ビーム=1207ms(16%) 個人回数共同LNS=709ms(9%) C1時系列フロー=250ms(3%) BlockRotationPolish=106ms(1%) ComponentRepair=102ms(1%) C1索引修復=87ms(1%)
sept2026,60,3,v2	26286	UnifiedCheck	合計=399 | HARD=0 [groupViol=0 c3n=0 covU=0 pref=0 c3w=0] | SOFT=399 [c1=79 c3m=62 c42=3 covO=23 high=8 apt=5 fair=17 weekly=202] (0ms)
sept2026,60,3,v2	20742	C1BeamPolish	期間要件(c1)研磨[ビーム K=16 steps=60/1207ms]: c1 79->79 / total 399->399 score 5237->5237 HARD 0->0 手数0 [探索結果が根に勝てず破棄]
sept2026,60,3,v2	20963	FairPolish	グループ内公平化(fair)研磨: fair 17->17 / total 399->399 HARD 0->0 採用0回 [頭打ち=改善手なし] 不採用197件(ピン破り:1 重み悪化:196)(主因 low:129 c1:63 c3m:3) 残存: 職員E 有, 職員B 休, 職員B Cｵ, 職員B Cｱ, 職員E Cｱ, 職員C B4, 職員E B4, 職員B 有, 職員C 有, 職員G Dﾃ, 職員I Aｱ, 職員I B4, 職員J B4, 職員G 有, 職員I 有 / 結合候補: FairChain×192 / 結合探索: 200通り試行/5ms→無駄打ち回避で早期終了
sept2026,60,3,v2	25507	C1EjectionChain	期間要件(c1)玉突き連鎖v2[起点18/候補1013339/評価1153232/試行1177/採用0/採用深さ最大0/重複除外525/終了時間切れ/時間切れ1/3000ms]: c1 79->79 score 5237->5237 HARD 0->0 total 399->399 族差 
sept2026,60,3,v2	26287	POST	後処理タイミング 総7174ms: HF80=20ms HF67=20ms HF66=1ms 巡回研磨(厳密日割当+c1/c3/range/apt/fair+曜日/交互)=1850ms C1共同LNS=4503ms 個人共同LNS=780ms 最終検査+HF70=0ms
sept2026,60,3,v2	26287	POST	後処理パス別 計7170ms: C1玉突き連鎖=3000ms(41%) C1共同LNS=1503ms(20%) C1広域ビーム=1207ms(16%) 個人回数共同LNS=709ms(9%) C1時系列フロー=250ms(3%) BlockRotationPolish=106ms(1%) ComponentRepair=102ms(1%) C1索引修復=87ms(1%)
sept2026,60,3,off	17016	V6Dispatcher	完了 algorithm=RSI HARD=0 total=399 elapsed=17015ms
sept2026,60,3,off	19020	V6Dispatcher	完了 algorithm=ALNS HARD=0 total=399 elapsed=2003ms
sept2026,60,3,off	20762	C1BeamPolish	期間要件(c1)研磨[ビーム K=16 steps=60/1260ms]: c1 79->79 / total 399->399 score 5237->5237 HARD 0->0 手数0 [探索結果が根に勝てず破棄]
sept2026,60,3,off	20862	RangePolish	個人回数(low/high)玉突き研磨: low 0->0 / high 8->8 / total 399->399 HARD 0->0 採用0回（日割当:0 / 柔軟日割当:0） [頭打ち=改善手なし] 残存: 職員A Dﾃ(禁止連続×10: 9/10・9/11・候補なし×8・希望固定×6・柔軟日割当候補なし×1・日割当候補なし×1), 職員D A4(不採用×8 主因 c1:7 low:1・希望固定×6・候補なし×3・柔軟日割当候補なし×1・range後回し×1・日割当候補なし×1), 職員H Aｱ(range後回し×6・不採用×4 主因 c1:4・柔軟日割当候補なし×1・日割当候補なし×1) / 結合候補: tryRelocate×19 / 結合探索: 200通り試行/1ms→無駄打ち回避で早期終了
sept2026,60,3,off	20940	FairPolish	グループ内公平化(fair)研磨: fair 17->17 / total 399->399 HARD 0->0 採用0回 [頭打ち=改善手なし] 不採用197件(ピン破り:3 重み悪化:194)(主因 low:124 c1:66 c3m:3) 残存: 職員E 有, 職員B 休, 職員B Cｵ, 職員B Cｱ, 職員E Cｱ, 職員C B4, 職員E B4, 職員B 有, 職員C 有, 職員G Dﾃ, 職員I Aｱ, 職員I B4, 職員J B4, 職員G 有, 職員I 有 / 結合候補: FairChain×192 / 結合探索: 200通り試行/6ms→無駄打ち回避で早期終了
sept2026,60,3,off	23287	POST	後処理タイミング 総4173ms: HF80=20ms HF67=22ms HF66=1ms 巡回研磨(厳密日割当+c1/c3/range/apt/fair+曜日/交互)=1827ms C1共同LNS=1501ms 個人共同LNS=802ms 最終検査+HF70=0ms
sept2026,60,3,off	23287	POST	後処理パス別 計4170ms: C1共同LNS=1501ms(35%) C1広域ビーム=1261ms(30%) 個人回数共同LNS=749ms(17%) C1時系列フロー=223ms(5%) ComponentRepair=89ms(2%) C1索引修復=79ms(1%) BlockRotationPolish=68ms(1%) FairPolish=28ms(0%)
sept2026,60,3,off	23287	UnifiedCheck	合計=399 | HARD=0 [groupViol=0 c3n=0 covU=0 pref=0 c3w=0] | SOFT=399 [c1=79 c3m=62 c42=3 covO=23 high=8 apt=5 fair=17 weekly=202] (0ms)
sept2026,60,3,off	20762	C1BeamPolish	期間要件(c1)研磨[ビーム K=16 steps=60/1260ms]: c1 79->79 / total 399->399 score 5237->5237 HARD 0->0 手数0 [探索結果が根に勝てず破棄]
sept2026,60,3,off	20862	RangePolish	個人回数(low/high)玉突き研磨: low 0->0 / high 8->8 / total 399->399 HARD 0->0 採用0回（日割当:0 / 柔軟日割当:0） [頭打ち=改善手なし] 残存: 職員A Dﾃ(禁止連続×10: 9/10・9/11・候補なし×8・希望固定×6・柔軟日割当候補なし×1・日割当候補なし×1), 職員D A4(不採用×8 主因 c1:7 low:1・希望固定×6・候補なし×3・柔軟日割当候補なし×1・range後回し×1・日割当候補なし×1), 職員H Aｱ(range後回し×6・不採用×4 主因 c1:4・柔軟日割当候補なし×1・日割当候補なし×1) / 結合候補: tryRelocate×19 / 結合探索: 200通り試行/1ms→無駄打ち回避で早期終了
sept2026,60,3,off	20940	FairPolish	グループ内公平化(fair)研磨: fair 17->17 / total 399->399 HARD 0->0 採用0回 [頭打ち=改善手なし] 不採用197件(ピン破り:3 重み悪化:194)(主因 low:124 c1:66 c3m:3) 残存: 職員E 有, 職員B 休, 職員B Cｵ, 職員B Cｱ, 職員E Cｱ, 職員C B4, 職員E B4, 職員B 有, 職員C 有, 職員G Dﾃ, 職員I Aｱ, 職員I B4, 職員J B4, 職員G 有, 職員I 有 / 結合候補: FairChain×192 / 結合探索: 200通り試行/6ms→無駄打ち回避で早期終了
sept2026,60,3,off	23287	POST	後処理タイミング 総4173ms: HF80=20ms HF67=22ms HF66=1ms 巡回研磨(厳密日割当+c1/c3/range/apt/fair+曜日/交互)=1827ms C1共同LNS=1501ms 個人共同LNS=802ms 最終検査+HF70=0ms
sept2026,60,3,off	23287	POST	後処理パス別 計4170ms: C1共同LNS=1501ms(35%) C1広域ビーム=1261ms(30%) 個人回数共同LNS=749ms(17%) C1時系列フロー=223ms(5%) ComponentRepair=89ms(2%) C1索引修復=79ms(1%) BlockRotationPolish=68ms(1%) FairPolish=28ms(0%)
sept2026,120,1,v2	29019	V6Dispatcher	完了 algorithm=RSI HARD=0 total=399 elapsed=29018ms
sept2026,120,1,v2	44024	V6Dispatcher	完了 algorithm=ALNS HARD=0 total=399 elapsed=15006ms
sept2026,120,1,v2	45942	C1BeamPolish	期間要件(c1)研磨[ビーム K=16 steps=60/1279ms]: c1 79->79 / total 399->399 score 5237->5237 HARD 0->0 手数0 [探索結果が根に勝てず破棄]
sept2026,120,1,v2	46072	RangePolish	個人回数(low/high)玉突き研磨: low 0->0 / high 8->8 / total 399->399 HARD 0->0 採用0回（日割当:0 / 柔軟日割当:0） [頭打ち=改善手なし] 残存: 職員A Dﾃ(禁止連続×10: 9/10・9/11・候補なし×8・希望固定×6・柔軟日割当候補なし×1・日割当候補なし×1), 職員D A4(不採用×9 主因 c1:7 low:2・希望固定×6・候補なし×3・柔軟日割当候補なし×1・日割当候補なし×1), 職員H Aｱ(不採用×5 主因 c1:5・range後回し×5・柔軟日割当候補なし×1・日割当候補なし×1) / 結合候補: tryRelocate×19 / 結合探索: 200通り試行/1ms→無駄打ち回避で早期終了
sept2026,120,1,v2	46149	FairPolish	グループ内公平化(fair)研磨: fair 17->17 / total 399->399 HARD 0->0 採用0回 [頭打ち=改善手なし] 不採用197件(ピン破り:1 必須増:1 重み悪化:195)(主因 low:129 c1:63 c3m:3) 残存: 職員E 有, 職員B 休, 職員B Cｵ, 職員B Cｱ, 職員E Cｱ, 職員C B4, 職員E B4, 職員B 有, 職員C 有, 職員G Dﾃ, 職員I Aｱ, 職員I B4, 職員J B4, 職員G 有, 職員I 有 / 結合候補: FairChain×192 / 結合探索: 200通り試行/6ms→無駄打ち回避で早期終了
sept2026,120,1,v2	50707	C1EjectionChain	期間要件(c1)玉突き連鎖v2[起点18/候補1035279/評価1180448/試行1205/採用0/採用深さ最大0/重複除外545/終了時間切れ/時間切れ1/3000ms]: c1 79->79 score 5237->5237 HARD 0->0 total 399->399 族差 
sept2026,120,1,v2	51479	POST	後処理タイミング 総7214ms: HF80=20ms HF67=22ms HF66=1ms 巡回研磨(厳密日割当+c1/c3/range/apt/fair+曜日/交互)=1896ms C1共同LNS=4503ms 個人共同LNS=772ms 最終検査+HF70=0ms
sept2026,120,1,v2	51479	POST	後処理パス別 計7213ms: C1玉突き連鎖=3000ms(41%) C1共同LNS=1503ms(20%) C1広域ビーム=1279ms(17%) 個人回数共同LNS=725ms(10%) C1時系列フロー=230ms(3%) ComponentRepair=94ms(1%) BlockRotationPolish=93ms(1%) C1索引修復=80ms(1%)
sept2026,120,1,v2	51479	UnifiedCheck	合計=399 | HARD=0 [groupViol=0 c3n=0 covU=0 pref=0 c3w=0] | SOFT=399 [c1=79 c3m=62 c42=3 covO=23 high=8 apt=5 fair=17 weekly=202] (0ms)
sept2026,120,1,v2	45942	C1BeamPolish	期間要件(c1)研磨[ビーム K=16 steps=60/1279ms]: c1 79->79 / total 399->399 score 5237->5237 HARD 0->0 手数0 [探索結果が根に勝てず破棄]
sept2026,120,1,v2	46072	RangePolish	個人回数(low/high)玉突き研磨: low 0->0 / high 8->8 / total 399->399 HARD 0->0 採用0回（日割当:0 / 柔軟日割当:0） [頭打ち=改善手なし] 残存: 職員A Dﾃ(禁止連続×10: 9/10・9/11・候補なし×8・希望固定×6・柔軟日割当候補なし×1・日割当候補なし×1), 職員D A4(不採用×9 主因 c1:7 low:2・希望固定×6・候補なし×3・柔軟日割当候補なし×1・日割当候補なし×1), 職員H Aｱ(不採用×5 主因 c1:5・range後回し×5・柔軟日割当候補なし×1・日割当候補なし×1) / 結合候補: tryRelocate×19 / 結合探索: 200通り試行/1ms→無駄打ち回避で早期終了
sept2026,120,1,v2	46149	FairPolish	グループ内公平化(fair)研磨: fair 17->17 / total 399->399 HARD 0->0 採用0回 [頭打ち=改善手なし] 不採用197件(ピン破り:1 必須増:1 重み悪化:195)(主因 low:129 c1:63 c3m:3) 残存: 職員E 有, 職員B 休, 職員B Cｵ, 職員B Cｱ, 職員E Cｱ, 職員C B4, 職員E B4, 職員B 有, 職員C 有, 職員G Dﾃ, 職員I Aｱ, 職員I B4, 職員J B4, 職員G 有, 職員I 有 / 結合候補: FairChain×192 / 結合探索: 200通り試行/6ms→無駄打ち回避で早期終了
sept2026,120,1,v2	50707	C1EjectionChain	期間要件(c1)玉突き連鎖v2[起点18/候補1035279/評価1180448/試行1205/採用0/採用深さ最大0/重複除外545/終了時間切れ/時間切れ1/3000ms]: c1 79->79 score 5237->5237 HARD 0->0 total 399->399 族差 
sept2026,120,1,v2	51479	POST	後処理タイミング 総7214ms: HF80=20ms HF67=22ms HF66=1ms 巡回研磨(厳密日割当+c1/c3/range/apt/fair+曜日/交互)=1896ms C1共同LNS=4503ms 個人共同LNS=772ms 最終検査+HF70=0ms
sept2026,120,1,v2	51479	POST	後処理パス別 計7213ms: C1玉突き連鎖=3000ms(41%) C1共同LNS=1503ms(20%) C1広域ビーム=1279ms(17%) 個人回数共同LNS=725ms(10%) C1時系列フロー=230ms(3%) ComponentRepair=94ms(1%) BlockRotationPolish=93ms(1%) C1索引修復=80ms(1%)
sept2026,120,1,off	29027	V6Dispatcher	完了 algorithm=RSI HARD=0 total=399 elapsed=29026ms
sept2026,120,1,off	56151	V6Dispatcher	完了 algorithm=ALNS HARD=0 total=384 elapsed=27124ms
sept2026,120,1,off	56551	C1Polish	期間要件(c1)研磨: c1 35->27 / total 381->384 HARD 0->0 採用2回(鏡像:0 自己:0 再配置:0) 残存: 職員A 休(4日1回)(不採用×12 主因 c1:5 c3n:4), 職員B 休(4日1回)(不採用×13 主因 c1:6 low:4), 職員C 休(4日1回)(不採用×28 主因 c3n:14 c1:8), 職員E 休(4日1回)(不採用×28 主因 c3n:14 c1:9), 職員F 休(4日1回)(不採用×26 主因 c1:15 c3n:10), 職員E 休(14日4回)(不採用×22 主因 c3n:12 c1:8), 職員G 休(4日1回)(不採用×34 主因 c3n:14 low:10), 職員F 休(14日4回)(不採用×33 主因 c1:20 c3n:10), 職員I 休(4日1回)(不採用×20 主因 c3n:10 low:8), 職員J 休(4日1回)(不採用×27 主因 c1:18 c3n:9), 職員I 休(14日4回)(不採用×72 主因 c3n:38 low:21) / 結合候補: 手B×117 / 結合探索: 200通り試行/1ms→無駄打ち回避で早期終了
sept2026,120,1,off	57412	C1BeamPolish	期間要件(c1)研磨[ビーム K=16 steps=24/466ms/最良が20手更新されず打ち切り]: c1 27->26 / total 384->379 score 4344->4270 HARD 0->0 手数4
sept2026,120,1,off	57635	RangePolish	個人回数(low/high)玉突き研磨: low 10->10 / high 25->23 / total 379->384 HARD 0->0 採用2回（日割当:0 / 柔軟日割当:1） 対象: 職員A Dﾃ, 職員D 休 残存: 職員A Dﾃ(禁止連続×20: 9/10・9/11・候補なし×16・希望固定×6・range後回し×3・柔軟日割当候補なし×2・日割当候補なし×2), 職員A A4(希望固定×22: 9/4・9/6・9/8・9/15・9/16・9/17ほか5日・禁止連続×16・range後回し×6・候補なし×4・不採用×2 主因 c1:2), 職員C 休(禁止連続×66: 9/7・9/12・9/16・9/21・9/24・9/26ほか1日・希望固定×42・不採用×32 主因 c1:32・柔軟日割当候補なし×2・日割当候補なし×2), 職員C A4(禁止連続×34: 9/4・9/5・9/6・9/7・9/15・9/16ほか11日・希望固定×12・不採用×7 主因 c1:6 c3m:1・range後回し×1), 職員D A4(range後回し×45・不採用×27 主因 c1:24 covU:3・希望固定×12・候補なし×6・柔軟日割当候補なし×2・日割当候補なし×2), 職員E A4(希望固定×24: 9/1・9/3・9/10・9/12・9/13・9/14ほか6日・禁止連続×16・不採用×8 主因 low:4 c1:4・候補なし×6・range後回し×4), 職員H Aｱ(range後回し×15・不採用×8 主因 c1:8・柔軟日割当候補なし×2・日割当候補なし×2・ピン破り×1), 職員I 休(不採用×38 主因 c1:38・禁止連続×32・希望固定×20・柔軟日割当候補なし×2・日割当候補なし×2), 職員J Aｱ(禁止連続×18: 9/4・9/10・9/17・9/19・9/20・9/22ほか3日・不採用×13 主因 c1:8 covO:4・希望固定×10・range後回し×7・候補なし×2) / 結合候補: tryRelocate×217 / 結合探索: 200通り試行/7ms→無駄打ち回避で早期終了
sept2026,120,1,off	57710	AptPolish	適切回数(apt)研磨: apt 6->6 / total 381->381 HARD 0->0 採用0回 [頭打ち=改善手なし] 不採用6件(ピン破り:1 重み悪化:5)(主因 c1:5) 残存: 職員H Pｼ / 結合候補: AptChain×6 / 結合探索: 50通り試行/1ms
sept2026,120,1,off	57727	FairPolish	グループ内公平化(fair)研磨: fair 13->13 / total 381->381 HARD 0->0 採用0回 [頭打ち=改善手なし] 不採用139件(重み悪化:139)(主因 c1:81 low:51 covO:2) 残存: 職員E 有, 職員E Dﾃ, 職員C Cｵ, 職員B Cｱ, 職員B 有, 職員C 有, 職員G Cｱ, 職員I B4, 職員J B4, 職員G 有, 職員I 有 / 結合候補: FairChain×138 / 結合探索: 200通り試行/3ms→無駄打ち回避で早期終了
sept2026,120,1,off	62049	POST	後処理タイミング 総5617ms: HF80=21ms HF67=23ms HF66=2ms 巡回研磨(厳密日割当+c1/c3/range/apt/fair+曜日/交互)=2865ms C1共同LNS=1502ms 個人共同LNS=1204ms 最終検査+HF70=0ms
sept2026,120,1,off	62049	POST	後処理パス別 計5612ms: C1共同LNS=1501ms(26%) 個人回数共同LNS=1128ms(20%) C1広域ビーム=862ms(15%) C1時系列フロー=772ms(13%) ComponentRepair=568ms(10%) RangePolish=187ms(3%) BlockRotationPolish=173ms(3%) CyclicSwapPolish=62ms(1%)
sept2026,120,1,off	62049	UnifiedCheck	合計=385 | HARD=0 [groupViol=0 c3n=0 covU=0 pref=0 c3w=0] | SOFT=385 [c1=34 c3m=63 c42=3 covO=27 low=7 high=19 apt=6 fair=15 weekly=211] (0ms)
sept2026,120,1,off	56551	C1Polish	期間要件(c1)研磨: c1 35->27 / total 381->384 HARD 0->0 採用2回(鏡像:0 自己:0 再配置:0) 残存: 職員A 休(4日1回)(不採用×12 主因 c1:5 c3n:4), 職員B 休(4日1回)(不採用×13 主因 c1:6 low:4), 職員C 休(4日1回)(不採用×28 主因 c3n:14 c1:8), 職員E 休(4日1回)(不採用×28 主因 c3n:14 c1:9), 職員F 休(4日1回)(不採用×26 主因 c1:15 c3n:10), 職員E 休(14日4回)(不採用×22 主因 c3n:12 c1:8), 職員G 休(4日1回)(不採用×34 主因 c3n:14 low:10), 職員F 休(14日4回)(不採用×33 主因 c1:20 c3n:10), 職員I 休(4日1回)(不採用×20 主因 c3n:10 low:8), 職員J 休(4日1回)(不採用×27 主因 c1:18 c3n:9), 職員I 休(14日4回)(不採用×72 主因 c3n:38 low:21) / 結合候補: 手B×117 / 結合探索: 200通り試行/1ms→無駄打ち回避で早期終了
sept2026,120,1,off	57412	C1BeamPolish	期間要件(c1)研磨[ビーム K=16 steps=24/466ms/最良が20手更新されず打ち切り]: c1 27->26 / total 384->379 score 4344->4270 HARD 0->0 手数4
sept2026,120,1,off	57635	RangePolish	個人回数(low/high)玉突き研磨: low 10->10 / high 25->23 / total 379->384 HARD 0->0 採用2回（日割当:0 / 柔軟日割当:1） 対象: 職員A Dﾃ, 職員D 休 残存: 職員A Dﾃ(禁止連続×20: 9/10・9/11・候補なし×16・希望固定×6・range後回し×3・柔軟日割当候補なし×2・日割当候補なし×2), 職員A A4(希望固定×22: 9/4・9/6・9/8・9/15・9/16・9/17ほか5日・禁止連続×16・range後回し×6・候補なし×4・不採用×2 主因 c1:2), 職員C 休(禁止連続×66: 9/7・9/12・9/16・9/21・9/24・9/26ほか1日・希望固定×42・不採用×32 主因 c1:32・柔軟日割当候補なし×2・日割当候補なし×2), 職員C A4(禁止連続×34: 9/4・9/5・9/6・9/7・9/15・9/16ほか11日・希望固定×12・不採用×7 主因 c1:6 c3m:1・range後回し×1), 職員D A4(range後回し×45・不採用×27 主因 c1:24 covU:3・希望固定×12・候補なし×6・柔軟日割当候補なし×2・日割当候補なし×2), 職員E A4(希望固定×24: 9/1・9/3・9/10・9/12・9/13・9/14ほか6日・禁止連続×16・不採用×8 主因 low:4 c1:4・候補なし×6・range後回し×4), 職員H Aｱ(range後回し×15・不採用×8 主因 c1:8・柔軟日割当候補なし×2・日割当候補なし×2・ピン破り×1), 職員I 休(不採用×38 主因 c1:38・禁止連続×32・希望固定×20・柔軟日割当候補なし×2・日割当候補なし×2), 職員J Aｱ(禁止連続×18: 9/4・9/10・9/17・9/19・9/20・9/22ほか3日・不採用×13 主因 c1:8 covO:4・希望固定×10・range後回し×7・候補なし×2) / 結合候補: tryRelocate×217 / 結合探索: 200通り試行/7ms→無駄打ち回避で早期終了
sept2026,120,1,off	57710	AptPolish	適切回数(apt)研磨: apt 6->6 / total 381->381 HARD 0->0 採用0回 [頭打ち=改善手なし] 不採用6件(ピン破り:1 重み悪化:5)(主因 c1:5) 残存: 職員H Pｼ / 結合候補: AptChain×6 / 結合探索: 50通り試行/1ms
sept2026,120,1,off	57727	FairPolish	グループ内公平化(fair)研磨: fair 13->13 / total 381->381 HARD 0->0 採用0回 [頭打ち=改善手なし] 不採用139件(重み悪化:139)(主因 c1:81 low:51 covO:2) 残存: 職員E 有, 職員E Dﾃ, 職員C Cｵ, 職員B Cｱ, 職員B 有, 職員C 有, 職員G Cｱ, 職員I B4, 職員J B4, 職員G 有, 職員I 有 / 結合候補: FairChain×138 / 結合探索: 200通り試行/3ms→無駄打ち回避で早期終了
sept2026,120,1,off	62049	POST	後処理タイミング 総5617ms: HF80=21ms HF67=23ms HF66=2ms 巡回研磨(厳密日割当+c1/c3/range/apt/fair+曜日/交互)=2865ms C1共同LNS=1502ms 個人共同LNS=1204ms 最終検査+HF70=0ms
sept2026,120,1,off	62049	POST	後処理パス別 計5612ms: C1共同LNS=1501ms(26%) 個人回数共同LNS=1128ms(20%) C1広域ビーム=862ms(15%) C1時系列フロー=772ms(13%) ComponentRepair=568ms(10%) RangePolish=187ms(3%) BlockRotationPolish=173ms(3%) CyclicSwapPolish=62ms(1%)
sept2026,120,2,off	29018	V6Dispatcher	完了 algorithm=RSI HARD=0 total=399 elapsed=29017ms
sept2026,120,2,off	30004	V6Dispatcher	完了 algorithm=ALNS HARD=0 total=399 elapsed=986ms
sept2026,120,2,off	31837	C1BeamPolish	期間要件(c1)研磨[ビーム K=16 steps=60/1298ms]: c1 71->71 / total 406->406 score 5140->5140 HARD 0->0 手数0 [探索結果が根に勝てず破棄]
sept2026,120,2,off	31887	RangePolish	個人回数(low/high)玉突き研磨: low 1->1 / high 9->9 / total 406->406 HARD 0->0 採用0回（日割当:0 / 柔軟日割当:0） [頭打ち=改善手なし] 残存: 職員A Dﾃ(禁止連続×10: 9/10・9/11・候補なし×8・希望固定×6・柔軟日割当候補なし×1・日割当候補なし×1), 職員D A4(希望固定×6: 9/10・9/11・不採用×6 主因 c1:6・候補なし×3・range後回し×3・柔軟日割当候補なし×1・日割当候補なし×1), 職員E Cｵ(希望固定×12: 9/1・9/3・9/10・9/12・9/13・9/14ほか6日・禁止連続×5・不採用×4 主因 c1:3 low:1・range後回し×4), 職員H Aｱ(不採用×6 主因 c1:6・range後回し×6・柔軟日割当候補なし×1・日割当候補なし×1) / 結合候補: tryRelocate×29 / 結合探索: 200通り試行/2ms→無駄打ち回避で早期終了
sept2026,120,2,off	31969	FairPolish	グループ内公平化(fair)研磨: fair 19->19 / total 406->406 HARD 0->0 採用0回 [頭打ち=改善手なし] 不採用203件(ピン破り:1 重み悪化:202)(主因 low:109 c1:90 c3m:2) 残存: 職員E 有, 職員B 休, 職員B Cｵ, 職員C 休, 職員E Cｱ, 職員C B4, 職員E B4, 職員B 有, 職員C 有, 職員G Dﾃ, 職員I Cｱ, 職員I B4, 職員J B4, 職員G 有, 職員I 有 / 結合候補: FairChain×200 / 結合探索: 200通り試行/8ms→無駄打ち回避で早期終了
sept2026,120,2,off	38289	POST	後処理タイミング 総8208ms: HF80=20ms HF67=21ms HF66=1ms 巡回研磨(厳密日割当+c1/c3/range/apt/fair+曜日/交互)=5987ms C1共同LNS=1501ms 個人共同LNS=677ms 最終検査+HF70=1ms
sept2026,120,2,off	38289	POST	後処理パス別 計8204ms: C1広域ビーム=4055ms(49%) C1共同LNS=1501ms(18%) C1時系列フロー=709ms(8%) 個人回数共同LNS=618ms(7%) ComponentRepair=324ms(3%) C1索引修復=272ms(3%) BlockRotationPolish=132ms(1%) C1同日交換=107ms(1%)
sept2026,120,2,off	38288	UnifiedCheck	合計=401 | HARD=0 [groupViol=0 c3n=0 covU=0 pref=0 c3w=0] | SOFT=401 [c1=69 c3m=59 c3mn=1 c42=4 covO=23 low=1 high=9 apt=6 fair=19 weekly=210] (0ms)
sept2026,120,2,off	31837	C1BeamPolish	期間要件(c1)研磨[ビーム K=16 steps=60/1298ms]: c1 71->71 / total 406->406 score 5140->5140 HARD 0->0 手数0 [探索結果が根に勝てず破棄]
sept2026,120,2,off	31887	RangePolish	個人回数(low/high)玉突き研磨: low 1->1 / high 9->9 / total 406->406 HARD 0->0 採用0回（日割当:0 / 柔軟日割当:0） [頭打ち=改善手なし] 残存: 職員A Dﾃ(禁止連続×10: 9/10・9/11・候補なし×8・希望固定×6・柔軟日割当候補なし×1・日割当候補なし×1), 職員D A4(希望固定×6: 9/10・9/11・不採用×6 主因 c1:6・候補なし×3・range後回し×3・柔軟日割当候補なし×1・日割当候補なし×1), 職員E Cｵ(希望固定×12: 9/1・9/3・9/10・9/12・9/13・9/14ほか6日・禁止連続×5・不採用×4 主因 c1:3 low:1・range後回し×4), 職員H Aｱ(不採用×6 主因 c1:6・range後回し×6・柔軟日割当候補なし×1・日割当候補なし×1) / 結合候補: tryRelocate×29 / 結合探索: 200通り試行/2ms→無駄打ち回避で早期終了
sept2026,120,2,off	31969	FairPolish	グループ内公平化(fair)研磨: fair 19->19 / total 406->406 HARD 0->0 採用0回 [頭打ち=改善手なし] 不採用203件(ピン破り:1 重み悪化:202)(主因 low:109 c1:90 c3m:2) 残存: 職員E 有, 職員B 休, 職員B Cｵ, 職員C 休, 職員E Cｱ, 職員C B4, 職員E B4, 職員B 有, 職員C 有, 職員G Dﾃ, 職員I Cｱ, 職員I B4, 職員J B4, 職員G 有, 職員I 有 / 結合候補: FairChain×200 / 結合探索: 200通り試行/8ms→無駄打ち回避で早期終了
sept2026,120,2,off	38289	POST	後処理タイミング 総8208ms: HF80=20ms HF67=21ms HF66=1ms 巡回研磨(厳密日割当+c1/c3/range/apt/fair+曜日/交互)=5987ms C1共同LNS=1501ms 個人共同LNS=677ms 最終検査+HF70=1ms
sept2026,120,2,off	38289	POST	後処理パス別 計8204ms: C1広域ビーム=4055ms(49%) C1共同LNS=1501ms(18%) C1時系列フロー=709ms(8%) 個人回数共同LNS=618ms(7%) ComponentRepair=324ms(3%) C1索引修復=272ms(3%) BlockRotationPolish=132ms(1%) C1同日交換=107ms(1%)
sept2026,120,2,v2	29020	V6Dispatcher	完了 algorithm=RSI HARD=0 total=399 elapsed=29018ms
sept2026,120,2,v2	30005	V6Dispatcher	完了 algorithm=ALNS HARD=0 total=399 elapsed=985ms
sept2026,120,2,v2	30165	C1Polish	期間要件(c1)研磨: c1 79->79 / total 399->399 HARD 0->0 採用0回(鏡像:0 自己:0 再配置:0) [頭打ち=改善手なし] 残存: 職員A 休(4日1回)(不採用×7 主因 low:3 c1:2), 職員B 休(4日1回)(不採用×15 主因 low:9 c3n:4), 職員C 休(4日1回)(不採用×23 主因 low:12 c3n:9), 職員B 休(14日4回)(不採用×30 主因 low:15 c3n:10), 職員C 休(14日4回)(不採用×21 主因 low:11 c3n:8), 職員E 休(4日1回)(不採用×18 主因 low:11 c3n:7), 職員F 休(4日1回)(不採用×16 主因 low:10 c3n:4), 職員E 休(14日4回)(不採用×17 主因 low:11 c3n:6), 職員G 休(4日1回)(不採用×9 主因 low:5 c3n:4), 職員G 休(14日4回)(不採用×29 主因 low:13 c3n:13), 職員I 休(4日1回)(不採用×32 主因 c3n:14 low:11), 職員J 休(4日1回)(不採用×17 主因 c1:8 c3n:6), 職員I 休(14日4回)(不採用×45 主因 c3n:21 low:17) / 結合候補: 手B×127 / 結合探索: 200通り試行/1ms→無駄打ち回避で早期終了
sept2026,120,2,v2	31783	C1BeamPolish	期間要件(c1)研磨[ビーム K=16 steps=60/1259ms]: c1 71->71 / total 406->406 score 5140->5140 HARD 0->0 手数0 [探索結果が根に勝てず破棄]
sept2026,120,2,v2	31832	RangePolish	個人回数(low/high)玉突き研磨: low 1->1 / high 9->9 / total 406->406 HARD 0->0 採用0回（日割当:0 / 柔軟日割当:0） [頭打ち=改善手なし] 残存: 職員A Dﾃ(禁止連続×10: 9/10・9/11・候補なし×8・希望固定×6・柔軟日割当候補なし×1・日割当候補なし×1), 職員D A4(不採用×7 主因 c1:6 low:1・希望固定×6・候補なし×3・range後回し×2・柔軟日割当候補なし×1・日割当候補なし×1), 職員E Cｵ(希望固定×12: 9/1・9/3・9/10・9/12・9/13・9/14ほか6日・禁止連続×5・range後回し×5・不採用×3 主因 c1:2 low:1), 職員H Aｱ(不採用×6 主因 c1:5 low:1・range後回し×6・柔軟日割当候補なし×1・日割当候補なし×1) / 結合候補: tryRelocate×29 / 結合探索: 200通り試行/2ms→無駄打ち回避で早期終了
sept2026,120,2,v2	31928	FairPolish	グループ内公平化(fair)研磨: fair 18->18 / total 402->402 HARD 0->0 採用0回 [頭打ち=改善手なし] 不採用176件(ピン破り:1 必須増:1 重み悪化:174)(主因 low:96 c1:77 c3n:1) 残存: 職員E 有, 職員B 休, 職員C 休, 職員E Cｵ, 職員B Cｱ, 職員E Cｱ, 職員E B4, 職員B 有, 職員C 有, 職員G Dﾃ, 職員I Cｱ, 職員J Cｱ, 職員I B4, 職員G 有, 職員I 有 / 結合候補: FairChain×172 / 結合探索: 200通り試行/4ms→無駄打ち回避で早期終了
sept2026,120,2,v2	40711	C1EjectionChain	期間要件(c1)玉突き連鎖v2[起点17/候補1018368/評価1135444/試行1161/採用0/採用深さ最大0/重複除外492/終了時間切れ/時間切れ1/3000ms]: c1 69->69 score 4987->4987 HARD 0->0 total 401->401 族差 
sept2026,120,2,v2	41410	POST	後処理タイミング 総11330ms: HF80=19ms HF67=21ms HF66=1ms 巡回研磨(厳密日割当+c1/c3/range/apt/fair+曜日/交互)=6084ms C1共同LNS=4506ms 個人共同LNS=699ms 最終検査+HF70=0ms
sept2026,120,2,v2	41410	POST	後処理パス別 計11324ms: C1広域ビーム=4121ms(36%) C1玉突き連鎖=3000ms(26%) C1共同LNS=1505ms(13%) C1時系列フロー=732ms(6%) 個人回数共同LNS=634ms(5%) ComponentRepair=320ms(2%) C1索引修復=276ms(2%) BlockRotationPolish=128ms(1%)
sept2026,120,2,v2	41410	UnifiedCheck	合計=401 | HARD=0 [groupViol=0 c3n=0 covU=0 pref=0 c3w=0] | SOFT=401 [c1=69 c3m=59 c3mn=1 c42=4 covO=23 low=1 high=9 apt=6 fair=19 weekly=210] (0ms)
sept2026,120,2,v2	30165	C1Polish	期間要件(c1)研磨: c1 79->79 / total 399->399 HARD 0->0 採用0回(鏡像:0 自己:0 再配置:0) [頭打ち=改善手なし] 残存: 職員A 休(4日1回)(不採用×7 主因 low:3 c1:2), 職員B 休(4日1回)(不採用×15 主因 low:9 c3n:4), 職員C 休(4日1回)(不採用×23 主因 low:12 c3n:9), 職員B 休(14日4回)(不採用×30 主因 low:15 c3n:10), 職員C 休(14日4回)(不採用×21 主因 low:11 c3n:8), 職員E 休(4日1回)(不採用×18 主因 low:11 c3n:7), 職員F 休(4日1回)(不採用×16 主因 low:10 c3n:4), 職員E 休(14日4回)(不採用×17 主因 low:11 c3n:6), 職員G 休(4日1回)(不採用×9 主因 low:5 c3n:4), 職員G 休(14日4回)(不採用×29 主因 low:13 c3n:13), 職員I 休(4日1回)(不採用×32 主因 c3n:14 low:11), 職員J 休(4日1回)(不採用×17 主因 c1:8 c3n:6), 職員I 休(14日4回)(不採用×45 主因 c3n:21 low:17) / 結合候補: 手B×127 / 結合探索: 200通り試行/1ms→無駄打ち回避で早期終了
sept2026,120,2,v2	31783	C1BeamPolish	期間要件(c1)研磨[ビーム K=16 steps=60/1259ms]: c1 71->71 / total 406->406 score 5140->5140 HARD 0->0 手数0 [探索結果が根に勝てず破棄]
sept2026,120,2,v2	31832	RangePolish	個人回数(low/high)玉突き研磨: low 1->1 / high 9->9 / total 406->406 HARD 0->0 採用0回（日割当:0 / 柔軟日割当:0） [頭打ち=改善手なし] 残存: 職員A Dﾃ(禁止連続×10: 9/10・9/11・候補なし×8・希望固定×6・柔軟日割当候補なし×1・日割当候補なし×1), 職員D A4(不採用×7 主因 c1:6 low:1・希望固定×6・候補なし×3・range後回し×2・柔軟日割当候補なし×1・日割当候補なし×1), 職員E Cｵ(希望固定×12: 9/1・9/3・9/10・9/12・9/13・9/14ほか6日・禁止連続×5・range後回し×5・不採用×3 主因 c1:2 low:1), 職員H Aｱ(不採用×6 主因 c1:5 low:1・range後回し×6・柔軟日割当候補なし×1・日割当候補なし×1) / 結合候補: tryRelocate×29 / 結合探索: 200通り試行/2ms→無駄打ち回避で早期終了
sept2026,120,2,v2	31928	FairPolish	グループ内公平化(fair)研磨: fair 18->18 / total 402->402 HARD 0->0 採用0回 [頭打ち=改善手なし] 不採用176件(ピン破り:1 必須増:1 重み悪化:174)(主因 low:96 c1:77 c3n:1) 残存: 職員E 有, 職員B 休, 職員C 休, 職員E Cｵ, 職員B Cｱ, 職員E Cｱ, 職員E B4, 職員B 有, 職員C 有, 職員G Dﾃ, 職員I Cｱ, 職員J Cｱ, 職員I B4, 職員G 有, 職員I 有 / 結合候補: FairChain×172 / 結合探索: 200通り試行/4ms→無駄打ち回避で早期終了
sept2026,120,2,v2	40711	C1EjectionChain	期間要件(c1)玉突き連鎖v2[起点17/候補1018368/評価1135444/試行1161/採用0/採用深さ最大0/重複除外492/終了時間切れ/時間切れ1/3000ms]: c1 69->69 score 4987->4987 HARD 0->0 total 401->401 族差 
sept2026,120,2,v2	41410	POST	後処理タイミング 総11330ms: HF80=19ms HF67=21ms HF66=1ms 巡回研磨(厳密日割当+c1/c3/range/apt/fair+曜日/交互)=6084ms C1共同LNS=4506ms 個人共同LNS=699ms 最終検査+HF70=0ms
sept2026,120,2,v2	41410	POST	後処理パス別 計11324ms: C1広域ビーム=4121ms(36%) C1玉突き連鎖=3000ms(26%) C1共同LNS=1505ms(13%) C1時系列フロー=732ms(6%) 個人回数共同LNS=634ms(5%) ComponentRepair=320ms(2%) C1索引修復=276ms(2%) BlockRotationPolish=128ms(1%)
sept2026,120,3,v2	29016	V6Dispatcher	完了 algorithm=RSI HARD=0 total=399 elapsed=29015ms
sept2026,120,3,v2	30008	V6Dispatcher	完了 algorithm=ALNS HARD=0 total=399 elapsed=992ms
sept2026,120,3,v2	31735	C1BeamPolish	期間要件(c1)研磨[ビーム K=16 steps=60/1234ms]: c1 79->79 / total 399->399 score 5237->5237 HARD 0->0 手数0 [探索結果が根に勝てず破棄]
sept2026,120,3,v2	31834	RangePolish	個人回数(low/high)玉突き研磨: low 0->0 / high 8->8 / total 399->399 HARD 0->0 採用0回（日割当:0 / 柔軟日割当:0） [頭打ち=改善手なし] 残存: 職員A Dﾃ(禁止連続×10: 9/10・9/11・候補なし×8・希望固定×6・柔軟日割当候補なし×1・日割当候補なし×1), 職員D A4(不採用×8 主因 c1:8・希望固定×6・候補なし×3・柔軟日割当候補なし×1・range後回し×1・日割当候補なし×1), 職員H Aｱ(range後回し×6・不採用×4 主因 c1:4・柔軟日割当候補なし×1・日割当候補なし×1) / 結合候補: tryRelocate×19 / 結合探索: 200通り試行/1ms→無駄打ち回避で早期終了
sept2026,120,3,v2	31909	FairPolish	グループ内公平化(fair)研磨: fair 17->17 / total 399->399 HARD 0->0 採用0回 [頭打ち=改善手なし] 不採用197件(ピン破り:1 重み悪化:196)(主因 low:128 c1:64 c3m:4) 残存: 職員E 有, 職員B 休, 職員B Cｵ, 職員B Cｱ, 職員E Cｱ, 職員C B4, 職員E B4, 職員B 有, 職員C 有, 職員G Dﾃ, 職員I Aｱ, 職員I B4, 職員J B4, 職員G 有, 職員I 有 / 結合候補: FairChain×192 / 結合探索: 200通り試行/5ms→無駄打ち回避で早期終了
sept2026,120,3,v2	36472	C1EjectionChain	期間要件(c1)玉突き連鎖v2[起点18/候補1032238/評価1176957/試行1201/採用0/採用深さ最大0/重複除外544/終了時間切れ/時間切れ1/3000ms]: c1 79->79 score 5237->5237 HARD 0->0 total 399->399 族差 
sept2026,120,3,v2	37263	POST	後処理タイミング 総7162ms: HF80=20ms HF67=21ms HF66=1ms 巡回研磨(厳密日割当+c1/c3/range/apt/fair+曜日/交互)=1826ms C1共同LNS=4503ms 個人共同LNS=791ms 最終検査+HF70=0ms
sept2026,120,3,v2	37263	POST	後処理パス別 計7159ms: C1玉突き連鎖=3000ms(41%) C1共同LNS=1503ms(20%) C1広域ビーム=1234ms(17%) 個人回数共同LNS=746ms(10%) C1時系列フロー=235ms(3%) ComponentRepair=96ms(1%) C1索引修復=80ms(1%) BlockRotationPolish=66ms(0%)
sept2026,120,3,v2	37263	UnifiedCheck	合計=399 | HARD=0 [groupViol=0 c3n=0 covU=0 pref=0 c3w=0] | SOFT=399 [c1=79 c3m=62 c42=3 covO=23 high=8 apt=5 fair=17 weekly=202] (0ms)
sept2026,120,3,v2	31735	C1BeamPolish	期間要件(c1)研磨[ビーム K=16 steps=60/1234ms]: c1 79->79 / total 399->399 score 5237->5237 HARD 0->0 手数0 [探索結果が根に勝てず破棄]
sept2026,120,3,v2	31834	RangePolish	個人回数(low/high)玉突き研磨: low 0->0 / high 8->8 / total 399->399 HARD 0->0 採用0回（日割当:0 / 柔軟日割当:0） [頭打ち=改善手なし] 残存: 職員A Dﾃ(禁止連続×10: 9/10・9/11・候補なし×8・希望固定×6・柔軟日割当候補なし×1・日割当候補なし×1), 職員D A4(不採用×8 主因 c1:8・希望固定×6・候補なし×3・柔軟日割当候補なし×1・range後回し×1・日割当候補なし×1), 職員H Aｱ(range後回し×6・不採用×4 主因 c1:4・柔軟日割当候補なし×1・日割当候補なし×1) / 結合候補: tryRelocate×19 / 結合探索: 200通り試行/1ms→無駄打ち回避で早期終了
sept2026,120,3,v2	31909	FairPolish	グループ内公平化(fair)研磨: fair 17->17 / total 399->399 HARD 0->0 採用0回 [頭打ち=改善手なし] 不採用197件(ピン破り:1 重み悪化:196)(主因 low:128 c1:64 c3m:4) 残存: 職員E 有, 職員B 休, 職員B Cｵ, 職員B Cｱ, 職員E Cｱ, 職員C B4, 職員E B4, 職員B 有, 職員C 有, 職員G Dﾃ, 職員I Aｱ, 職員I B4, 職員J B4, 職員G 有, 職員I 有 / 結合候補: FairChain×192 / 結合探索: 200通り試行/5ms→無駄打ち回避で早期終了
sept2026,120,3,v2	36472	C1EjectionChain	期間要件(c1)玉突き連鎖v2[起点18/候補1032238/評価1176957/試行1201/採用0/採用深さ最大0/重複除外544/終了時間切れ/時間切れ1/3000ms]: c1 79->79 score 5237->5237 HARD 0->0 total 399->399 族差 
sept2026,120,3,v2	37263	POST	後処理タイミング 総7162ms: HF80=20ms HF67=21ms HF66=1ms 巡回研磨(厳密日割当+c1/c3/range/apt/fair+曜日/交互)=1826ms C1共同LNS=4503ms 個人共同LNS=791ms 最終検査+HF70=0ms
sept2026,120,3,v2	37263	POST	後処理パス別 計7159ms: C1玉突き連鎖=3000ms(41%) C1共同LNS=1503ms(20%) C1広域ビーム=1234ms(17%) 個人回数共同LNS=746ms(10%) C1時系列フロー=235ms(3%) ComponentRepair=96ms(1%) C1索引修復=80ms(1%) BlockRotationPolish=66ms(0%)
sept2026,120,3,off	29016	V6Dispatcher	完了 algorithm=RSI HARD=0 total=399 elapsed=29014ms
sept2026,120,3,off	30006	V6Dispatcher	完了 algorithm=ALNS HARD=0 total=399 elapsed=990ms
sept2026,120,3,off	31881	C1BeamPolish	期間要件(c1)研磨[ビーム K=16 steps=60/1301ms]: c1 71->71 / total 406->406 score 5140->5140 HARD 0->0 手数0 [探索結果が根に勝てず破棄]
sept2026,120,3,off	31931	RangePolish	個人回数(low/high)玉突き研磨: low 1->1 / high 9->9 / total 406->406 HARD 0->0 採用0回（日割当:0 / 柔軟日割当:0） [頭打ち=改善手なし] 残存: 職員A Dﾃ(禁止連続×10: 9/10・9/11・候補なし×8・希望固定×6・柔軟日割当候補なし×1・日割当候補なし×1), 職員D A4(希望固定×6: 9/10・9/11・不採用×6 主因 c1:6・候補なし×3・range後回し×3・柔軟日割当候補なし×1・日割当候補なし×1), 職員E Cｵ(希望固定×12: 9/1・9/3・9/10・9/12・9/13・9/14ほか6日・禁止連続×5・range後回し×5・不採用×3 主因 c1:2 low:1), 職員H Aｱ(range後回し×7・不採用×5 主因 c1:5・柔軟日割当候補なし×1・日割当候補なし×1) / 結合候補: tryRelocate×29 / 結合探索: 200通り試行/1ms→無駄打ち回避で早期終了
sept2026,120,3,off	32014	FairPolish	グループ内公平化(fair)研磨: fair 19->19 / total 406->406 HARD 0->0 採用0回 [頭打ち=改善手なし] 不採用203件(ピン破り:3 重み悪化:199 同値:1)(主因 low:101 c1:94 c3m:2) 残存: 職員E 有, 職員B 休, 職員B Cｵ, 職員C 休, 職員E Cｱ, 職員C B4, 職員E B4, 職員B 有, 職員C 有, 職員G Dﾃ, 職員I Cｱ, 職員I B4, 職員J B4, 職員G 有, 職員I 有 / 結合候補: FairChain×200 / 結合探索: 200通り試行/6ms→無駄打ち回避で早期終了
sept2026,120,3,off	38691	POST	後処理タイミング 総8587ms: HF80=19ms HF67=26ms HF66=2ms 巡回研磨(厳密日割当+c1/c3/range/apt/fair+曜日/交互)=6390ms C1共同LNS=1504ms 個人共同LNS=646ms 最終検査+HF70=0ms
sept2026,120,3,off	38691	POST	後処理パス別 計8581ms: C1広域ビーム=4318ms(50%) C1共同LNS=1504ms(17%) C1時系列フロー=791ms(9%) 個人回数共同LNS=577ms(6%) ComponentRepair=398ms(4%) C1索引修復=333ms(3%) C1同日交換=77ms(0%) C3SequencePolish=77ms(0%)
sept2026,120,3,off	38691	UnifiedCheck	合計=401 | HARD=0 [groupViol=0 c3n=0 covU=0 pref=0 c3w=0] | SOFT=401 [c1=65 c3m=58 c3mn=1 c42=4 covO=24 low=2 high=10 apt=7 fair=17 weekly=213] (0ms)
sept2026,120,3,off	31881	C1BeamPolish	期間要件(c1)研磨[ビーム K=16 steps=60/1301ms]: c1 71->71 / total 406->406 score 5140->5140 HARD 0->0 手数0 [探索結果が根に勝てず破棄]
sept2026,120,3,off	31931	RangePolish	個人回数(low/high)玉突き研磨: low 1->1 / high 9->9 / total 406->406 HARD 0->0 採用0回（日割当:0 / 柔軟日割当:0） [頭打ち=改善手なし] 残存: 職員A Dﾃ(禁止連続×10: 9/10・9/11・候補なし×8・希望固定×6・柔軟日割当候補なし×1・日割当候補なし×1), 職員D A4(希望固定×6: 9/10・9/11・不採用×6 主因 c1:6・候補なし×3・range後回し×3・柔軟日割当候補なし×1・日割当候補なし×1), 職員E Cｵ(希望固定×12: 9/1・9/3・9/10・9/12・9/13・9/14ほか6日・禁止連続×5・range後回し×5・不採用×3 主因 c1:2 low:1), 職員H Aｱ(range後回し×7・不採用×5 主因 c1:5・柔軟日割当候補なし×1・日割当候補なし×1) / 結合候補: tryRelocate×29 / 結合探索: 200通り試行/1ms→無駄打ち回避で早期終了
sept2026,120,3,off	32014	FairPolish	グループ内公平化(fair)研磨: fair 19->19 / total 406->406 HARD 0->0 採用0回 [頭打ち=改善手なし] 不採用203件(ピン破り:3 重み悪化:199 同値:1)(主因 low:101 c1:94 c3m:2) 残存: 職員E 有, 職員B 休, 職員B Cｵ, 職員C 休, 職員E Cｱ, 職員C B4, 職員E B4, 職員B 有, 職員C 有, 職員G Dﾃ, 職員I Cｱ, 職員I B4, 職員J B4, 職員G 有, 職員I 有 / 結合候補: FairChain×200 / 結合探索: 200通り試行/6ms→無駄打ち回避で早期終了
sept2026,120,3,off	38691	POST	後処理タイミング 総8587ms: HF80=19ms HF67=26ms HF66=2ms 巡回研磨(厳密日割当+c1/c3/range/apt/fair+曜日/交互)=6390ms C1共同LNS=1504ms 個人共同LNS=646ms 最終検査+HF70=0ms
sept2026,120,3,off	38691	POST	後処理パス別 計8581ms: C1広域ビーム=4318ms(50%) C1共同LNS=1504ms(17%) C1時系列フロー=791ms(9%) 個人回数共同LNS=577ms(6%) ComponentRepair=398ms(4%) C1索引修復=333ms(3%) C1同日交換=77ms(0%) C3SequencePolish=77ms(0%)
