golden,60,1,on	28268	V6Dispatcher	完了 algorithm=RSI HARD=0 total=336 elapsed=28120ms
golden,60,1,on	30280	V6Dispatcher	完了 algorithm=ALNS HARD=0 total=336 elapsed=2013ms
golden,60,1,on	30549	C1Polish	期間要件(c1)研磨: c1 89->88 / total 335->334 HARD 0->0 採用1回(鏡像:0 自己:0 再配置:1) 残存: 古泉 健一 休(14日5回)(不採用×30 主因 c1:12 c3n:12), 山本昌幸 休(14日5回)(不採用×36 主因 low:15 c3n:12), 福澤俊陽 Dﾃ(14日2回)(不採用×12 主因 c3n:6 c1:3), 福澤俊陽 休(14日5回)(不採用×13 主因 c1:6 c3n:5), 佐藤直美 Dﾃ(14日2回)(不採用×21 主因 c3n:17 c1:4), 佐藤直美 休(14日5回)(不採用×27 主因 low:9 c1:9), 吉江雄貴 Dﾃ(14日2回)(不採用×25 主因 c3n:18 c1:5), 吉江雄貴 休(14日5回)(不採用×23 主因 low:13 c3n:7), 金沢勇輝 Dﾃ(14日2回)(不採用×16 主因 c3n:13 c1:2), 金沢勇輝 休(14日5回)(不採用×23 主因 c1:12 c3n:6), モニカ Dﾃ(14日2回)(不採用×11 主因 c3n:8 c1:3), モニカ 休(14日5回)(不採用×25 主因 low:16 c1:5), アリフ Dﾃ(14日2回)(不採用×7 主因 low:3 c3n:3), アリフ 休(14日5回)(不採用×18 主因 c3n:8 c1:6) / 結合候補: 手B×117 / 結合探索: 200通り試行/1ms→無駄打ち回避で早期終了
golden,60,1,on	31900	C1BeamPolish	期間要件(c1)研磨[ビーム K=16 steps=60/751ms]: c1 88->88 / total 334->334 score 6528->6528 HARD 0->0 手数0 [探索結果が根に勝てず破棄]
golden,60,1,on	32174	C3mnPolish	回避パターン(c3mn)研磨: c3mn 3->3 / total 334->334 HARD 0->0 採用0回 [頭打ち=改善手なし] 不採用10件(ピン破り:2 重み悪化:8)(主因 low:3 high:2 c1:2) 残存: 吉江雄貴, モニカ, アリフ / 結合候補: C3mnAlt×10 / 結合探索: 200通り試行/1ms→無駄打ち回避で早期終了
golden,60,1,on	32211	RangePolish	個人回数(low/high)玉突き研磨: low 5->5 / high 5->5 / total 334->334 HARD 0->0 採用0回（日割当:0 / 柔軟日割当:0） [頭打ち=改善手なし] 残存: モニカ 有(希望固定×10: 12/1・12/5・12/6・12/7・12/8・12/12ほか4日・不採用×10 主因 c1:10・range後回し×9・候補なし×2), 山本昌幸 Cｵ(不採用×13 主因 c1:10 low:3・range後回し×13・候補なし×12・禁止連続×6・柔軟日割当候補なし×1・日割当候補なし×1・ピン破り×1), 山本昌幸 B4(不採用×9 主因 c1:8 c2:1・range後回し×8・希望固定×6・候補なし×5・禁止連続×2・ピン破り×1), 福澤俊陽 B4(希望固定×12: 12/2・12/4・12/5・12/6・12/7・12/10ほか6日・不採用×8 主因 c1:7 c2:1・候補なし×4・range後回し×4・禁止連続×3), 桒澤美幸 休(希望固定×16: 12/6・12/11・12/13・12/17・12/23・12/29ほか2日・不採用×10 主因 c1:10・柔軟日割当候補なし×1・日割当候補なし×1), モニカ Aｱ(不採用×19 主因 c1:11 low:3・希望固定×15・禁止連続×5・候補なし×3・range後回し×3・柔軟日割当候補なし×1・日割当候補なし×1), モニカ B4(希望固定×10: 12/1・12/5・12/6・12/7・12/8・12/12ほか4日・range後回し×9・不採用×7 主因 c1:7・禁止連続×4・候補なし×1), アリフ B4(不採用×10 主因 c1:9 c2:1・候補なし×6・希望固定×6・range後回し×5・禁止連続×4) / 結合候補: tryRelocate×139 / 結合探索: 200通り試行/1ms→無駄打ち回避で早期終了
golden,60,1,on	39067	POST	後処理タイミング 総8738ms: HF80=105ms HF67=14ms HF66=2ms 巡回研磨(厳密日割当+c1/c3/range/apt/fair+曜日/交互)=5355ms C1共同LNS=1514ms 個人共同LNS=1747ms 最終検査+HF70=1ms
golden,60,1,on	39070	POST	後処理パス別 計8684ms: C1広域ビーム=2193ms(25%) 個人回数共同LNS=1706ms(19%) C1共同LNS=1513ms(17%) C1時系列フロー=1383ms(15%) ComponentRepair=507ms(5%) C1厳密窓=233ms(2%) AnchoredWindowSwap=193ms(2%) C1索引修復=165ms(1%)
golden,60,1,on	39065	UnifiedCheck	合計=321 | HARD=0 [groupViol=0 c3n=0 covU=0 pref=0 c3w=0] | SOFT=321 [c1=73 c2=1 c3=35 c3m=39 c3mn=2 c42=8 covO=1 low=5 high=5 fair=1 weekly=151] (0ms)
golden,60,1,on	30549	C1Polish	期間要件(c1)研磨: c1 89->88 / total 335->334 HARD 0->0 採用1回(鏡像:0 自己:0 再配置:1) 残存: 古泉 健一 休(14日5回)(不採用×30 主因 c1:12 c3n:12), 山本昌幸 休(14日5回)(不採用×36 主因 low:15 c3n:12), 福澤俊陽 Dﾃ(14日2回)(不採用×12 主因 c3n:6 c1:3), 福澤俊陽 休(14日5回)(不採用×13 主因 c1:6 c3n:5), 佐藤直美 Dﾃ(14日2回)(不採用×21 主因 c3n:17 c1:4), 佐藤直美 休(14日5回)(不採用×27 主因 low:9 c1:9), 吉江雄貴 Dﾃ(14日2回)(不採用×25 主因 c3n:18 c1:5), 吉江雄貴 休(14日5回)(不採用×23 主因 low:13 c3n:7), 金沢勇輝 Dﾃ(14日2回)(不採用×16 主因 c3n:13 c1:2), 金沢勇輝 休(14日5回)(不採用×23 主因 c1:12 c3n:6), モニカ Dﾃ(14日2回)(不採用×11 主因 c3n:8 c1:3), モニカ 休(14日5回)(不採用×25 主因 low:16 c1:5), アリフ Dﾃ(14日2回)(不採用×7 主因 low:3 c3n:3), アリフ 休(14日5回)(不採用×18 主因 c3n:8 c1:6) / 結合候補: 手B×117 / 結合探索: 200通り試行/1ms→無駄打ち回避で早期終了
golden,60,1,on	31900	C1BeamPolish	期間要件(c1)研磨[ビーム K=16 steps=60/751ms]: c1 88->88 / total 334->334 score 6528->6528 HARD 0->0 手数0 [探索結果が根に勝てず破棄]
golden,60,1,on	32174	C3mnPolish	回避パターン(c3mn)研磨: c3mn 3->3 / total 334->334 HARD 0->0 採用0回 [頭打ち=改善手なし] 不採用10件(ピン破り:2 重み悪化:8)(主因 low:3 high:2 c1:2) 残存: 吉江雄貴, モニカ, アリフ / 結合候補: C3mnAlt×10 / 結合探索: 200通り試行/1ms→無駄打ち回避で早期終了
golden,60,1,on	32211	RangePolish	個人回数(low/high)玉突き研磨: low 5->5 / high 5->5 / total 334->334 HARD 0->0 採用0回（日割当:0 / 柔軟日割当:0） [頭打ち=改善手なし] 残存: モニカ 有(希望固定×10: 12/1・12/5・12/6・12/7・12/8・12/12ほか4日・不採用×10 主因 c1:10・range後回し×9・候補なし×2), 山本昌幸 Cｵ(不採用×13 主因 c1:10 low:3・range後回し×13・候補なし×12・禁止連続×6・柔軟日割当候補なし×1・日割当候補なし×1・ピン破り×1), 山本昌幸 B4(不採用×9 主因 c1:8 c2:1・range後回し×8・希望固定×6・候補なし×5・禁止連続×2・ピン破り×1), 福澤俊陽 B4(希望固定×12: 12/2・12/4・12/5・12/6・12/7・12/10ほか6日・不採用×8 主因 c1:7 c2:1・候補なし×4・range後回し×4・禁止連続×3), 桒澤美幸 休(希望固定×16: 12/6・12/11・12/13・12/17・12/23・12/29ほか2日・不採用×10 主因 c1:10・柔軟日割当候補なし×1・日割当候補なし×1), モニカ Aｱ(不採用×19 主因 c1:11 low:3・希望固定×15・禁止連続×5・候補なし×3・range後回し×3・柔軟日割当候補なし×1・日割当候補なし×1), モニカ B4(希望固定×10: 12/1・12/5・12/6・12/7・12/8・12/12ほか4日・range後回し×9・不採用×7 主因 c1:7・禁止連続×4・候補なし×1), アリフ B4(不採用×10 主因 c1:9 c2:1・候補なし×6・希望固定×6・range後回し×5・禁止連続×4) / 結合候補: tryRelocate×139 / 結合探索: 200通り試行/1ms→無駄打ち回避で早期終了
golden,60,1,on	39067	POST	後処理タイミング 総8738ms: HF80=105ms HF67=14ms HF66=2ms 巡回研磨(厳密日割当+c1/c3/range/apt/fair+曜日/交互)=5355ms C1共同LNS=1514ms 個人共同LNS=1747ms 最終検査+HF70=1ms
golden,60,1,on	39070	POST	後処理パス別 計8684ms: C1広域ビーム=2193ms(25%) 個人回数共同LNS=1706ms(19%) C1共同LNS=1513ms(17%) C1時系列フロー=1383ms(15%) ComponentRepair=507ms(5%) C1厳密窓=233ms(2%) AnchoredWindowSwap=193ms(2%) C1索引修復=165ms(1%)
golden,60,1,off	28023	V6Dispatcher	完了 algorithm=RSI HARD=0 total=334 elapsed=28021ms
golden,60,1,off	30027	V6Dispatcher	完了 algorithm=ALNS HARD=0 total=334 elapsed=2004ms
golden,60,1,off	31030	C1BeamPolish	期間要件(c1)研磨[ビーム K=16 steps=60/658ms]: c1 88->88 / total 331->331 score 6382->6382 HARD 0->0 手数0 [探索結果が根に勝てず破棄]
golden,60,1,off	31185	FairPolish	グループ内公平化(fair)研磨: fair 2->2 / total 323->323 HARD 0->0 採用0回 [頭打ち=改善手なし] 不採用22件(重み悪化:22)(主因 c1:18 c3mn:2 low:2) 残存: 山本昌幸 Dﾃ, 山本昌幸 Cｵ / 結合候補: FairChain×22 / 結合探索: 200通り試行/1ms→無駄打ち回避で早期終了
golden,60,1,off	34756	POST	後処理タイミング 総4716ms: HF80=16ms HF67=15ms HF66=2ms 巡回研磨(厳密日割当+c1/c3/range/apt/fair+曜日/交互)=2003ms C1共同LNS=1505ms 個人共同LNS=1174ms 最終検査+HF70=1ms
golden,60,1,off	34756	POST	後処理パス別 計4709ms: C1共同LNS=1505ms(31%) 個人回数共同LNS=1131ms(24%) C1広域ビーム=872ms(18%) C1時系列フロー=449ms(9%) ComponentRepair=246ms(5%) C1厳密窓=111ms(2%) C1索引修復=77ms(1%) AdaptiveBlockSwapPolish=42ms(0%)
golden,60,1,off	34755	UnifiedCheck	合計=319 | HARD=0 [groupViol=0 c3n=0 covU=0 pref=0 c3w=0] | SOFT=319 [c1=88 c2=1 c3=31 c3m=37 c3mn=1 c42=6 low=5 high=5 fair=2 weekly=143] (0ms)
golden,60,1,off	31030	C1BeamPolish	期間要件(c1)研磨[ビーム K=16 steps=60/658ms]: c1 88->88 / total 331->331 score 6382->6382 HARD 0->0 手数0 [探索結果が根に勝てず破棄]
golden,60,1,off	31185	FairPolish	グループ内公平化(fair)研磨: fair 2->2 / total 323->323 HARD 0->0 採用0回 [頭打ち=改善手なし] 不採用22件(重み悪化:22)(主因 c1:18 c3mn:2 low:2) 残存: 山本昌幸 Dﾃ, 山本昌幸 Cｵ / 結合候補: FairChain×22 / 結合探索: 200通り試行/1ms→無駄打ち回避で早期終了
golden,60,1,off	34756	POST	後処理タイミング 総4716ms: HF80=16ms HF67=15ms HF66=2ms 巡回研磨(厳密日割当+c1/c3/range/apt/fair+曜日/交互)=2003ms C1共同LNS=1505ms 個人共同LNS=1174ms 最終検査+HF70=1ms
golden,60,1,off	34756	POST	後処理パス別 計4709ms: C1共同LNS=1505ms(31%) 個人回数共同LNS=1131ms(24%) C1広域ビーム=872ms(18%) C1時系列フロー=449ms(9%) ComponentRepair=246ms(5%) C1厳密窓=111ms(2%) C1索引修復=77ms(1%) AdaptiveBlockSwapPolish=42ms(0%)
golden,60,2,off	24500	V6Dispatcher	完了 algorithm=RSI HARD=0 total=321 elapsed=24499ms
golden,60,2,off	44502	V6Dispatcher	完了 algorithm=ALNS HARD=0 total=347 elapsed=20001ms
golden,60,2,off	44674	C1Polish	期間要件(c1)研磨: c1 75->74 / total 338->335 HARD 0->0 採用1回(鏡像:0 自己:0 再配置:1) 残存: 古泉 健一 休(14日5回)(不採用×29 主因 c1:18 c3n:8), 山本昌幸 Dﾃ(14日2回)(不採用×17 主因 c3n:13 c1:3), 山本昌幸 休(14日5回)(不採用×21 主因 c1:10 c3n:8), 福澤俊陽 Dﾃ(14日2回)(不採用×6 主因 c3n:4 c1:2), 福澤俊陽 休(14日5回)(不採用×16 主因 c1:7 c3n:6), 佐藤直美 休(14日5回)(不採用×18 主因 c1:8 c3n:6), 吉江雄貴 Dﾃ(14日2回)(不採用×16 主因 c3n:10 low:2), 吉江雄貴 休(14日5回)(不採用×23 主因 low:9 c3n:8), 金沢勇輝 Dﾃ(14日2回)(不採用×17 主因 c3n:14 low:1), 金沢勇輝 休(14日5回)(不採用×20 主因 c1:13 c3n:5), モニカ 休(14日5回)(不採用×18 主因 c1:10 low:4), アリフ Dﾃ(14日2回)(不採用×16 主因 c3n:11 c1:4), アリフ 休(14日5回)(不採用×28 主因 low:13 c3n:10), 古泉 健一 Dﾃ(14日2回)(不採用×14 主因 c3n:10 c1:3) / 結合候補: 手R3×2 手B×107 / 結合探索: 200通り試行/1ms→無駄打ち回避で早期終了
golden,60,2,off	45504	C1BeamPolish	期間要件(c1)研磨[ビーム K=16 steps=60/574ms]: c1 74->73 / total 335->334 score 6078->6077 HARD 0->0 手数2
golden,60,2,off	45546	RangePolish	個人回数(low/high)玉突き研磨: low 7->7 / high 6->6 / total 335->335 HARD 0->0 採用0回（日割当:0 / 柔軟日割当:0） [頭打ち=改善手なし] 残存: 古泉 健一 有(不採用×9 主因 c1:8 c3mn:1・希望固定×8・range後回し×8・候補なし×4・ピン破り×2), モニカ 有(希望固定×10: 12/1・12/5・12/6・12/7・12/8・12/12ほか4日・不採用×9 主因 c1:8 c3mn:1・range後回し×9・候補なし×2・ピン破り×1), アリフ 有(不採用×11 主因 c1:11・候補なし×7・希望固定×6・range後回し×6・ピン破り×1), 古泉 健一 休(range後回し×8・不採用×7 主因 c1:6 c3:1・候補なし×4・希望固定×3), 古泉 健一 A4(range後回し×19・禁止連続×12・希望固定×5・不採用×5 主因 low:2 c1:2・候補なし×3・柔軟日割当候補なし×1・日割当候補なし×1・ピン破り×1), 桒澤美幸 休(希望固定×16: 12/6・12/11・12/13・12/17・12/23・12/29ほか2日・不採用×10 主因 c1:10・柔軟日割当候補なし×1・日割当候補なし×1), 佐藤直美 B4(不採用×8 主因 c1:7 c2:1・希望固定×7・range後回し×6・候補なし×4・禁止連続×4・ピン破り×2), 吉江雄貴 B4(候補なし×7・不採用×7 主因 c1:5 c3:1・range後回し×7・希望固定×6・禁止連続×4), モニカ 休(希望固定×30: 12/1・12/6・12/7・12/25・12/26・12/27・不採用×15 主因 c1:15・禁止連続×10・柔軟日割当候補なし×1・日割当候補なし×1), アリフ Aｱ(候補なし×15・希望固定×10・不採用×8 主因 low:3 c3mn:2・禁止連続×5・range後回し×5・ピン破り×2・柔軟日割当候補なし×1・日割当候補なし×1), アリフ B4(不採用×10 主因 c1:10・候補なし×6・希望固定×6・range後回し×5・禁止連続×3・ピン破り×1) / 結合候補: tryRelocate×182 / 結合探索: 200通り試行/1ms→無駄打ち回避で早期終了
golden,60,2,off	45628	FairPolish	グループ内公平化(fair)研磨: fair 4->4 / total 332->332 HARD 0->0 採用0回 [頭打ち=改善手なし] 不採用34件(重み悪化:34)(主因 c1:24 low:9 fair:1) 残存: 山本昌幸 Dﾃ, 福澤俊陽 Dﾃ, 佐藤直美 A4, 山本昌幸 Cｵ / 結合候補: FairChain×34 / 結合探索: 200通り試行/1ms→無駄打ち回避で早期終了
golden,60,2,off	51212	POST	後処理タイミング 総6587ms: HF80=13ms HF67=9ms HF66=2ms 巡回研磨(厳密日割当+c1/c3/range/apt/fair+曜日/交互)=3992ms C1共同LNS=1504ms 個人共同LNS=1067ms 最終検査+HF70=0ms
golden,60,2,off	51212	POST	後処理パス別 計6582ms: C1広域ビーム=1909ms(29%) C1共同LNS=1504ms(22%) C1時系列フロー=1026ms(15%) 個人回数共同LNS=1006ms(15%) ComponentRepair=372ms(5%) C1索引修復=142ms(2%) BlockRotationPolish=119ms(1%) AnchoredWindowSwap=94ms(1%)
golden,60,2,off	51212	UnifiedCheck	合計=323 | HARD=0 [groupViol=0 c3n=0 covU=0 pref=0 c3w=0] | SOFT=323 [c1=69 c2=3 c3=36 c3m=32 c3mn=2 c42=8 covO=2 low=7 high=5 fair=3 weekly=156] (0ms)
golden,60,2,off	44674	C1Polish	期間要件(c1)研磨: c1 75->74 / total 338->335 HARD 0->0 採用1回(鏡像:0 自己:0 再配置:1) 残存: 古泉 健一 休(14日5回)(不採用×29 主因 c1:18 c3n:8), 山本昌幸 Dﾃ(14日2回)(不採用×17 主因 c3n:13 c1:3), 山本昌幸 休(14日5回)(不採用×21 主因 c1:10 c3n:8), 福澤俊陽 Dﾃ(14日2回)(不採用×6 主因 c3n:4 c1:2), 福澤俊陽 休(14日5回)(不採用×16 主因 c1:7 c3n:6), 佐藤直美 休(14日5回)(不採用×18 主因 c1:8 c3n:6), 吉江雄貴 Dﾃ(14日2回)(不採用×16 主因 c3n:10 low:2), 吉江雄貴 休(14日5回)(不採用×23 主因 low:9 c3n:8), 金沢勇輝 Dﾃ(14日2回)(不採用×17 主因 c3n:14 low:1), 金沢勇輝 休(14日5回)(不採用×20 主因 c1:13 c3n:5), モニカ 休(14日5回)(不採用×18 主因 c1:10 low:4), アリフ Dﾃ(14日2回)(不採用×16 主因 c3n:11 c1:4), アリフ 休(14日5回)(不採用×28 主因 low:13 c3n:10), 古泉 健一 Dﾃ(14日2回)(不採用×14 主因 c3n:10 c1:3) / 結合候補: 手R3×2 手B×107 / 結合探索: 200通り試行/1ms→無駄打ち回避で早期終了
golden,60,2,off	45504	C1BeamPolish	期間要件(c1)研磨[ビーム K=16 steps=60/574ms]: c1 74->73 / total 335->334 score 6078->6077 HARD 0->0 手数2
golden,60,2,off	45546	RangePolish	個人回数(low/high)玉突き研磨: low 7->7 / high 6->6 / total 335->335 HARD 0->0 採用0回（日割当:0 / 柔軟日割当:0） [頭打ち=改善手なし] 残存: 古泉 健一 有(不採用×9 主因 c1:8 c3mn:1・希望固定×8・range後回し×8・候補なし×4・ピン破り×2), モニカ 有(希望固定×10: 12/1・12/5・12/6・12/7・12/8・12/12ほか4日・不採用×9 主因 c1:8 c3mn:1・range後回し×9・候補なし×2・ピン破り×1), アリフ 有(不採用×11 主因 c1:11・候補なし×7・希望固定×6・range後回し×6・ピン破り×1), 古泉 健一 休(range後回し×8・不採用×7 主因 c1:6 c3:1・候補なし×4・希望固定×3), 古泉 健一 A4(range後回し×19・禁止連続×12・希望固定×5・不採用×5 主因 low:2 c1:2・候補なし×3・柔軟日割当候補なし×1・日割当候補なし×1・ピン破り×1), 桒澤美幸 休(希望固定×16: 12/6・12/11・12/13・12/17・12/23・12/29ほか2日・不採用×10 主因 c1:10・柔軟日割当候補なし×1・日割当候補なし×1), 佐藤直美 B4(不採用×8 主因 c1:7 c2:1・希望固定×7・range後回し×6・候補なし×4・禁止連続×4・ピン破り×2), 吉江雄貴 B4(候補なし×7・不採用×7 主因 c1:5 c3:1・range後回し×7・希望固定×6・禁止連続×4), モニカ 休(希望固定×30: 12/1・12/6・12/7・12/25・12/26・12/27・不採用×15 主因 c1:15・禁止連続×10・柔軟日割当候補なし×1・日割当候補なし×1), アリフ Aｱ(候補なし×15・希望固定×10・不採用×8 主因 low:3 c3mn:2・禁止連続×5・range後回し×5・ピン破り×2・柔軟日割当候補なし×1・日割当候補なし×1), アリフ B4(不採用×10 主因 c1:10・候補なし×6・希望固定×6・range後回し×5・禁止連続×3・ピン破り×1) / 結合候補: tryRelocate×182 / 結合探索: 200通り試行/1ms→無駄打ち回避で早期終了
golden,60,2,off	45628	FairPolish	グループ内公平化(fair)研磨: fair 4->4 / total 332->332 HARD 0->0 採用0回 [頭打ち=改善手なし] 不採用34件(重み悪化:34)(主因 c1:24 low:9 fair:1) 残存: 山本昌幸 Dﾃ, 福澤俊陽 Dﾃ, 佐藤直美 A4, 山本昌幸 Cｵ / 結合候補: FairChain×34 / 結合探索: 200通り試行/1ms→無駄打ち回避で早期終了
golden,60,2,off	51212	POST	後処理タイミング 総6587ms: HF80=13ms HF67=9ms HF66=2ms 巡回研磨(厳密日割当+c1/c3/range/apt/fair+曜日/交互)=3992ms C1共同LNS=1504ms 個人共同LNS=1067ms 最終検査+HF70=0ms
golden,60,2,off	51212	POST	後処理パス別 計6582ms: C1広域ビーム=1909ms(29%) C1共同LNS=1504ms(22%) C1時系列フロー=1026ms(15%) 個人回数共同LNS=1006ms(15%) ComponentRepair=372ms(5%) C1索引修復=142ms(2%) BlockRotationPolish=119ms(1%) AnchoredWindowSwap=94ms(1%)
golden,60,2,on	28010	V6Dispatcher	完了 algorithm=RSI HARD=0 total=331 elapsed=28009ms
golden,60,2,on	30013	V6Dispatcher	完了 algorithm=ALNS HARD=0 total=331 elapsed=2002ms
golden,60,2,on	30097	C1Polish	期間要件(c1)研磨: c1 81->81 / total 330->330 HARD 0->0 採用0回(鏡像:0 自己:0 再配置:0) [頭打ち=改善手なし] 残存: 古泉 健一 休(14日5回)(不採用×24 主因 c1:14 c3n:7), 山本昌幸 Dﾃ(14日2回)(不採用×20 主因 c3n:15 c1:4), 山本昌幸 休(14日5回)(不採用×29 主因 c1:14 c3n:11), 福澤俊陽 Dﾃ(14日2回)(不採用×10 主因 c1:5 c3n:5), 福澤俊陽 休(14日5回)(不採用×8 主因 c1:5 c3n:2), 佐藤直美 Dﾃ(14日2回)(不採用×14 主因 c3n:11 c1:3), 佐藤直美 休(14日5回)(不採用×21 主因 c1:13 c3n:5), 吉江雄貴 Dﾃ(14日2回)(不採用×10 主因 c3n:9 low:1), 吉江雄貴 休(14日5回)(不採用×27 主因 c1:15 c3n:9), 金沢勇輝 Dﾃ(14日2回)(不採用×15 主因 c3n:9 c1:4), 金沢勇輝 休(14日5回)(不採用×21 主因 c1:10 low:6), モニカ Dﾃ(14日2回)(不採用×18 主因 c3n:15 low:2), モニカ 休(14日5回)(不採用×26 主因 c1:23 c3n:2), アリフ Dﾃ(14日2回)(不採用×10 主因 c3n:4 low:3), アリフ 休(14日5回)(不採用×21 主因 c1:9 c3n:9), 古泉 健一 Dﾃ(14日2回)(不採用×13 主因 c3n:8 c1:4) / 結合候補: 手B×123 / 結合探索: 200通り試行/2ms→無駄打ち回避で早期終了
golden,60,2,on	30570	C1BeamPolish	期間要件(c1)研磨[ビーム K=16 steps=22/196ms/最良が20手更新されず打ち切り]: c1 81->81 / total 330->330 score 6356->6356 HARD 0->0 手数0 [探索結果が根に勝てず破棄]
golden,60,2,on	30609	RangePolish	個人回数(low/high)玉突き研磨: low 5->5 / high 6->6 / total 334->334 HARD 0->0 採用0回（日割当:0 / 柔軟日割当:0） [頭打ち=改善手なし] 残存: 古泉 健一 有(不採用×9 主因 c1:9・range後回し×9・希望固定×8・候補なし×4・ピン破り×1), 古泉 健一 A4(不採用×12 主因 c1:8 low:4・禁止連続×11・range後回し×11・候補なし×6・希望固定×5・柔軟日割当候補なし×1・日割当候補なし×1), 山本昌幸 B4(range後回し×11・不採用×8 主因 c1:6 low:1・希望固定×6・候補なし×5・禁止連続×1), 桒澤美幸 休(希望固定×16: 12/6・12/11・12/13・12/17・12/23・12/29ほか2日・不採用×10 主因 c1:10・柔軟日割当候補なし×1・日割当候補なし×1), 吉江雄貴 B4(不採用×8 主因 c1:7 c3mn:1・候補なし×7・希望固定×6・禁止連続×5・range後回し×5), 金沢勇輝 Cｱ(range後回し×15・希望固定×10・不採用×9 主因 c3mn:5 low:3・候補なし×6・禁止連続×5・柔軟日割当候補なし×1・日割当候補なし×1), 金沢勇輝 B4(希望固定×8: 12/1・12/3・12/4・12/8・12/18・12/21ほか2日・不採用×8 主因 c1:7 c3mn:1・range後回し×7・候補なし×5・禁止連続×3), モニカ 休(不採用×11 主因 c1:8 c3:2・range後回し×5・希望固定×4・候補なし×2), モニカ Aｱ(不採用×18 主因 c1:15 c3mn:3・希望固定×15・禁止連続×6・候補なし×3・range後回し×3・柔軟日割当候補なし×1・日割当候補なし×1) / 結合候補: tryRelocate×160 / 結合探索: 200通り試行/1ms→無駄打ち回避で早期終了
golden,60,2,on	33998	POST	後処理タイミング 総3947ms: HF80=10ms HF67=8ms HF66=2ms 巡回研磨(厳密日割当+c1/c3/range/apt/fair+曜日/交互)=1391ms C1共同LNS=2067ms 個人共同LNS=468ms 最終検査+HF70=1ms
golden,60,2,on	33998	POST	後処理パス別 計3944ms: C1共同LNS=2067ms(52%) C1時系列フロー=493ms(12%) C1広域ビーム=413ms(10%) 個人回数共同LNS=387ms(9%) ComponentRepair=251ms(6%) C1索引修復=66ms(1%) RangePolish=41ms(1%) C1同日交換=33ms(0%)
golden,60,2,on	33997	UnifiedCheck	合計=325 | HARD=0 [groupViol=0 c3n=0 covU=0 pref=0 c3w=0] | SOFT=325 [c1=79 c2=1 c3=39 c3m=39 c3mn=3 c42=8 covO=1 low=5 high=6 fair=3 weekly=141] (0ms)
golden,60,2,on	30097	C1Polish	期間要件(c1)研磨: c1 81->81 / total 330->330 HARD 0->0 採用0回(鏡像:0 自己:0 再配置:0) [頭打ち=改善手なし] 残存: 古泉 健一 休(14日5回)(不採用×24 主因 c1:14 c3n:7), 山本昌幸 Dﾃ(14日2回)(不採用×20 主因 c3n:15 c1:4), 山本昌幸 休(14日5回)(不採用×29 主因 c1:14 c3n:11), 福澤俊陽 Dﾃ(14日2回)(不採用×10 主因 c1:5 c3n:5), 福澤俊陽 休(14日5回)(不採用×8 主因 c1:5 c3n:2), 佐藤直美 Dﾃ(14日2回)(不採用×14 主因 c3n:11 c1:3), 佐藤直美 休(14日5回)(不採用×21 主因 c1:13 c3n:5), 吉江雄貴 Dﾃ(14日2回)(不採用×10 主因 c3n:9 low:1), 吉江雄貴 休(14日5回)(不採用×27 主因 c1:15 c3n:9), 金沢勇輝 Dﾃ(14日2回)(不採用×15 主因 c3n:9 c1:4), 金沢勇輝 休(14日5回)(不採用×21 主因 c1:10 low:6), モニカ Dﾃ(14日2回)(不採用×18 主因 c3n:15 low:2), モニカ 休(14日5回)(不採用×26 主因 c1:23 c3n:2), アリフ Dﾃ(14日2回)(不採用×10 主因 c3n:4 low:3), アリフ 休(14日5回)(不採用×21 主因 c1:9 c3n:9), 古泉 健一 Dﾃ(14日2回)(不採用×13 主因 c3n:8 c1:4) / 結合候補: 手B×123 / 結合探索: 200通り試行/2ms→無駄打ち回避で早期終了
golden,60,2,on	30570	C1BeamPolish	期間要件(c1)研磨[ビーム K=16 steps=22/196ms/最良が20手更新されず打ち切り]: c1 81->81 / total 330->330 score 6356->6356 HARD 0->0 手数0 [探索結果が根に勝てず破棄]
golden,60,2,on	30609	RangePolish	個人回数(low/high)玉突き研磨: low 5->5 / high 6->6 / total 334->334 HARD 0->0 採用0回（日割当:0 / 柔軟日割当:0） [頭打ち=改善手なし] 残存: 古泉 健一 有(不採用×9 主因 c1:9・range後回し×9・希望固定×8・候補なし×4・ピン破り×1), 古泉 健一 A4(不採用×12 主因 c1:8 low:4・禁止連続×11・range後回し×11・候補なし×6・希望固定×5・柔軟日割当候補なし×1・日割当候補なし×1), 山本昌幸 B4(range後回し×11・不採用×8 主因 c1:6 low:1・希望固定×6・候補なし×5・禁止連続×1), 桒澤美幸 休(希望固定×16: 12/6・12/11・12/13・12/17・12/23・12/29ほか2日・不採用×10 主因 c1:10・柔軟日割当候補なし×1・日割当候補なし×1), 吉江雄貴 B4(不採用×8 主因 c1:7 c3mn:1・候補なし×7・希望固定×6・禁止連続×5・range後回し×5), 金沢勇輝 Cｱ(range後回し×15・希望固定×10・不採用×9 主因 c3mn:5 low:3・候補なし×6・禁止連続×5・柔軟日割当候補なし×1・日割当候補なし×1), 金沢勇輝 B4(希望固定×8: 12/1・12/3・12/4・12/8・12/18・12/21ほか2日・不採用×8 主因 c1:7 c3mn:1・range後回し×7・候補なし×5・禁止連続×3), モニカ 休(不採用×11 主因 c1:8 c3:2・range後回し×5・希望固定×4・候補なし×2), モニカ Aｱ(不採用×18 主因 c1:15 c3mn:3・希望固定×15・禁止連続×6・候補なし×3・range後回し×3・柔軟日割当候補なし×1・日割当候補なし×1) / 結合候補: tryRelocate×160 / 結合探索: 200通り試行/1ms→無駄打ち回避で早期終了
golden,60,2,on	33998	POST	後処理タイミング 総3947ms: HF80=10ms HF67=8ms HF66=2ms 巡回研磨(厳密日割当+c1/c3/range/apt/fair+曜日/交互)=1391ms C1共同LNS=2067ms 個人共同LNS=468ms 最終検査+HF70=1ms
golden,60,2,on	33998	POST	後処理パス別 計3944ms: C1共同LNS=2067ms(52%) C1時系列フロー=493ms(12%) C1広域ビーム=413ms(10%) 個人回数共同LNS=387ms(9%) ComponentRepair=251ms(6%) C1索引修復=66ms(1%) RangePolish=41ms(1%) C1同日交換=33ms(0%)
golden,60,3,on	28010	V6Dispatcher	完了 algorithm=RSI HARD=0 total=322 elapsed=28008ms
golden,60,3,on	30014	V6Dispatcher	完了 algorithm=ALNS HARD=0 total=322 elapsed=2003ms
golden,60,3,on	30141	C1Polish	期間要件(c1)研磨: c1 83->82 / total 322->323 HARD 0->0 採用1回(鏡像:0 自己:0 再配置:1) 残存: 古泉 健一 休(14日5回)(不採用×31 主因 low:11 c1:10), 山本昌幸 休(14日5回)(不採用×21 主因 low:11 c3n:6), 福澤俊陽 Dﾃ(14日2回)(不採用×9 主因 c3n:4 c1:3), 福澤俊陽 休(14日5回)(不採用×15 主因 c3n:6 low:5), 佐藤直美 Dﾃ(14日2回)(不採用×18 主因 c3n:15 low:2), 佐藤直美 休(14日5回)(不採用×31 主因 c1:14 c3n:10), 吉江雄貴 Dﾃ(14日2回)(不採用×21 主因 c3n:13 c1:6), 吉江雄貴 休(14日5回)(不採用×26 主因 c1:14 c3n:7), 金沢勇輝 Dﾃ(14日2回)(不採用×14 主因 c3n:10 c1:3), 金沢勇輝 休(14日5回)(不採用×25 主因 low:10 c1:8), モニカ Dﾃ(14日2回)(不採用×16 主因 c3n:13 c1:3), モニカ 休(14日5回)(不採用×21 主因 low:11 c1:8), アリフ Dﾃ(14日2回)(不採用×11 主因 c3n:7 low:3), アリフ 休(14日5回)(不採用×25 主因 c1:9 low:8), 古泉 健一 Dﾃ(14日2回)(不採用×21 主因 c3n:16 low:3) / 結合候補: 手B×129 / 結合探索: 200通り試行/1ms→無駄打ち回避で早期終了
golden,60,3,on	30576	C1BeamPolish	期間要件(c1)研磨[ビーム K=16 steps=22/163ms/最良が20手更新されず打ち切り]: c1 82->82 / total 323->323 score 6237->6237 HARD 0->0 手数0 [探索結果が根に勝てず破棄]
golden,60,3,on	30593	C3mnPolish	回避パターン(c3mn)研磨: c3mn 4->4 / total 321->321 HARD 0->0 採用0回 [頭打ち=改善手なし] 不採用18件(ピン破り:2 重み悪化:16)(主因 c1:10 high:3 low:3) 残存: 吉江雄貴, 金沢勇輝, モニカ, アリフ / 結合候補: C3mnAlt×18 / 結合探索: 200通り試行/1ms→無駄打ち回避で早期終了
golden,60,3,on	33463	POST	後処理タイミング 総3381ms: HF80=13ms HF67=11ms HF66=1ms 巡回研磨(厳密日割当+c1/c3/range/apt/fair+曜日/交互)=1345ms C1共同LNS=1188ms 個人共同LNS=822ms 最終検査+HF70=1ms
golden,60,3,on	33463	POST	後処理パス別 計3375ms: C1共同LNS=1188ms(35%) 個人回数共同LNS=783ms(23%) C1時系列フロー=509ms(15%) C1広域ビーム=420ms(12%) ComponentRepair=152ms(4%) C1索引修復=65ms(1%) BlockRotationPolish=38ms(1%) C1同日交換=36ms(1%)
golden,60,3,on	33462	UnifiedCheck	合計=315 | HARD=0 [groupViol=0 c3n=0 covU=0 pref=0 c3w=0] | SOFT=315 [c1=80 c2=2 c3=26 c3m=37 c3mn=4 c42=6 low=5 high=4 fair=2 weekly=149] (0ms)
golden,60,3,on	30141	C1Polish	期間要件(c1)研磨: c1 83->82 / total 322->323 HARD 0->0 採用1回(鏡像:0 自己:0 再配置:1) 残存: 古泉 健一 休(14日5回)(不採用×31 主因 low:11 c1:10), 山本昌幸 休(14日5回)(不採用×21 主因 low:11 c3n:6), 福澤俊陽 Dﾃ(14日2回)(不採用×9 主因 c3n:4 c1:3), 福澤俊陽 休(14日5回)(不採用×15 主因 c3n:6 low:5), 佐藤直美 Dﾃ(14日2回)(不採用×18 主因 c3n:15 low:2), 佐藤直美 休(14日5回)(不採用×31 主因 c1:14 c3n:10), 吉江雄貴 Dﾃ(14日2回)(不採用×21 主因 c3n:13 c1:6), 吉江雄貴 休(14日5回)(不採用×26 主因 c1:14 c3n:7), 金沢勇輝 Dﾃ(14日2回)(不採用×14 主因 c3n:10 c1:3), 金沢勇輝 休(14日5回)(不採用×25 主因 low:10 c1:8), モニカ Dﾃ(14日2回)(不採用×16 主因 c3n:13 c1:3), モニカ 休(14日5回)(不採用×21 主因 low:11 c1:8), アリフ Dﾃ(14日2回)(不採用×11 主因 c3n:7 low:3), アリフ 休(14日5回)(不採用×25 主因 c1:9 low:8), 古泉 健一 Dﾃ(14日2回)(不採用×21 主因 c3n:16 low:3) / 結合候補: 手B×129 / 結合探索: 200通り試行/1ms→無駄打ち回避で早期終了
golden,60,3,on	30576	C1BeamPolish	期間要件(c1)研磨[ビーム K=16 steps=22/163ms/最良が20手更新されず打ち切り]: c1 82->82 / total 323->323 score 6237->6237 HARD 0->0 手数0 [探索結果が根に勝てず破棄]
golden,60,3,on	30593	C3mnPolish	回避パターン(c3mn)研磨: c3mn 4->4 / total 321->321 HARD 0->0 採用0回 [頭打ち=改善手なし] 不採用18件(ピン破り:2 重み悪化:16)(主因 c1:10 high:3 low:3) 残存: 吉江雄貴, 金沢勇輝, モニカ, アリフ / 結合候補: C3mnAlt×18 / 結合探索: 200通り試行/1ms→無駄打ち回避で早期終了
golden,60,3,on	33463	POST	後処理タイミング 総3381ms: HF80=13ms HF67=11ms HF66=1ms 巡回研磨(厳密日割当+c1/c3/range/apt/fair+曜日/交互)=1345ms C1共同LNS=1188ms 個人共同LNS=822ms 最終検査+HF70=1ms
golden,60,3,on	33463	POST	後処理パス別 計3375ms: C1共同LNS=1188ms(35%) 個人回数共同LNS=783ms(23%) C1時系列フロー=509ms(15%) C1広域ビーム=420ms(12%) ComponentRepair=152ms(4%) C1索引修復=65ms(1%) BlockRotationPolish=38ms(1%) C1同日交換=36ms(1%)
golden,60,3,off	28016	V6Dispatcher	完了 algorithm=RSI HARD=0 total=338 elapsed=28014ms
golden,60,3,off	30019	V6Dispatcher	完了 algorithm=ALNS HARD=0 total=338 elapsed=2003ms
golden,60,3,off	30086	C1Polish	期間要件(c1)研磨: c1 77->77 / total 336->336 HARD 0->0 採用0回(鏡像:0 自己:0 再配置:0) [頭打ち=改善手なし] 残存: 古泉 健一 休(14日5回)(不採用×32 主因 c1:19 c3n:11), 山本昌幸 Dﾃ(14日2回)(不採用×19 主因 c3n:15 c1:3), 山本昌幸 休(14日5回)(不採用×18 主因 c1:7 low:6), 福澤俊陽 Dﾃ(14日2回)(不採用×10 主因 c1:6 c3n:4), 福澤俊陽 休(14日5回)(不採用×19 主因 c1:11 c3n:6), 佐藤直美 Dﾃ(14日2回)(不採用×11 主因 c3n:9 c1:2), 佐藤直美 休(14日5回)(不採用×23 主因 c1:13 c3n:9), 吉江雄貴 Dﾃ(14日2回)(不採用×22 主因 c3n:15 c1:6), 吉江雄貴 休(14日5回)(不採用×28 主因 c1:11 low:9), 金沢勇輝 休(14日5回)(不採用×27 主因 low:10 c1:8), モニカ Dﾃ(14日2回)(不採用×16 主因 c3n:13 c1:2), モニカ 休(14日5回)(不採用×19 主因 c1:15 c3n:3), アリフ Dﾃ(14日2回)(不採用×10 主因 c3n:6 low:2), アリフ 休(14日5回)(不採用×13 主因 c1:7 low:3) / 結合候補: 手B×108 / 結合探索: 200通り試行/1ms→無駄打ち回避で早期終了
golden,60,3,off	30860	C1BeamPolish	期間要件(c1)研磨[ビーム K=16 steps=60/543ms]: c1 77->77 / total 336->336 score 6414->6414 HARD 0->0 手数0 [探索結果が根に勝てず破棄]
golden,60,3,off	30887	C3mnPolish	回避パターン(c3mn)研磨: c3mn 3->3 / total 343->343 HARD 0->0 採用0回 [頭打ち=改善手なし] 不採用7件(重み悪化:7)(主因 c1:4 high:3) 残存: 吉江雄貴, 金沢勇輝, アリフ / 結合候補: C3mnAlt×7 / 結合探索: 91通り試行/1ms
golden,60,3,off	30903	RangePolish	個人回数(low/high)玉突き研磨: low 8->8 / high 5->5 / total 343->343 HARD 0->0 採用0回（日割当:0 / 柔軟日割当:0） [頭打ち=改善手なし] 残存: 山本昌幸 有(range後回し×10・不採用×9 主因 c1:9・希望固定×6・候補なし×5・ピン破り×1), 古泉 健一 休(range後回し×12・候補なし×4・希望固定×3・不採用×3 主因 c3:2 c1:1), 山本昌幸 休(希望固定×20: 12/2・12/6・12/24・12/31・不採用×20 主因 c1:20・禁止連続×15・柔軟日割当候補なし×1・日割当候補なし×1), 山本昌幸 B4(range後回し×10・不採用×8 主因 c1:8・希望固定×6・候補なし×5・禁止連続×1・ピン破り×1), 福澤俊陽 B4(希望固定×12: 12/2・12/4・12/5・12/6・12/7・12/10ほか6日・不採用×7 主因 c1:6 c2:1・range後回し×5・候補なし×4・禁止連続×3), 桒澤美幸 休(希望固定×16: 12/6・12/11・12/13・12/17・12/23・12/29ほか2日・不採用×10 主因 c1:10・柔軟日割当候補なし×1・日割当候補なし×1), 吉江雄貴 B4(不採用×9 主因 c1:9・候補なし×6・希望固定×6・range後回し×6・禁止連続×4), 金沢勇輝 B4(希望固定×8: 12/1・12/3・12/4・12/8・12/18・12/21ほか2日・不採用×7 主因 c1:6 c3mn:1・range後回し×7・候補なし×5・禁止連続×4), モニカ 休(希望固定×30: 12/1・12/6・12/7・12/25・12/26・12/27・不採用×18 主因 c1:18・禁止連続×7・柔軟日割当候補なし×1・日割当候補なし×1), モニカ Dﾃ(禁止連続×12: 12/2・12/3・12/4・12/10・12/11・12/14ほか6日・希望固定×10・range後回し×4・不採用×2 主因 covO:1 c1:1), アリフ B4(不採用×11 主因 c1:9 c2:2・候補なし×6・希望固定×6・range後回し×5・禁止連続×3) / 結合候補: tryRelocate×165 / 結合探索: 200通り試行/1ms→無駄打ち回避で早期終了
golden,60,3,off	34086	POST	後処理タイミング 総4061ms: HF80=9ms HF67=9ms HF66=1ms 巡回研磨(厳密日割当+c1/c3/range/apt/fair+曜日/交互)=1928ms C1共同LNS=1562ms 個人共同LNS=551ms 最終検査+HF70=1ms
golden,60,3,off	34086	POST	後処理パス別 計4058ms: C1共同LNS=1562ms(38%) C1広域ビーム=1024ms(25%) 個人回数共同LNS=508ms(12%) C1時系列フロー=440ms(10%) ComponentRepair=174ms(4%) C1索引修復=57ms(1%) CyclicSwapPolish=41ms(1%) BlockRotationPolish=37ms(0%)
golden,60,3,off	34085	UnifiedCheck	合計=341 | HARD=0 [groupViol=0 c3n=0 covU=0 pref=0 c3w=0] | SOFT=341 [c1=75 c2=1 c3=37 c3m=37 c3mn=3 c42=6 covO=1 low=8 high=5 fair=2 weekly=166] (0ms)
golden,60,3,off	30086	C1Polish	期間要件(c1)研磨: c1 77->77 / total 336->336 HARD 0->0 採用0回(鏡像:0 自己:0 再配置:0) [頭打ち=改善手なし] 残存: 古泉 健一 休(14日5回)(不採用×32 主因 c1:19 c3n:11), 山本昌幸 Dﾃ(14日2回)(不採用×19 主因 c3n:15 c1:3), 山本昌幸 休(14日5回)(不採用×18 主因 c1:7 low:6), 福澤俊陽 Dﾃ(14日2回)(不採用×10 主因 c1:6 c3n:4), 福澤俊陽 休(14日5回)(不採用×19 主因 c1:11 c3n:6), 佐藤直美 Dﾃ(14日2回)(不採用×11 主因 c3n:9 c1:2), 佐藤直美 休(14日5回)(不採用×23 主因 c1:13 c3n:9), 吉江雄貴 Dﾃ(14日2回)(不採用×22 主因 c3n:15 c1:6), 吉江雄貴 休(14日5回)(不採用×28 主因 c1:11 low:9), 金沢勇輝 休(14日5回)(不採用×27 主因 low:10 c1:8), モニカ Dﾃ(14日2回)(不採用×16 主因 c3n:13 c1:2), モニカ 休(14日5回)(不採用×19 主因 c1:15 c3n:3), アリフ Dﾃ(14日2回)(不採用×10 主因 c3n:6 low:2), アリフ 休(14日5回)(不採用×13 主因 c1:7 low:3) / 結合候補: 手B×108 / 結合探索: 200通り試行/1ms→無駄打ち回避で早期終了
golden,60,3,off	30860	C1BeamPolish	期間要件(c1)研磨[ビーム K=16 steps=60/543ms]: c1 77->77 / total 336->336 score 6414->6414 HARD 0->0 手数0 [探索結果が根に勝てず破棄]
golden,60,3,off	30887	C3mnPolish	回避パターン(c3mn)研磨: c3mn 3->3 / total 343->343 HARD 0->0 採用0回 [頭打ち=改善手なし] 不採用7件(重み悪化:7)(主因 c1:4 high:3) 残存: 吉江雄貴, 金沢勇輝, アリフ / 結合候補: C3mnAlt×7 / 結合探索: 91通り試行/1ms
golden,60,3,off	30903	RangePolish	個人回数(low/high)玉突き研磨: low 8->8 / high 5->5 / total 343->343 HARD 0->0 採用0回（日割当:0 / 柔軟日割当:0） [頭打ち=改善手なし] 残存: 山本昌幸 有(range後回し×10・不採用×9 主因 c1:9・希望固定×6・候補なし×5・ピン破り×1), 古泉 健一 休(range後回し×12・候補なし×4・希望固定×3・不採用×3 主因 c3:2 c1:1), 山本昌幸 休(希望固定×20: 12/2・12/6・12/24・12/31・不採用×20 主因 c1:20・禁止連続×15・柔軟日割当候補なし×1・日割当候補なし×1), 山本昌幸 B4(range後回し×10・不採用×8 主因 c1:8・希望固定×6・候補なし×5・禁止連続×1・ピン破り×1), 福澤俊陽 B4(希望固定×12: 12/2・12/4・12/5・12/6・12/7・12/10ほか6日・不採用×7 主因 c1:6 c2:1・range後回し×5・候補なし×4・禁止連続×3), 桒澤美幸 休(希望固定×16: 12/6・12/11・12/13・12/17・12/23・12/29ほか2日・不採用×10 主因 c1:10・柔軟日割当候補なし×1・日割当候補なし×1), 吉江雄貴 B4(不採用×9 主因 c1:9・候補なし×6・希望固定×6・range後回し×6・禁止連続×4), 金沢勇輝 B4(希望固定×8: 12/1・12/3・12/4・12/8・12/18・12/21ほか2日・不採用×7 主因 c1:6 c3mn:1・range後回し×7・候補なし×5・禁止連続×4), モニカ 休(希望固定×30: 12/1・12/6・12/7・12/25・12/26・12/27・不採用×18 主因 c1:18・禁止連続×7・柔軟日割当候補なし×1・日割当候補なし×1), モニカ Dﾃ(禁止連続×12: 12/2・12/3・12/4・12/10・12/11・12/14ほか6日・希望固定×10・range後回し×4・不採用×2 主因 covO:1 c1:1), アリフ B4(不採用×11 主因 c1:9 c2:2・候補なし×6・希望固定×6・range後回し×5・禁止連続×3) / 結合候補: tryRelocate×165 / 結合探索: 200通り試行/1ms→無駄打ち回避で早期終了
golden,60,3,off	34086	POST	後処理タイミング 総4061ms: HF80=9ms HF67=9ms HF66=1ms 巡回研磨(厳密日割当+c1/c3/range/apt/fair+曜日/交互)=1928ms C1共同LNS=1562ms 個人共同LNS=551ms 最終検査+HF70=1ms
golden,60,3,off	34086	POST	後処理パス別 計4058ms: C1共同LNS=1562ms(38%) C1広域ビーム=1024ms(25%) 個人回数共同LNS=508ms(12%) C1時系列フロー=440ms(10%) ComponentRepair=174ms(4%) C1索引修復=57ms(1%) CyclicSwapPolish=41ms(1%) BlockRotationPolish=37ms(0%)
golden,120,1,on	39164	V6Dispatcher	完了 algorithm=RSI HARD=0 total=334 elapsed=39162ms
golden,120,1,on	42170	V6Dispatcher	完了 algorithm=ALNS HARD=0 total=334 elapsed=3007ms
golden,120,1,on	43437	C1BeamPolish	期間要件(c1)研磨[ビーム K=16 steps=22/490ms/最良が20手更新されず打ち切り]: c1 86->86 / total 331->331 score 6218->6218 HARD 0->0 手数0 [探索結果が根に勝てず破棄]
golden,120,1,on	43878	FairPolish	グループ内公平化(fair)研磨: fair 2->2 / total 331->331 HARD 0->0 採用0回 [頭打ち=改善手なし] 不採用21件(重み悪化:21)(主因 c1:8 low:8 c3mn:3) 残存: 山本昌幸 Dﾃ, 山本昌幸 Cｵ / 結合候補: FairChain×21 / 結合探索: 200通り試行/1ms→無駄打ち回避で早期終了
golden,120,1,on	49098	POST	後処理タイミング 総6875ms: HF80=13ms HF67=12ms HF66=1ms 巡回研磨(厳密日割当+c1/c3/range/apt/fair+曜日/交互)=1746ms C1共同LNS=3431ms 個人共同LNS=1671ms 最終検査+HF70=1ms
golden,120,1,on	49099	POST	後処理パス別 計6862ms: C1共同LNS=3431ms(50%) 個人回数共同LNS=1630ms(23%) C1時系列フロー=547ms(7%) C1広域ビーム=490ms(7%) C1厳密窓=170ms(2%) ComponentRepair=154ms(2%) AdaptiveBlockSwapPolish=142ms(2%) C1索引修復=91ms(1%)
golden,120,1,on	49098	UnifiedCheck	合計=326 | HARD=0 [groupViol=0 c3n=0 covU=0 pref=0 c3w=0] | SOFT=326 [c1=85 c3=34 c3m=33 c3mn=3 c42=7 low=4 high=3 fair=2 weekly=155] (0ms)
golden,120,1,on	43437	C1BeamPolish	期間要件(c1)研磨[ビーム K=16 steps=22/490ms/最良が20手更新されず打ち切り]: c1 86->86 / total 331->331 score 6218->6218 HARD 0->0 手数0 [探索結果が根に勝てず破棄]
golden,120,1,on	43878	FairPolish	グループ内公平化(fair)研磨: fair 2->2 / total 331->331 HARD 0->0 採用0回 [頭打ち=改善手なし] 不採用21件(重み悪化:21)(主因 c1:8 low:8 c3mn:3) 残存: 山本昌幸 Dﾃ, 山本昌幸 Cｵ / 結合候補: FairChain×21 / 結合探索: 200通り試行/1ms→無駄打ち回避で早期終了
golden,120,1,on	49098	POST	後処理タイミング 総6875ms: HF80=13ms HF67=12ms HF66=1ms 巡回研磨(厳密日割当+c1/c3/range/apt/fair+曜日/交互)=1746ms C1共同LNS=3431ms 個人共同LNS=1671ms 最終検査+HF70=1ms
golden,120,1,on	49099	POST	後処理パス別 計6862ms: C1共同LNS=3431ms(50%) 個人回数共同LNS=1630ms(23%) C1時系列フロー=547ms(7%) C1広域ビーム=490ms(7%) C1厳密窓=170ms(2%) ComponentRepair=154ms(2%) AdaptiveBlockSwapPolish=142ms(2%) C1索引修復=91ms(1%)
golden,120,1,off	37469	V6Dispatcher	完了 algorithm=RSI HARD=0 total=335 elapsed=37464ms
golden,120,1,off	40472	V6Dispatcher	完了 algorithm=ALNS HARD=0 total=335 elapsed=3003ms
golden,120,1,off	40548	C1Polish	期間要件(c1)研磨: c1 84->83 / total 336->335 HARD 0->0 採用1回(鏡像:0 自己:0 再配置:1) 残存: 古泉 健一 休(14日5回)(不採用×33 主因 c1:15 c3n:13), 山本昌幸 Dﾃ(14日2回)(不採用×29 主因 c3n:21 c1:5), 山本昌幸 休(14日5回)(不採用×27 主因 low:9 c1:9), 福澤俊陽 Dﾃ(14日2回)(不採用×7 主因 c3n:6 c1:1), 福澤俊陽 休(14日5回)(不採用×13 主因 c1:7 c3n:5), 佐藤直美 Dﾃ(14日2回)(不採用×12 主因 c3n:6 c1:4), 佐藤直美 休(14日5回)(不採用×14 主因 low:7 c3n:4), 吉江雄貴 Dﾃ(14日2回)(不採用×22 主因 c3n:16 low:4), 吉江雄貴 休(14日5回)(不採用×21 主因 c1:10 low:6), 金沢勇輝 Dﾃ(14日2回)(不採用×14 主因 c3n:11 low:1), 金沢勇輝 休(14日5回)(不採用×25 主因 c1:12 low:7), モニカ 休(14日5回)(不採用×18 主因 c1:9 low:5), アリフ Dﾃ(14日2回)(不採用×19 主因 c3n:11 c1:7), アリフ 休(14日5回)(不採用×26 主因 c1:13 low:7), 古泉 健一 Dﾃ(14日2回)(不採用×12 主因 c3n:5 c1:4) / 結合候補: 手B×118 / 結合探索: 200通り試行/1ms→無駄打ち回避で早期終了
golden,120,1,off	41369	C1BeamPolish	期間要件(c1)研磨[ビーム K=16 steps=60/566ms]: c1 83->83 / total 335->335 score 6233->6233 HARD 0->0 手数0 [探索結果が根に勝てず破棄]
golden,120,1,off	45057	POST	後処理タイミング 総4578ms: HF80=12ms HF67=11ms HF66=1ms 巡回研磨(厳密日割当+c1/c3/range/apt/fair+曜日/交互)=1935ms C1共同LNS=1531ms 個人共同LNS=1088ms 最終検査+HF70=0ms
golden,120,1,off	45057	POST	後処理パス別 計4571ms: C1共同LNS=1531ms(33%) 個人回数共同LNS=1035ms(22%) C1広域ビーム=759ms(16%) C1時系列フロー=450ms(9%) ComponentRepair=257ms(5%) C1厳密窓=112ms(2%) C1索引修復=81ms(1%) AdaptiveBlockSwapPolish=51ms(1%)
golden,120,1,off	45057	UnifiedCheck	合計=328 | HARD=0 [groupViol=0 c3n=0 covU=0 pref=0 c3w=0] | SOFT=328 [c1=80 c2=1 c3=33 c3m=35 c3mn=2 c42=8 low=5 high=5 fair=2 weekly=157] (0ms)
golden,120,1,off	40548	C1Polish	期間要件(c1)研磨: c1 84->83 / total 336->335 HARD 0->0 採用1回(鏡像:0 自己:0 再配置:1) 残存: 古泉 健一 休(14日5回)(不採用×33 主因 c1:15 c3n:13), 山本昌幸 Dﾃ(14日2回)(不採用×29 主因 c3n:21 c1:5), 山本昌幸 休(14日5回)(不採用×27 主因 low:9 c1:9), 福澤俊陽 Dﾃ(14日2回)(不採用×7 主因 c3n:6 c1:1), 福澤俊陽 休(14日5回)(不採用×13 主因 c1:7 c3n:5), 佐藤直美 Dﾃ(14日2回)(不採用×12 主因 c3n:6 c1:4), 佐藤直美 休(14日5回)(不採用×14 主因 low:7 c3n:4), 吉江雄貴 Dﾃ(14日2回)(不採用×22 主因 c3n:16 low:4), 吉江雄貴 休(14日5回)(不採用×21 主因 c1:10 low:6), 金沢勇輝 Dﾃ(14日2回)(不採用×14 主因 c3n:11 low:1), 金沢勇輝 休(14日5回)(不採用×25 主因 c1:12 low:7), モニカ 休(14日5回)(不採用×18 主因 c1:9 low:5), アリフ Dﾃ(14日2回)(不採用×19 主因 c3n:11 c1:7), アリフ 休(14日5回)(不採用×26 主因 c1:13 low:7), 古泉 健一 Dﾃ(14日2回)(不採用×12 主因 c3n:5 c1:4) / 結合候補: 手B×118 / 結合探索: 200通り試行/1ms→無駄打ち回避で早期終了
golden,120,1,off	41369	C1BeamPolish	期間要件(c1)研磨[ビーム K=16 steps=60/566ms]: c1 83->83 / total 335->335 score 6233->6233 HARD 0->0 手数0 [探索結果が根に勝てず破棄]
golden,120,1,off	45057	POST	後処理タイミング 総4578ms: HF80=12ms HF67=11ms HF66=1ms 巡回研磨(厳密日割当+c1/c3/range/apt/fair+曜日/交互)=1935ms C1共同LNS=1531ms 個人共同LNS=1088ms 最終検査+HF70=0ms
golden,120,1,off	45057	POST	後処理パス別 計4571ms: C1共同LNS=1531ms(33%) 個人回数共同LNS=1035ms(22%) C1広域ビーム=759ms(16%) C1時系列フロー=450ms(9%) ComponentRepair=257ms(5%) C1厳密窓=112ms(2%) C1索引修復=81ms(1%) AdaptiveBlockSwapPolish=51ms(1%)
golden,120,2,off	35735	V6Dispatcher	完了 algorithm=RSI HARD=0 total=329 elapsed=35735ms
golden,120,2,off	51100	V6Dispatcher	完了 algorithm=ALNS HARD=0 total=323 elapsed=15364ms
golden,120,2,off	51761	C1BeamPolish	期間要件(c1)研磨[ビーム K=16 steps=21/195ms/最良が20手更新されず打ち切り]: c1 83->83 / total 323->323 score 5969->5969 HARD 0->0 手数0 [探索結果が根に勝てず破棄]
golden,120,2,off	55265	POST	後処理タイミング 総4063ms: HF80=12ms HF67=10ms HF66=1ms 巡回研磨(厳密日割当+c1/c3/range/apt/fair+曜日/交互)=1496ms C1共同LNS=1504ms 個人共同LNS=1040ms 最終検査+HF70=0ms
golden,120,2,off	55265	POST	後処理パス別 計4059ms: C1共同LNS=1504ms(37%) 個人回数共同LNS=1009ms(24%) C1時系列フロー=497ms(12%) C1広域ビーム=388ms(9%) ComponentRepair=215ms(5%) C1厳密窓=109ms(2%) C1索引修復=96ms(2%) C1同日交換=34ms(0%)
golden,120,2,off	55265	UnifiedCheck	合計=322 | HARD=0 [groupViol=0 c3n=0 covU=0 pref=0 c3w=0] | SOFT=322 [c1=80 c2=1 c3=36 c3m=36 c3mn=1 c42=9 low=4 high=3 fair=1 weekly=151] (0ms)
golden,120,2,off	51761	C1BeamPolish	期間要件(c1)研磨[ビーム K=16 steps=21/195ms/最良が20手更新されず打ち切り]: c1 83->83 / total 323->323 score 5969->5969 HARD 0->0 手数0 [探索結果が根に勝てず破棄]
golden,120,2,off	55265	POST	後処理タイミング 総4063ms: HF80=12ms HF67=10ms HF66=1ms 巡回研磨(厳密日割当+c1/c3/range/apt/fair+曜日/交互)=1496ms C1共同LNS=1504ms 個人共同LNS=1040ms 最終検査+HF70=0ms
golden,120,2,off	55265	POST	後処理パス別 計4059ms: C1共同LNS=1504ms(37%) 個人回数共同LNS=1009ms(24%) C1時系列フロー=497ms(12%) C1広域ビーム=388ms(9%) ComponentRepair=215ms(5%) C1厳密窓=109ms(2%) C1索引修復=96ms(2%) C1同日交換=34ms(0%)
golden,120,2,on	40587	V6Dispatcher	完了 algorithm=RSI HARD=0 total=338 elapsed=40585ms
golden,120,2,on	43591	V6Dispatcher	完了 algorithm=ALNS HARD=0 total=338 elapsed=3005ms
golden,120,2,on	44657	C1BeamPolish	期間要件(c1)研磨[ビーム K=16 steps=60/554ms]: c1 82->82 / total 337->337 score 6386->6386 HARD 0->0 手数0 [探索結果が根に勝てず破棄]
golden,120,2,on	48614	POST	後処理タイミング 総4910ms: HF80=12ms HF67=10ms HF66=1ms 巡回研磨(厳密日割当+c1/c3/range/apt/fair+曜日/交互)=2228ms C1共同LNS=1506ms 個人共同LNS=1153ms 最終検査+HF70=0ms
golden,120,2,on	48614	POST	後処理パス別 計4906ms: C1共同LNS=1506ms(30%) 個人回数共同LNS=1110ms(22%) C1広域ビーム=1098ms(22%) C1時系列フロー=547ms(11%) ComponentRepair=220ms(4%) BlockRotationPolish=93ms(1%) C1索引修復=77ms(1%) C1同日交換=49ms(0%)
golden,120,2,on	48614	UnifiedCheck	合計=331 | HARD=0 [groupViol=0 c3n=0 covU=0 pref=0 c3w=0] | SOFT=331 [c1=82 c2=1 c3=31 c3m=34 c3mn=4 c42=7 covO=1 low=6 high=4 weekly=161] (0ms)
golden,120,2,on	44657	C1BeamPolish	期間要件(c1)研磨[ビーム K=16 steps=60/554ms]: c1 82->82 / total 337->337 score 6386->6386 HARD 0->0 手数0 [探索結果が根に勝てず破棄]
golden,120,2,on	48614	POST	後処理タイミング 総4910ms: HF80=12ms HF67=10ms HF66=1ms 巡回研磨(厳密日割当+c1/c3/range/apt/fair+曜日/交互)=2228ms C1共同LNS=1506ms 個人共同LNS=1153ms 最終検査+HF70=0ms
golden,120,2,on	48614	POST	後処理パス別 計4906ms: C1共同LNS=1506ms(30%) 個人回数共同LNS=1110ms(22%) C1広域ビーム=1098ms(22%) C1時系列フロー=547ms(11%) ComponentRepair=220ms(4%) BlockRotationPolish=93ms(1%) C1索引修復=77ms(1%) C1同日交換=49ms(0%)
golden,120,3,on	38764	V6Dispatcher	完了 algorithm=RSI HARD=0 total=317 elapsed=38472ms
golden,120,3,on	55027	V6Dispatcher	完了 algorithm=ALNS HARD=0 total=319 elapsed=16263ms
golden,120,3,on	55331	C1Polish	期間要件(c1)研磨: c1 76->76 / total 319->319 HARD 0->0 採用0回(鏡像:0 自己:0 再配置:0) [頭打ち=改善手なし] 残存: 古泉 健一 休(14日5回)(不採用×34 主因 c1:22 c3n:10), 山本昌幸 Dﾃ(14日2回)(不採用×20 主因 c3n:16 c1:3), 山本昌幸 休(14日5回)(不採用×19 主因 c1:8 low:6), 福澤俊陽 Dﾃ(14日2回)(不採用×8 主因 c3n:6 c1:2), 福澤俊陽 休(14日5回)(不採用×12 主因 c1:6 c3n:5), 佐藤直美 休(14日5回)(不採用×14 主因 low:6 c1:4), 吉江雄貴 Dﾃ(14日2回)(不採用×16 主因 c3n:14 high:1), 吉江雄貴 休(14日5回)(不採用×24 主因 low:11 c1:7), 金沢勇輝 Dﾃ(14日2回)(不採用×17 主因 c3n:12 c1:3), 金沢勇輝 休(14日5回)(不採用×20 主因 c1:10 low:5), モニカ Dﾃ(14日2回)(不採用×16 主因 c3n:13 c1:3), モニカ 休(14日5回)(不採用×23 主因 c1:13 low:6), アリフ Dﾃ(14日2回)(不採用×9 主因 low:4 c3n:3), アリフ 休(14日5回)(不採用×26 主因 c1:11 low:8), 古泉 健一 Dﾃ(14日2回)(不採用×12 主因 c3n:10 low:1) / 結合候補: 手B×112 / 結合探索: 200通り試行/2ms→無駄打ち回避で早期終了
golden,120,3,on	56161	C1BeamPolish	期間要件(c1)研磨[ビーム K=16 steps=21/319ms/最良が20手更新されず打ち切り]: c1 76->76 / total 319->319 score 6020->6020 HARD 0->0 手数0 [探索結果が根に勝てず破棄]
golden,120,3,on	59342	POST	後処理タイミング 総4155ms: HF80=54ms HF67=13ms HF66=2ms 巡回研磨(厳密日割当+c1/c3/range/apt/fair+曜日/交互)=1341ms C1共同LNS=1507ms 個人共同LNS=1237ms 最終検査+HF70=1ms
golden,120,3,on	59346	POST	後処理パス別 計4114ms: C1共同LNS=1506ms(36%) 個人回数共同LNS=1066ms(25%) C1時系列フロー=461ms(11%) C1広域ビーム=323ms(7%) ComponentRepair=300ms(7%) AnchoredWindowSwap=67ms(1%) HF80StrategicOscillation=51ms(1%) BlockRotationPolish=48ms(1%)
golden,120,3,on	59339	UnifiedCheck	合計=319 | HARD=0 [groupViol=0 c3n=0 covU=0 pref=0 c3w=0] | SOFT=319 [c1=76 c3=34 c3m=37 c3mn=2 c42=7 covO=3 low=7 high=3 fair=2 weekly=148] (0ms)
golden,120,3,on	55331	C1Polish	期間要件(c1)研磨: c1 76->76 / total 319->319 HARD 0->0 採用0回(鏡像:0 自己:0 再配置:0) [頭打ち=改善手なし] 残存: 古泉 健一 休(14日5回)(不採用×34 主因 c1:22 c3n:10), 山本昌幸 Dﾃ(14日2回)(不採用×20 主因 c3n:16 c1:3), 山本昌幸 休(14日5回)(不採用×19 主因 c1:8 low:6), 福澤俊陽 Dﾃ(14日2回)(不採用×8 主因 c3n:6 c1:2), 福澤俊陽 休(14日5回)(不採用×12 主因 c1:6 c3n:5), 佐藤直美 休(14日5回)(不採用×14 主因 low:6 c1:4), 吉江雄貴 Dﾃ(14日2回)(不採用×16 主因 c3n:14 high:1), 吉江雄貴 休(14日5回)(不採用×24 主因 low:11 c1:7), 金沢勇輝 Dﾃ(14日2回)(不採用×17 主因 c3n:12 c1:3), 金沢勇輝 休(14日5回)(不採用×20 主因 c1:10 low:5), モニカ Dﾃ(14日2回)(不採用×16 主因 c3n:13 c1:3), モニカ 休(14日5回)(不採用×23 主因 c1:13 low:6), アリフ Dﾃ(14日2回)(不採用×9 主因 low:4 c3n:3), アリフ 休(14日5回)(不採用×26 主因 c1:11 low:8), 古泉 健一 Dﾃ(14日2回)(不採用×12 主因 c3n:10 low:1) / 結合候補: 手B×112 / 結合探索: 200通り試行/2ms→無駄打ち回避で早期終了
golden,120,3,on	56161	C1BeamPolish	期間要件(c1)研磨[ビーム K=16 steps=21/319ms/最良が20手更新されず打ち切り]: c1 76->76 / total 319->319 score 6020->6020 HARD 0->0 手数0 [探索結果が根に勝てず破棄]
golden,120,3,on	59342	POST	後処理タイミング 総4155ms: HF80=54ms HF67=13ms HF66=2ms 巡回研磨(厳密日割当+c1/c3/range/apt/fair+曜日/交互)=1341ms C1共同LNS=1507ms 個人共同LNS=1237ms 最終検査+HF70=1ms
golden,120,3,on	59346	POST	後処理パス別 計4114ms: C1共同LNS=1506ms(36%) 個人回数共同LNS=1066ms(25%) C1時系列フロー=461ms(11%) C1広域ビーム=323ms(7%) ComponentRepair=300ms(7%) AnchoredWindowSwap=67ms(1%) HF80StrategicOscillation=51ms(1%) BlockRotationPolish=48ms(1%)
golden,120,3,off	39260	V6Dispatcher	完了 algorithm=RSI HARD=0 total=318 elapsed=39258ms
golden,120,3,off	55229	V6Dispatcher	完了 algorithm=ALNS HARD=0 total=314 elapsed=15970ms
golden,120,3,off	55414	C1Polish	期間要件(c1)研磨: c1 86->86 / total 314->314 HARD 0->0 採用0回(鏡像:0 自己:0 再配置:0) [頭打ち=改善手なし] 残存: 古泉 健一 休(14日5回)(不採用×33 主因 low:16 c3n:9), 山本昌幸 Dﾃ(14日2回)(不採用×18 主因 c3n:15 low:2), 山本昌幸 休(14日5回)(不採用×20 主因 low:9 c3n:7), 福澤俊陽 Dﾃ(14日2回)(不採用×8 主因 c1:5 c3n:3), 福澤俊陽 休(14日5回)(不採用×11 主因 low:8 c3n:2), 佐藤直美 Dﾃ(14日2回)(不採用×15 主因 c3n:13 c1:2), 佐藤直美 休(14日5回)(不採用×31 主因 low:13 c1:12), 吉江雄貴 Dﾃ(14日2回)(不採用×24 主因 c3n:15 low:6), 吉江雄貴 休(14日5回)(不採用×26 主因 low:14 c3n:7), 金沢勇輝 Dﾃ(14日2回)(不採用×17 主因 c3n:14 c1:2), 金沢勇輝 休(14日5回)(不採用×21 主因 c1:8 low:7), モニカ 休(14日5回)(不採用×25 主因 low:10 c1:9), アリフ Dﾃ(14日2回)(不採用×9 主因 low:4 c3n:4), アリフ 休(14日5回)(不採用×24 主因 low:9 c1:8), 古泉 健一 Dﾃ(14日2回)(不採用×12 主因 c3n:8 low:2) / 結合候補: 手B×121 / 結合探索: 200通り試行/1ms→無駄打ち回避で早期終了
golden,120,3,off	56199	C1BeamPolish	期間要件(c1)研磨[ビーム K=16 steps=44/456ms/最良が20手更新されず打ち切り]: c1 86->86 / total 314->314 score 6171->6171 HARD 0->0 手数0 [探索結果が根に勝てず破棄]
golden,120,3,off	61925	C1JointLNS	期間要件(c1)共同LNS: c1 84->84 (構造下限≥0, 改善可能幅進捗0%, 50%目標=未達) / total 322->322 HARD 0->0 採用0束 手数0 restart2 展開157 候補70568 debt除外32086(必須4395 合計23681 c1 4010 必須の主因 covU:4395) 重複除外8052 停止=最良が4000ms更新されず打ち切り [頭打ち=正式目的を改善するC1減少束なし]
golden,120,3,off	63306	POST	後処理タイミング 総7964ms: HF80=15ms HF67=11ms HF66=0ms 巡回研磨(厳密日割当+c1/c3/range/apt/fair+曜日/交互)=1048ms C1共同LNS=5508ms 個人共同LNS=1381ms 最終検査+HF70=1ms
golden,120,3,off	63306	POST	後処理パス別 計7954ms: C1共同LNS=5508ms(69%) 個人回数共同LNS=1339ms(16%) C1広域ビーム=456ms(5%) C1時系列フロー=273ms(3%) ComponentRepair=153ms(1%) C1索引修復=56ms(0%) BlockRotationPolish=41ms(0%) C1同日交換=21ms(0%)
golden,120,3,off	63306	UnifiedCheck	合計=321 | HARD=0 [groupViol=0 c3n=0 covU=0 pref=0 c3w=0] | SOFT=321 [c1=84 c3=31 c3m=35 c3mn=2 c42=7 covO=1 low=5 high=5 fair=3 weekly=148] (0ms)
golden,120,3,off	55414	C1Polish	期間要件(c1)研磨: c1 86->86 / total 314->314 HARD 0->0 採用0回(鏡像:0 自己:0 再配置:0) [頭打ち=改善手なし] 残存: 古泉 健一 休(14日5回)(不採用×33 主因 low:16 c3n:9), 山本昌幸 Dﾃ(14日2回)(不採用×18 主因 c3n:15 low:2), 山本昌幸 休(14日5回)(不採用×20 主因 low:9 c3n:7), 福澤俊陽 Dﾃ(14日2回)(不採用×8 主因 c1:5 c3n:3), 福澤俊陽 休(14日5回)(不採用×11 主因 low:8 c3n:2), 佐藤直美 Dﾃ(14日2回)(不採用×15 主因 c3n:13 c1:2), 佐藤直美 休(14日5回)(不採用×31 主因 low:13 c1:12), 吉江雄貴 Dﾃ(14日2回)(不採用×24 主因 c3n:15 low:6), 吉江雄貴 休(14日5回)(不採用×26 主因 low:14 c3n:7), 金沢勇輝 Dﾃ(14日2回)(不採用×17 主因 c3n:14 c1:2), 金沢勇輝 休(14日5回)(不採用×21 主因 c1:8 low:7), モニカ 休(14日5回)(不採用×25 主因 low:10 c1:9), アリフ Dﾃ(14日2回)(不採用×9 主因 low:4 c3n:4), アリフ 休(14日5回)(不採用×24 主因 low:9 c1:8), 古泉 健一 Dﾃ(14日2回)(不採用×12 主因 c3n:8 low:2) / 結合候補: 手B×121 / 結合探索: 200通り試行/1ms→無駄打ち回避で早期終了
golden,120,3,off	56199	C1BeamPolish	期間要件(c1)研磨[ビーム K=16 steps=44/456ms/最良が20手更新されず打ち切り]: c1 86->86 / total 314->314 score 6171->6171 HARD 0->0 手数0 [探索結果が根に勝てず破棄]
golden,120,3,off	61925	C1JointLNS	期間要件(c1)共同LNS: c1 84->84 (構造下限≥0, 改善可能幅進捗0%, 50%目標=未達) / total 322->322 HARD 0->0 採用0束 手数0 restart2 展開157 候補70568 debt除外32086(必須4395 合計23681 c1 4010 必須の主因 covU:4395) 重複除外8052 停止=最良が4000ms更新されず打ち切り [頭打ち=正式目的を改善するC1減少束なし]
golden,120,3,off	63306	POST	後処理タイミング 総7964ms: HF80=15ms HF67=11ms HF66=0ms 巡回研磨(厳密日割当+c1/c3/range/apt/fair+曜日/交互)=1048ms C1共同LNS=5508ms 個人共同LNS=1381ms 最終検査+HF70=1ms
golden,120,3,off	63306	POST	後処理パス別 計7954ms: C1共同LNS=5508ms(69%) 個人回数共同LNS=1339ms(16%) C1広域ビーム=456ms(5%) C1時系列フロー=273ms(3%) ComponentRepair=153ms(1%) C1索引修復=56ms(0%) BlockRotationPolish=41ms(0%) C1同日交換=21ms(0%)
sample,60,1,on	28272	V6Dispatcher	完了 algorithm=RSI HARD=1 total=280 elapsed=28119ms
sample,60,1,on	30282	V6Dispatcher	完了 algorithm=ALNS HARD=1 total=280 elapsed=2009ms
sample,60,1,on	30546	C1Polish	期間要件(c1)研磨: c1 6->4 / total 281->282 HARD 1->1 採用2回(鏡像:0 自己:0 再配置:1) 残存: 古泉 健一 休(5日1回)(不採用×4 主因 c1:2 low:1), 福澤俊陽 休(14日4回)(不採用×10 主因 c3n:5 low:3) / 結合候補: 手B×23 / 結合探索: 293通り試行/3ms→無駄打ち回避で早期終了 / 結合成立×1(山本昌幸(休)+古泉 健一(休))
sample,60,1,on	30944	C1BeamPolish	期間要件(c1)研磨[ビーム K=16 steps=30/262ms/最良が20手更新されず打ち切り]: c1 4->3 / total 282->276 score 11430->11349 HARD 1->1 手数10
sample,60,1,on	31102	RangePolish	個人回数(low/high)玉突き研磨: low 5->5 / high 4->2 / total 276->272 HARD 1->1 採用2回（日割当:0 / 柔軟日割当:1） 対象: 桒澤美幸 休, 桒澤美幸 休 残存: 古泉 健一 休(希望固定×75: 12/1・12/4・12/5・12/7・12/26・不採用×63 主因 c1:63・禁止連続×27・柔軟日割当候補なし×3・日割当候補なし×3), 山本昌幸 B4(不採用×27 主因 c1:21 low:3・range後回し×24・希望固定×18・候補なし×15・禁止連続×9), 福澤俊陽 B4(希望固定×36: 12/2・12/4・12/5・12/6・12/7・12/10ほか6日・不採用×21 主因 c1:18 c2:3・候補なし×12・禁止連続×12・range後回し×12), 桒澤美幸 休(希望固定×18: 12/6・12/11・12/13・12/17・12/23・12/29ほか2日・不採用×8 主因 c1:8・日割当候補なし×4・柔軟日割当候補なし×3), 吉江雄貴 B4(不採用×31 主因 c1:28 low:3・range後回し×23・希望固定×18・禁止連続×12・候補なし×9), 金沢勇輝 B4(range後回し×27・希望固定×24・不採用×18 主因 c1:18・候補なし×15・禁止連続×9), アリフ B4(range後回し×29・不採用×19 主因 c1:16 c2:3・希望固定×18・候補なし×15・禁止連続×12) / 結合候補: tryRelocate×302 / 結合探索: 200通り試行/1ms→無駄打ち回避で早期終了
sample,60,1,on	34811	POST	後処理タイミング 総4405ms: HF80=69ms HF67=14ms HF66=2ms 巡回研磨(厳密日割当+c1/c3/range/apt/fair+曜日/交互)=1281ms C1共同LNS=1510ms 個人共同LNS=1528ms 最終検査+HF70=1ms
sample,60,1,on	34814	POST	後処理パス別 計4371ms: C1共同LNS=1509ms(34%) 個人回数共同LNS=1463ms(33%) C1広域ビーム=418ms(9%) C1時系列フロー=214ms(4%) ComponentRepair=153ms(3%) AnchoredWindowSwap=92ms(2%) BlockRotationPolish=89ms(2%) RangePolish=86ms(1%)
sample,60,1,on	34807	UnifiedCheck	合計=262 | HARD=1 [groupViol=0 c3n=1 covU=0 pref=0 c3w=0] | SOFT=261 [c1=3 c3=62 c3m=25 c42=8 low=5 high=2 weekly=156] (0ms)
sample,60,1,on	30546	C1Polish	期間要件(c1)研磨: c1 6->4 / total 281->282 HARD 1->1 採用2回(鏡像:0 自己:0 再配置:1) 残存: 古泉 健一 休(5日1回)(不採用×4 主因 c1:2 low:1), 福澤俊陽 休(14日4回)(不採用×10 主因 c3n:5 low:3) / 結合候補: 手B×23 / 結合探索: 293通り試行/3ms→無駄打ち回避で早期終了 / 結合成立×1(山本昌幸(休)+古泉 健一(休))
sample,60,1,on	30944	C1BeamPolish	期間要件(c1)研磨[ビーム K=16 steps=30/262ms/最良が20手更新されず打ち切り]: c1 4->3 / total 282->276 score 11430->11349 HARD 1->1 手数10
sample,60,1,on	31102	RangePolish	個人回数(low/high)玉突き研磨: low 5->5 / high 4->2 / total 276->272 HARD 1->1 採用2回（日割当:0 / 柔軟日割当:1） 対象: 桒澤美幸 休, 桒澤美幸 休 残存: 古泉 健一 休(希望固定×75: 12/1・12/4・12/5・12/7・12/26・不採用×63 主因 c1:63・禁止連続×27・柔軟日割当候補なし×3・日割当候補なし×3), 山本昌幸 B4(不採用×27 主因 c1:21 low:3・range後回し×24・希望固定×18・候補なし×15・禁止連続×9), 福澤俊陽 B4(希望固定×36: 12/2・12/4・12/5・12/6・12/7・12/10ほか6日・不採用×21 主因 c1:18 c2:3・候補なし×12・禁止連続×12・range後回し×12), 桒澤美幸 休(希望固定×18: 12/6・12/11・12/13・12/17・12/23・12/29ほか2日・不採用×8 主因 c1:8・日割当候補なし×4・柔軟日割当候補なし×3), 吉江雄貴 B4(不採用×31 主因 c1:28 low:3・range後回し×23・希望固定×18・禁止連続×12・候補なし×9), 金沢勇輝 B4(range後回し×27・希望固定×24・不採用×18 主因 c1:18・候補なし×15・禁止連続×9), アリフ B4(range後回し×29・不採用×19 主因 c1:16 c2:3・希望固定×18・候補なし×15・禁止連続×12) / 結合候補: tryRelocate×302 / 結合探索: 200通り試行/1ms→無駄打ち回避で早期終了
sample,60,1,on	34811	POST	後処理タイミング 総4405ms: HF80=69ms HF67=14ms HF66=2ms 巡回研磨(厳密日割当+c1/c3/range/apt/fair+曜日/交互)=1281ms C1共同LNS=1510ms 個人共同LNS=1528ms 最終検査+HF70=1ms
sample,60,1,on	34814	POST	後処理パス別 計4371ms: C1共同LNS=1509ms(34%) 個人回数共同LNS=1463ms(33%) C1広域ビーム=418ms(9%) C1時系列フロー=214ms(4%) ComponentRepair=153ms(3%) AnchoredWindowSwap=92ms(2%) BlockRotationPolish=89ms(2%) RangePolish=86ms(1%)
sample,60,1,off	28027	V6Dispatcher	完了 algorithm=RSI HARD=1 total=261 elapsed=28023ms
sample,60,1,off	48030	V6Dispatcher	完了 algorithm=ALNS HARD=1 total=256 elapsed=20003ms
sample,60,1,off	48477	C1BeamPolish	期間要件(c1)研磨[ビーム K=16 steps=22/146ms/最良が20手更新されず打ち切り]: c1 2->2 / total 256->256 score 11095->11095 HARD 1->1 手数0 [探索結果が根に勝てず破棄]
sample,60,1,off	48528	RangePolish	個人回数(low/high)玉突き研磨: low 4->4 / high 3->3 / total 256->256 HARD 1->1 採用0回（日割当:0 / 柔軟日割当:0） [頭打ち=改善手なし] 残存: モニカ 有(希望固定×10: 12/1・12/5・12/6・12/7・12/8・12/12ほか4日・不採用×7 主因 c1:7・range後回し×7・候補なし×3・禁止連続×3・ピン破り×1), アリフ 有(不採用×8 主因 c1:8・候補なし×6・希望固定×6・range後回し×5・禁止連続×4・ピン破り×2), 福澤俊陽 B4(希望固定×12: 12/2・12/4・12/5・12/6・12/7・12/10ほか6日・不採用×7 主因 c1:6 c2:1・候補なし×4・禁止連続×4・range後回し×4), 桒澤美幸 休(希望固定×16: 12/6・12/11・12/13・12/17・12/23・12/29ほか2日・不採用×8 主因 c1:6 c3:2・柔軟日割当候補なし×1・日割当候補なし×1), 金沢勇輝 B4(range後回し×9・希望固定×8・不採用×6 主因 c1:5 low:1・候補なし×5・禁止連続×3), モニカ Cｱ(range後回し×15・禁止連続×10・不採用×8 主因 c1:5 low:3・候補なし×7・希望固定×5・柔軟日割当候補なし×1・日割当候補なし×1) / 結合候補: tryRelocate×87 / 結合探索: 200通り試行/1ms→無駄打ち回避で早期終了
sample,60,1,off	48571	FairPolish	グループ内公平化(fair)研磨: fair 1->1 / total 256->256 HARD 1->1 採用0回 [頭打ち=改善手なし] 不採用7件(重み悪化:7)(主因 c1:3 low:2 high:1) 残存: 山本昌幸 A4 / 結合候補: FairChain×7 / 結合探索: 91通り試行/1ms
sample,60,1,off	51968	POST	後処理タイミング 総3834ms: HF80=10ms HF67=7ms HF66=1ms 巡回研磨(厳密日割当+c1/c3/range/apt/fair+曜日/交互)=806ms C1共同LNS=1503ms 個人共同LNS=1505ms 最終検査+HF70=2ms
sample,60,1,off	51968	POST	後処理パス別 計3830ms: C1共同LNS=1503ms(39%) 個人回数共同LNS=1356ms(35%) C1広域ビーム=340ms(8%) C1時系列フロー=207ms(5%) ComponentRepair=162ms(4%) BlockRotationPolish=74ms(1%) AdaptiveBlockSwapPolish=36ms(0%) AnchoredWindowSwap=26ms(0%)
sample,60,1,off	51966	UnifiedCheck	合計=256 | HARD=1 [groupViol=0 c3n=1 covU=0 pref=0 c3w=0] | SOFT=255 [c1=2 c2=2 c3=60 c3m=27 c42=8 low=4 high=3 fair=1 weekly=148] (0ms)
sample,60,1,off	48477	C1BeamPolish	期間要件(c1)研磨[ビーム K=16 steps=22/146ms/最良が20手更新されず打ち切り]: c1 2->2 / total 256->256 score 11095->11095 HARD 1->1 手数0 [探索結果が根に勝てず破棄]
sample,60,1,off	48528	RangePolish	個人回数(low/high)玉突き研磨: low 4->4 / high 3->3 / total 256->256 HARD 1->1 採用0回（日割当:0 / 柔軟日割当:0） [頭打ち=改善手なし] 残存: モニカ 有(希望固定×10: 12/1・12/5・12/6・12/7・12/8・12/12ほか4日・不採用×7 主因 c1:7・range後回し×7・候補なし×3・禁止連続×3・ピン破り×1), アリフ 有(不採用×8 主因 c1:8・候補なし×6・希望固定×6・range後回し×5・禁止連続×4・ピン破り×2), 福澤俊陽 B4(希望固定×12: 12/2・12/4・12/5・12/6・12/7・12/10ほか6日・不採用×7 主因 c1:6 c2:1・候補なし×4・禁止連続×4・range後回し×4), 桒澤美幸 休(希望固定×16: 12/6・12/11・12/13・12/17・12/23・12/29ほか2日・不採用×8 主因 c1:6 c3:2・柔軟日割当候補なし×1・日割当候補なし×1), 金沢勇輝 B4(range後回し×9・希望固定×8・不採用×6 主因 c1:5 low:1・候補なし×5・禁止連続×3), モニカ Cｱ(range後回し×15・禁止連続×10・不採用×8 主因 c1:5 low:3・候補なし×7・希望固定×5・柔軟日割当候補なし×1・日割当候補なし×1) / 結合候補: tryRelocate×87 / 結合探索: 200通り試行/1ms→無駄打ち回避で早期終了
sample,60,1,off	48571	FairPolish	グループ内公平化(fair)研磨: fair 1->1 / total 256->256 HARD 1->1 採用0回 [頭打ち=改善手なし] 不採用7件(重み悪化:7)(主因 c1:3 low:2 high:1) 残存: 山本昌幸 A4 / 結合候補: FairChain×7 / 結合探索: 91通り試行/1ms
sample,60,1,off	51968	POST	後処理タイミング 総3834ms: HF80=10ms HF67=7ms HF66=1ms 巡回研磨(厳密日割当+c1/c3/range/apt/fair+曜日/交互)=806ms C1共同LNS=1503ms 個人共同LNS=1505ms 最終検査+HF70=2ms
sample,60,1,off	51968	POST	後処理パス別 計3830ms: C1共同LNS=1503ms(39%) 個人回数共同LNS=1356ms(35%) C1広域ビーム=340ms(8%) C1時系列フロー=207ms(5%) ComponentRepair=162ms(4%) BlockRotationPolish=74ms(1%) AdaptiveBlockSwapPolish=36ms(0%) AnchoredWindowSwap=26ms(0%)
sample,60,2,off	26812	V6Dispatcher	完了 algorithm=RSI HARD=1 total=265 elapsed=26810ms
sample,60,2,off	27669	C1BeamPolish	期間要件(c1)研磨[ビーム K=16 steps=60/509ms]: c1 9->7 / total 262->266 score 11527->11475 HARD 1->1 手数3
sample,60,2,off	34701	POST	後処理タイミング 総7728ms: HF80=12ms HF67=10ms HF66=2ms 巡回研磨(厳密日割当+c1/c3/range/apt/fair+曜日/交互)=1087ms C1共同LNS=5487ms 個人共同LNS=1130ms 最終検査+HF70=0ms
sample,60,2,off	34701	POST	後処理パス別 計7723ms: C1共同LNS=5487ms(71%) 個人回数共同LNS=1069ms(13%) C1広域ビーム=655ms(8%) C1時系列フロー=198ms(2%) ComponentRepair=73ms(0%) AnchoredWindowSwap=38ms(0%) BlockRotationPolish=27ms(0%) C3SequencePolish=26ms(0%)
sample,60,2,off	34700	UnifiedCheck	合計=270 | HARD=1 [groupViol=0 c3n=1 covU=0 pref=0 c3w=0] | SOFT=269 [c1=3 c2=1 c3=62 c3m=26 c42=8 low=4 high=2 fair=1 weekly=162] (0ms)
sample,60,2,off	27669	C1BeamPolish	期間要件(c1)研磨[ビーム K=16 steps=60/509ms]: c1 9->7 / total 262->266 score 11527->11475 HARD 1->1 手数3
sample,60,2,off	34701	POST	後処理タイミング 総7728ms: HF80=12ms HF67=10ms HF66=2ms 巡回研磨(厳密日割当+c1/c3/range/apt/fair+曜日/交互)=1087ms C1共同LNS=5487ms 個人共同LNS=1130ms 最終検査+HF70=0ms
sample,60,2,off	34701	POST	後処理パス別 計7723ms: C1共同LNS=5487ms(71%) 個人回数共同LNS=1069ms(13%) C1広域ビーム=655ms(8%) C1時系列フロー=198ms(2%) ComponentRepair=73ms(0%) AnchoredWindowSwap=38ms(0%) BlockRotationPolish=27ms(0%) C3SequencePolish=26ms(0%)
sample,60,2,on	28009	V6Dispatcher	完了 algorithm=RSI HARD=1 total=253 elapsed=28006ms
sample,60,2,on	30012	V6Dispatcher	完了 algorithm=ALNS HARD=1 total=253 elapsed=2002ms
sample,60,2,on	30778	C1BeamPolish	期間要件(c1)研磨[ビーム K=16 steps=60/580ms]: c1 8->8 / total 254->254 score 11397->11397 HARD 1->1 手数0 [探索結果が根に勝てず破棄]
sample,60,2,on	30829	RangePolish	個人回数(low/high)玉突き研磨: low 4->4 / high 1->1 / total 254->254 HARD 1->1 採用0回（日割当:0 / 柔軟日割当:0） [頭打ち=改善手なし] 残存: 山本昌幸 B4(不採用×9 主因 c1:7 weekly:1・range後回し×8・希望固定×6・候補なし×5・禁止連続×3), 桒澤美幸 休(希望固定×16: 12/6・12/11・12/13・12/17・12/23・12/29ほか2日・不採用×6 主因 c1:6・柔軟日割当候補なし×1・日割当候補なし×1), 吉江雄貴 B4(range後回し×11・希望固定×6・不採用×6 主因 c1:5・禁止連続×5・候補なし×3), モニカ B4(希望固定×10: 12/1・12/5・12/6・12/7・12/8・12/12ほか4日・range後回し×10・不採用×6 主因 c1:5 c2:1・禁止連続×3・候補なし×2), アリフ 休(range後回し×8・候補なし×5・不採用×5 主因 c1:4・希望固定×3・ピン破り×1) / 結合候補: tryRelocate×70 / 結合探索: 200通り試行/1ms→無駄打ち回避で早期終了
sample,60,2,on	33860	POST	後処理タイミング 総3804ms: HF80=9ms HF67=10ms HF66=1ms 巡回研磨(厳密日割当+c1/c3/range/apt/fair+曜日/交互)=1594ms C1共同LNS=1796ms 個人共同LNS=394ms 最終検査+HF70=0ms
sample,60,2,on	33860	POST	後処理パス別 計3802ms: C1共同LNS=1796ms(47%) C1広域ビーム=1104ms(29%) 個人回数共同LNS=338ms(8%) C1時系列フロー=185ms(4%) ComponentRepair=86ms(2%) BlockRotationPolish=66ms(1%) AdaptiveBlockSwapPolish=56ms(1%) AnchoredWindowSwap=30ms(0%)
sample,60,2,on	33860	UnifiedCheck	合計=270 | HARD=1 [groupViol=0 c3n=1 covU=0 pref=0 c3w=0] | SOFT=269 [c1=5 c3=68 c3m=26 c42=9 low=4 high=2 fair=2 weekly=153] (0ms)
sample,60,2,on	30778	C1BeamPolish	期間要件(c1)研磨[ビーム K=16 steps=60/580ms]: c1 8->8 / total 254->254 score 11397->11397 HARD 1->1 手数0 [探索結果が根に勝てず破棄]
sample,60,2,on	30829	RangePolish	個人回数(low/high)玉突き研磨: low 4->4 / high 1->1 / total 254->254 HARD 1->1 採用0回（日割当:0 / 柔軟日割当:0） [頭打ち=改善手なし] 残存: 山本昌幸 B4(不採用×9 主因 c1:7 weekly:1・range後回し×8・希望固定×6・候補なし×5・禁止連続×3), 桒澤美幸 休(希望固定×16: 12/6・12/11・12/13・12/17・12/23・12/29ほか2日・不採用×6 主因 c1:6・柔軟日割当候補なし×1・日割当候補なし×1), 吉江雄貴 B4(range後回し×11・希望固定×6・不採用×6 主因 c1:5・禁止連続×5・候補なし×3), モニカ B4(希望固定×10: 12/1・12/5・12/6・12/7・12/8・12/12ほか4日・range後回し×10・不採用×6 主因 c1:5 c2:1・禁止連続×3・候補なし×2), アリフ 休(range後回し×8・候補なし×5・不採用×5 主因 c1:4・希望固定×3・ピン破り×1) / 結合候補: tryRelocate×70 / 結合探索: 200通り試行/1ms→無駄打ち回避で早期終了
sample,60,2,on	33860	POST	後処理タイミング 総3804ms: HF80=9ms HF67=10ms HF66=1ms 巡回研磨(厳密日割当+c1/c3/range/apt/fair+曜日/交互)=1594ms C1共同LNS=1796ms 個人共同LNS=394ms 最終検査+HF70=0ms
sample,60,2,on	33860	POST	後処理パス別 計3802ms: C1共同LNS=1796ms(47%) C1広域ビーム=1104ms(29%) 個人回数共同LNS=338ms(8%) C1時系列フロー=185ms(4%) ComponentRepair=86ms(2%) BlockRotationPolish=66ms(1%) AdaptiveBlockSwapPolish=56ms(1%) AnchoredWindowSwap=30ms(0%)
sample,60,3,on	25918	V6Dispatcher	完了 algorithm=RSI HARD=1 total=281 elapsed=25911ms
sample,60,3,on	27922	V6Dispatcher	完了 algorithm=ALNS HARD=1 total=281 elapsed=2004ms
sample,60,3,on	28349	C1BeamPolish	期間要件(c1)研磨[ビーム K=16 steps=22/203ms/最良が20手更新されず打ち切り]: c1 8->6 / total 280->284 score 11560->11557 HARD 1->1 手数2
sample,60,3,on	30163	POST	後処理タイミング 総2205ms: HF80=12ms HF67=10ms HF66=1ms 巡回研磨(厳密日割当+c1/c3/range/apt/fair+曜日/交互)=867ms C1共同LNS=974ms 個人共同LNS=341ms 最終検査+HF70=0ms
sample,60,3,on	30163	POST	後処理パス別 計2204ms: C1共同LNS=974ms(44%) C1広域ビーム=370ms(16%) 個人回数共同LNS=287ms(13%) C1時系列フロー=215ms(9%) ComponentRepair=78ms(3%) BlockRotationPolish=66ms(2%) AnchoredWindowSwap=48ms(2%) RangePolish=25ms(1%)
sample,60,3,on	30163	UnifiedCheck	合計=270 | HARD=1 [groupViol=0 c3n=1 covU=0 pref=0 c3w=0] | SOFT=269 [c1=6 c2=1 c3=72 c3m=26 c42=7 low=4 high=2 fair=1 weekly=150] (0ms)
sample,60,3,on	28349	C1BeamPolish	期間要件(c1)研磨[ビーム K=16 steps=22/203ms/最良が20手更新されず打ち切り]: c1 8->6 / total 280->284 score 11560->11557 HARD 1->1 手数2
sample,60,3,on	30163	POST	後処理タイミング 総2205ms: HF80=12ms HF67=10ms HF66=1ms 巡回研磨(厳密日割当+c1/c3/range/apt/fair+曜日/交互)=867ms C1共同LNS=974ms 個人共同LNS=341ms 最終検査+HF70=0ms
sample,60,3,on	30163	POST	後処理パス別 計2204ms: C1共同LNS=974ms(44%) C1広域ビーム=370ms(16%) 個人回数共同LNS=287ms(13%) C1時系列フロー=215ms(9%) ComponentRepair=78ms(3%) BlockRotationPolish=66ms(2%) AnchoredWindowSwap=48ms(2%) RangePolish=25ms(1%)
sample,60,3,off	28008	V6Dispatcher	完了 algorithm=RSI HARD=1 total=265 elapsed=28007ms
sample,60,3,off	30011	V6Dispatcher	完了 algorithm=ALNS HARD=1 total=265 elapsed=2003ms
sample,60,3,off	30472	C1BeamPolish	期間要件(c1)研磨[ビーム K=16 steps=22/144ms/最良が20手更新されず打ち切り]: c1 5->5 / total 272->272 score 11281->11281 HARD 1->1 手数0 [探索結果が根に勝てず破棄]
sample,60,3,off	33227	POST	後処理タイミング 総3114ms: HF80=21ms HF67=17ms HF66=2ms 巡回研磨(厳密日割当+c1/c3/range/apt/fair+曜日/交互)=940ms C1共同LNS=1565ms 個人共同LNS=568ms 最終検査+HF70=1ms
sample,60,3,off	33227	POST	後処理パス別 計3108ms: C1共同LNS=1565ms(50%) 個人回数共同LNS=515ms(16%) C1広域ビーム=345ms(11%) C1時系列フロー=224ms(7%) ComponentRepair=199ms(6%) BlockRotationPolish=54ms(1%) AnchoredWindowSwap=31ms(0%) CyclicSwapPolish=29ms(0%)
sample,60,3,off	33226	UnifiedCheck	合計=270 | HARD=1 [groupViol=0 c3n=1 covU=0 pref=0 c3w=0] | SOFT=269 [c1=5 c2=1 c3=65 c3m=27 c42=7 low=4 high=1 fair=3 weekly=156] (0ms)
sample,60,3,off	30472	C1BeamPolish	期間要件(c1)研磨[ビーム K=16 steps=22/144ms/最良が20手更新されず打ち切り]: c1 5->5 / total 272->272 score 11281->11281 HARD 1->1 手数0 [探索結果が根に勝てず破棄]
sample,60,3,off	33227	POST	後処理タイミング 総3114ms: HF80=21ms HF67=17ms HF66=2ms 巡回研磨(厳密日割当+c1/c3/range/apt/fair+曜日/交互)=940ms C1共同LNS=1565ms 個人共同LNS=568ms 最終検査+HF70=1ms
sample,60,3,off	33227	POST	後処理パス別 計3108ms: C1共同LNS=1565ms(50%) 個人回数共同LNS=515ms(16%) C1広域ビーム=345ms(11%) C1時系列フロー=224ms(7%) ComponentRepair=199ms(6%) BlockRotationPolish=54ms(1%) AnchoredWindowSwap=31ms(0%) CyclicSwapPolish=29ms(0%)
sample,120,1,on	39358	V6Dispatcher	完了 algorithm=RSI HARD=1 total=284 elapsed=39356ms
sample,120,1,on	42361	V6Dispatcher	完了 algorithm=ALNS HARD=1 total=284 elapsed=3004ms
sample,120,1,on	42552	C1Polish	期間要件(c1)研磨: c1 7->5 / total 279->279 HARD 1->1 採用2回(鏡像:0 自己:1 再配置:1) 残存: 古泉 健一 休(5日1回)(不採用×25 主因 low:17 c3n:6), 古泉 健一 休(14日4回)(不採用×58 主因 low:30 c3n:20), 金沢勇輝 休(5日1回)(不採用×14 主因 c1:12 c3n:2), モニカ 休(14日4回)(不採用×34 主因 c1:12 c3n:12) / 結合候補: 手B×50 / 結合探索: 200通り試行/1ms→無駄打ち回避で早期終了
sample,120,1,on	43273	C1BeamPolish	期間要件(c1)研磨[ビーム K=16 steps=22/422ms/最良が20手更新されず打ち切り]: c1 5->5 / total 279->275 score 11514->11487 HARD 1->1 手数2
sample,120,1,on	46985	POST	後処理タイミング 総4517ms: HF80=13ms HF67=11ms HF66=1ms 巡回研磨(厳密日割当+c1/c3/range/apt/fair+曜日/交互)=1642ms C1共同LNS=1505ms 個人共同LNS=1344ms 最終検査+HF70=1ms
sample,120,1,on	46985	POST	後処理パス別 計4510ms: C1共同LNS=1505ms(33%) 個人回数共同LNS=1266ms(28%) C1広域ビーム=630ms(13%) C1時系列フロー=327ms(7%) AdaptiveBlockSwapPolish=157ms(3%) ComponentRepair=152ms(3%) BlockRotationPolish=92ms(2%) AnchoredWindowSwap=82ms(1%)
sample,120,1,on	46984	UnifiedCheck	合計=254 | HARD=1 [groupViol=0 c3n=1 covU=0 pref=0 c3w=0] | SOFT=253 [c1=3 c3=70 c3m=27 c42=6 low=4 high=3 fair=2 weekly=138] (0ms)
sample,120,1,on	42552	C1Polish	期間要件(c1)研磨: c1 7->5 / total 279->279 HARD 1->1 採用2回(鏡像:0 自己:1 再配置:1) 残存: 古泉 健一 休(5日1回)(不採用×25 主因 low:17 c3n:6), 古泉 健一 休(14日4回)(不採用×58 主因 low:30 c3n:20), 金沢勇輝 休(5日1回)(不採用×14 主因 c1:12 c3n:2), モニカ 休(14日4回)(不採用×34 主因 c1:12 c3n:12) / 結合候補: 手B×50 / 結合探索: 200通り試行/1ms→無駄打ち回避で早期終了
sample,120,1,on	43273	C1BeamPolish	期間要件(c1)研磨[ビーム K=16 steps=22/422ms/最良が20手更新されず打ち切り]: c1 5->5 / total 279->275 score 11514->11487 HARD 1->1 手数2
sample,120,1,on	46985	POST	後処理タイミング 総4517ms: HF80=13ms HF67=11ms HF66=1ms 巡回研磨(厳密日割当+c1/c3/range/apt/fair+曜日/交互)=1642ms C1共同LNS=1505ms 個人共同LNS=1344ms 最終検査+HF70=1ms
sample,120,1,on	46985	POST	後処理パス別 計4510ms: C1共同LNS=1505ms(33%) 個人回数共同LNS=1266ms(28%) C1広域ビーム=630ms(13%) C1時系列フロー=327ms(7%) AdaptiveBlockSwapPolish=157ms(3%) ComponentRepair=152ms(3%) BlockRotationPolish=92ms(2%) AnchoredWindowSwap=82ms(1%)
sample,120,1,off	36505	V6Dispatcher	完了 algorithm=RSI HARD=1 total=257 elapsed=36503ms
sample,120,1,off	39509	V6Dispatcher	完了 algorithm=ALNS HARD=1 total=257 elapsed=3003ms
sample,120,1,off	39602	C1Polish	期間要件(c1)研磨: c1 8->7 / total 255->255 HARD 1->1 採用1回(鏡像:0 自己:0 再配置:0) 残存: 古泉 健一 休(5日1回)(不採用×16 主因 low:8 c1:4), 古泉 健一 休(14日4回)(不採用×56 主因 low:27 c3n:16), 吉江雄貴 休(5日1回)(不採用×32 主因 low:11 c1:11), 吉江雄貴 休(14日4回)(不採用×32 主因 c1:12 low:10), モニカ 休(14日4回)(不採用×34 主因 c1:27 c3n:6) / 結合候補: 手B×82 / 結合探索: 200通り試行/1ms→無駄打ち回避で早期終了
sample,120,1,off	39923	C1BeamPolish	期間要件(c1)研磨[ビーム K=16 steps=22/251ms/最良が20手更新されず打ち切り]: c1 7->6 / total 255->256 score 11504->11462 HARD 1->1 手数2
sample,120,1,off	42797	POST	後処理タイミング 総3237ms: HF80=12ms HF67=10ms HF66=1ms 巡回研磨(厳密日割当+c1/c3/range/apt/fair+曜日/交互)=957ms C1共同LNS=1578ms 個人共同LNS=678ms 最終検査+HF70=1ms
sample,120,1,off	42797	POST	後処理パス別 計3231ms: C1共同LNS=1578ms(48%) 個人回数共同LNS=627ms(19%) C1広域ビーム=500ms(15%) C1時系列フロー=89ms(2%) ComponentRepair=85ms(2%) RangePolish=55ms(1%) BlockRotationPolish=52ms(1%) C3SequencePolish=43ms(1%)
sample,120,1,off	42796	UnifiedCheck	合計=254 | HARD=1 [groupViol=0 c3n=1 covU=0 pref=0 c3w=0] | SOFT=253 [c1=3 c3=62 c3m=25 c42=9 low=4 high=3 fair=3 weekly=144] (0ms)
sample,120,1,off	39602	C1Polish	期間要件(c1)研磨: c1 8->7 / total 255->255 HARD 1->1 採用1回(鏡像:0 自己:0 再配置:0) 残存: 古泉 健一 休(5日1回)(不採用×16 主因 low:8 c1:4), 古泉 健一 休(14日4回)(不採用×56 主因 low:27 c3n:16), 吉江雄貴 休(5日1回)(不採用×32 主因 low:11 c1:11), 吉江雄貴 休(14日4回)(不採用×32 主因 c1:12 low:10), モニカ 休(14日4回)(不採用×34 主因 c1:27 c3n:6) / 結合候補: 手B×82 / 結合探索: 200通り試行/1ms→無駄打ち回避で早期終了
sample,120,1,off	39923	C1BeamPolish	期間要件(c1)研磨[ビーム K=16 steps=22/251ms/最良が20手更新されず打ち切り]: c1 7->6 / total 255->256 score 11504->11462 HARD 1->1 手数2
sample,120,1,off	42797	POST	後処理タイミング 総3237ms: HF80=12ms HF67=10ms HF66=1ms 巡回研磨(厳密日割当+c1/c3/range/apt/fair+曜日/交互)=957ms C1共同LNS=1578ms 個人共同LNS=678ms 最終検査+HF70=1ms
sample,120,1,off	42797	POST	後処理パス別 計3231ms: C1共同LNS=1578ms(48%) 個人回数共同LNS=627ms(19%) C1広域ビーム=500ms(15%) C1時系列フロー=89ms(2%) ComponentRepair=85ms(2%) RangePolish=55ms(1%) BlockRotationPolish=52ms(1%) C3SequencePolish=43ms(1%)
sample,120,2,off	38775	V6Dispatcher	完了 algorithm=RSI HARD=1 total=249 elapsed=38773ms
sample,120,2,off	41779	V6Dispatcher	完了 algorithm=ALNS HARD=1 total=249 elapsed=3003ms
sample,120,2,off	42339	C1BeamPolish	期間要件(c1)研磨[ビーム K=16 steps=23/152ms/最良が20手更新されず打ち切り]: c1 6->6 / total 253->253 score 11414->11414 HARD 1->1 手数0 [探索結果が根に勝てず破棄]
sample,120,2,off	42409	RangePolish	個人回数(low/high)玉突き研磨: low 5->5 / high 4->3 / total 253->252 HARD 1->1 採用2回（日割当:2 / 柔軟日割当:0） 対象: 佐藤直美 A4, 福澤俊陽 Cｵ 残存: 福澤俊陽 休(希望固定×27: 12/2・12/4・12/5・12/7・12/13・12/14ほか3日・候補なし×15・range後回し×14・不採用×7 主因 low:3 c2:3・ピン破り×3), 福澤俊陽 A4(希望固定×20: 12/2・12/4・12/7・12/13・禁止連続×7・range後回し×7・候補なし×6・不採用×3 主因 weekly:2 low:1・ピン破り×2・柔軟日割当候補なし×1・日割当候補なし×1), 福澤俊陽 B4(希望固定×36: 12/2・12/4・12/5・12/6・12/7・12/10ほか6日・不採用×20 主因 c1:16 c2:4・候補なし×12・禁止連続×12・range後回し×11・ピン破り×2), 桒澤美幸 休(希望固定×48: 12/6・12/11・12/13・12/17・12/23・12/29ほか2日・不採用×18 主因 c1:18・柔軟日割当候補なし×3・日割当候補なし×3), 吉江雄貴 B4(range後回し×30・不採用×24 主因 c1:18 weekly:3・希望固定×18・禁止連続×12・候補なし×9), 金沢勇輝 B4(希望固定×24: 12/1・12/3・12/4・12/8・12/18・12/21ほか2日・不採用×21 主因 c1:18 weekly:3・候補なし×18・range後回し×18・禁止連続×9・ピン破り×3), モニカ 休(希望固定×90: 12/1・12/6・12/7・12/25・12/26・12/27・不採用×39 主因 c1:30 c3:9・禁止連続×36・柔軟日割当候補なし×3・日割当候補なし×3), アリフ B4(不採用×30 主因 c1:18 weekly:6・range後回し×21・希望固定×18・候補なし×15・禁止連続×9) / 結合候補: tryRelocate×282 / 結合探索: 200通り試行/1ms→無駄打ち回避で早期終了
sample,120,2,off	45583	POST	後処理タイミング 総3731ms: HF80=13ms HF67=11ms HF66=2ms 巡回研磨(厳密日割当+c1/c3/range/apt/fair+曜日/交互)=1320ms C1共同LNS=1502ms 個人共同LNS=882ms 最終検査+HF70=1ms
sample,120,2,off	45583	POST	後処理パス別 計3728ms: C1共同LNS=1502ms(40%) 個人回数共同LNS=821ms(22%) C1広域ビーム=682ms(18%) C1時系列フロー=367ms(9%) ComponentRepair=76ms(2%) BlockRotationPolish=64ms(1%) RangePolish=44ms(1%) AnchoredWindowSwap=29ms(0%)
sample,120,2,off	45582	UnifiedCheck	合計=251 | HARD=1 [groupViol=0 c3n=1 covU=0 pref=0 c3w=0] | SOFT=250 [c1=6 c3=61 c3m=26 c42=8 low=4 high=2 fair=3 weekly=140] (0ms)
sample,120,2,off	42339	C1BeamPolish	期間要件(c1)研磨[ビーム K=16 steps=23/152ms/最良が20手更新されず打ち切り]: c1 6->6 / total 253->253 score 11414->11414 HARD 1->1 手数0 [探索結果が根に勝てず破棄]
sample,120,2,off	42409	RangePolish	個人回数(low/high)玉突き研磨: low 5->5 / high 4->3 / total 253->252 HARD 1->1 採用2回（日割当:2 / 柔軟日割当:0） 対象: 佐藤直美 A4, 福澤俊陽 Cｵ 残存: 福澤俊陽 休(希望固定×27: 12/2・12/4・12/5・12/7・12/13・12/14ほか3日・候補なし×15・range後回し×14・不採用×7 主因 low:3 c2:3・ピン破り×3), 福澤俊陽 A4(希望固定×20: 12/2・12/4・12/7・12/13・禁止連続×7・range後回し×7・候補なし×6・不採用×3 主因 weekly:2 low:1・ピン破り×2・柔軟日割当候補なし×1・日割当候補なし×1), 福澤俊陽 B4(希望固定×36: 12/2・12/4・12/5・12/6・12/7・12/10ほか6日・不採用×20 主因 c1:16 c2:4・候補なし×12・禁止連続×12・range後回し×11・ピン破り×2), 桒澤美幸 休(希望固定×48: 12/6・12/11・12/13・12/17・12/23・12/29ほか2日・不採用×18 主因 c1:18・柔軟日割当候補なし×3・日割当候補なし×3), 吉江雄貴 B4(range後回し×30・不採用×24 主因 c1:18 weekly:3・希望固定×18・禁止連続×12・候補なし×9), 金沢勇輝 B4(希望固定×24: 12/1・12/3・12/4・12/8・12/18・12/21ほか2日・不採用×21 主因 c1:18 weekly:3・候補なし×18・range後回し×18・禁止連続×9・ピン破り×3), モニカ 休(希望固定×90: 12/1・12/6・12/7・12/25・12/26・12/27・不採用×39 主因 c1:30 c3:9・禁止連続×36・柔軟日割当候補なし×3・日割当候補なし×3), アリフ B4(不採用×30 主因 c1:18 weekly:6・range後回し×21・希望固定×18・候補なし×15・禁止連続×9) / 結合候補: tryRelocate×282 / 結合探索: 200通り試行/1ms→無駄打ち回避で早期終了
sample,120,2,off	45583	POST	後処理タイミング 総3731ms: HF80=13ms HF67=11ms HF66=2ms 巡回研磨(厳密日割当+c1/c3/range/apt/fair+曜日/交互)=1320ms C1共同LNS=1502ms 個人共同LNS=882ms 最終検査+HF70=1ms
sample,120,2,off	45583	POST	後処理パス別 計3728ms: C1共同LNS=1502ms(40%) 個人回数共同LNS=821ms(22%) C1広域ビーム=682ms(18%) C1時系列フロー=367ms(9%) ComponentRepair=76ms(2%) BlockRotationPolish=64ms(1%) RangePolish=44ms(1%) AnchoredWindowSwap=29ms(0%)
sample,120,2,on	36356	V6Dispatcher	完了 algorithm=RSI HARD=1 total=279 elapsed=36354ms
sample,120,2,on	39360	V6Dispatcher	完了 algorithm=ALNS HARD=1 total=279 elapsed=3004ms
sample,120,2,on	39452	C1Polish	期間要件(c1)研磨: c1 7->6 / total 277->280 HARD 1->1 採用1回(鏡像:0 自己:0 再配置:0) 残存: 古泉 健一 休(5日1回)(不採用×22 主因 low:14 c3n:5), 古泉 健一 休(14日4回)(不採用×28 主因 c1:11 c3n:10), 山本昌幸 休(14日4回)(不採用×40 主因 low:14 c3n:14), 福澤俊陽 休(14日4回)(不採用×12 主因 c1:6 c3n:4) / 結合候補: 手B×42 / 結合探索: 200通り試行/1ms→無駄打ち回避で早期終了
sample,120,2,on	39683	C1BeamPolish	期間要件(c1)研磨[ビーム K=16 steps=22/168ms/最良が20手更新されず打ち切り]: c1 6->6 / total 280->280 score 11404->11404 HARD 1->1 手数0 [探索結果が根に勝てず破棄]
sample,120,2,on	39708	RangePolish	個人回数(low/high)玉突き研磨: low 4->4 / high 3->3 / total 281->281 HARD 1->1 採用0回（日割当:0 / 柔軟日割当:0） [頭打ち=改善手なし] 残存: 山本昌幸 B4(range後回し×8・不採用×7 主因 c1:6 c2:1・希望固定×6・候補なし×5・禁止連続×5), 福澤俊陽 休(希望固定×9: 12/2・12/4・12/5・12/7・12/13・12/14ほか3日・候補なし×5・range後回し×5・ピン破り×2・不採用×1 主因 c3:1), 桒澤美幸 休(希望固定×16: 12/6・12/11・12/13・12/17・12/23・12/29ほか2日・不採用×10 主因 c1:8 c3:2・柔軟日割当候補なし×1・日割当候補なし×1), モニカ B4(希望固定×10: 12/1・12/5・12/6・12/7・12/8・12/12ほか4日・不採用×8 主因 c1:5 low:1・range後回し×7・候補なし×3・禁止連続×3), アリフ B4(不採用×9 主因 c1:7 low:1・候補なし×6・希望固定×6・range後回し×5・禁止連続×4・ピン破り×1) / 結合候補: tryRelocate×63 / 結合探索: 200通り試行/1ms→無駄打ち回避で早期終了
sample,120,2,on	41869	POST	後処理タイミング 総2457ms: HF80=12ms HF67=12ms HF66=0ms 巡回研磨(厳密日割当+c1/c3/range/apt/fair+曜日/交互)=608ms C1共同LNS=1016ms 個人共同LNS=808ms 最終検査+HF70=1ms
sample,120,2,on	41869	POST	後処理パス別 計2455ms: C1共同LNS=1016ms(41%) 個人回数共同LNS=754ms(30%) C1広域ビーム=305ms(12%) C1時系列フロー=106ms(4%) ComponentRepair=85ms(3%) BlockRotationPolish=27ms(1%) C3SequencePolish=23ms(0%) AnchoredWindowSwap=22ms(0%)
sample,120,2,on	41869	UnifiedCheck	合計=277 | HARD=1 [groupViol=0 c3n=1 covU=0 pref=0 c3w=0] | SOFT=276 [c1=6 c3=60 c3m=28 c42=9 low=4 high=2 fair=2 weekly=165] (0ms)
sample,120,2,on	39452	C1Polish	期間要件(c1)研磨: c1 7->6 / total 277->280 HARD 1->1 採用1回(鏡像:0 自己:0 再配置:0) 残存: 古泉 健一 休(5日1回)(不採用×22 主因 low:14 c3n:5), 古泉 健一 休(14日4回)(不採用×28 主因 c1:11 c3n:10), 山本昌幸 休(14日4回)(不採用×40 主因 low:14 c3n:14), 福澤俊陽 休(14日4回)(不採用×12 主因 c1:6 c3n:4) / 結合候補: 手B×42 / 結合探索: 200通り試行/1ms→無駄打ち回避で早期終了
sample,120,2,on	39683	C1BeamPolish	期間要件(c1)研磨[ビーム K=16 steps=22/168ms/最良が20手更新されず打ち切り]: c1 6->6 / total 280->280 score 11404->11404 HARD 1->1 手数0 [探索結果が根に勝てず破棄]
sample,120,2,on	39708	RangePolish	個人回数(low/high)玉突き研磨: low 4->4 / high 3->3 / total 281->281 HARD 1->1 採用0回（日割当:0 / 柔軟日割当:0） [頭打ち=改善手なし] 残存: 山本昌幸 B4(range後回し×8・不採用×7 主因 c1:6 c2:1・希望固定×6・候補なし×5・禁止連続×5), 福澤俊陽 休(希望固定×9: 12/2・12/4・12/5・12/7・12/13・12/14ほか3日・候補なし×5・range後回し×5・ピン破り×2・不採用×1 主因 c3:1), 桒澤美幸 休(希望固定×16: 12/6・12/11・12/13・12/17・12/23・12/29ほか2日・不採用×10 主因 c1:8 c3:2・柔軟日割当候補なし×1・日割当候補なし×1), モニカ B4(希望固定×10: 12/1・12/5・12/6・12/7・12/8・12/12ほか4日・不採用×8 主因 c1:5 low:1・range後回し×7・候補なし×3・禁止連続×3), アリフ B4(不採用×9 主因 c1:7 low:1・候補なし×6・希望固定×6・range後回し×5・禁止連続×4・ピン破り×1) / 結合候補: tryRelocate×63 / 結合探索: 200通り試行/1ms→無駄打ち回避で早期終了
sample,120,2,on	41869	POST	後処理タイミング 総2457ms: HF80=12ms HF67=12ms HF66=0ms 巡回研磨(厳密日割当+c1/c3/range/apt/fair+曜日/交互)=608ms C1共同LNS=1016ms 個人共同LNS=808ms 最終検査+HF70=1ms
sample,120,2,on	41869	POST	後処理パス別 計2455ms: C1共同LNS=1016ms(41%) 個人回数共同LNS=754ms(30%) C1広域ビーム=305ms(12%) C1時系列フロー=106ms(4%) ComponentRepair=85ms(3%) BlockRotationPolish=27ms(1%) C3SequencePolish=23ms(0%) AnchoredWindowSwap=22ms(0%)
sample,120,3,on	34751	V6Dispatcher	完了 algorithm=RSI HARD=1 total=255 elapsed=34750ms
sample,120,3,on	50411	V6Dispatcher	完了 algorithm=ALNS HARD=1 total=248 elapsed=15660ms
sample,120,3,on	50719	C1BeamPolish	期間要件(c1)研磨[ビーム K=16 steps=22/141ms/最良が20手更新されず打ち切り]: c1 5->5 / total 252->252 score 11280->11280 HARD 1->1 手数0 [探索結果が根に勝てず破棄]
sample,120,3,on	53785	POST	後処理タイミング 総3302ms: HF80=11ms HF67=8ms HF66=1ms 巡回研磨(厳密日割当+c1/c3/range/apt/fair+曜日/交互)=674ms C1共同LNS=1911ms 個人共同LNS=696ms 最終検査+HF70=1ms
sample,120,3,on	53785	POST	後処理パス別 計3297ms: C1共同LNS=1911ms(57%) 個人回数共同LNS=638ms(19%) C1広域ビーム=286ms(8%) ComponentRepair=140ms(4%) C1時系列フロー=121ms(3%) AnchoredWindowSwap=28ms(0%) BlockRotationPolish=28ms(0%) C3SequencePolish=23ms(0%)
sample,120,3,on	53785	UnifiedCheck	合計=250 | HARD=1 [groupViol=0 c3n=1 covU=0 pref=0 c3w=0] | SOFT=249 [c1=4 c3=57 c3m=26 c42=7 low=4 high=3 fair=3 weekly=145] (0ms)
sample,120,3,on	50719	C1BeamPolish	期間要件(c1)研磨[ビーム K=16 steps=22/141ms/最良が20手更新されず打ち切り]: c1 5->5 / total 252->252 score 11280->11280 HARD 1->1 手数0 [探索結果が根に勝てず破棄]
sample,120,3,on	53785	POST	後処理タイミング 総3302ms: HF80=11ms HF67=8ms HF66=1ms 巡回研磨(厳密日割当+c1/c3/range/apt/fair+曜日/交互)=674ms C1共同LNS=1911ms 個人共同LNS=696ms 最終検査+HF70=1ms
sample,120,3,on	53785	POST	後処理パス別 計3297ms: C1共同LNS=1911ms(57%) 個人回数共同LNS=638ms(19%) C1広域ビーム=286ms(8%) ComponentRepair=140ms(4%) C1時系列フロー=121ms(3%) AnchoredWindowSwap=28ms(0%) BlockRotationPolish=28ms(0%) C3SequencePolish=23ms(0%)
sample,120,3,off	31832	V6Dispatcher	完了 algorithm=RSI HARD=1 total=273 elapsed=31830ms
sample,120,3,off	34835	V6Dispatcher	完了 algorithm=ALNS HARD=1 total=273 elapsed=3003ms
sample,120,3,off	35100	C1BeamPolish	期間要件(c1)研磨[ビーム K=16 steps=22/146ms/最良が20手更新されず打ち切り]: c1 4->4 / total 273->273 score 11444->11444 HARD 1->1 手数0 [探索結果が根に勝てず破棄]
sample,120,3,off	35216	FairPolish	グループ内公平化(fair)研磨: fair 3->3 / total 269->269 HARD 1->1 採用0回 [頭打ち=改善手なし] 不採用15件(重み悪化:15)(主因 c1:10 low:5) 残存: 佐藤直美 Dﾃ, 福澤俊陽 A4, 福澤俊陽 Cｵ / 結合候補: FairChain×15 / 結合探索: 200通り試行/1ms→無駄打ち回避で早期終了
sample,120,3,off	37882	POST	後処理タイミング 総3009ms: HF80=11ms HF67=10ms HF66=1ms 巡回研磨(厳密日割当+c1/c3/range/apt/fair+曜日/交互)=652ms C1共同LNS=1527ms 個人共同LNS=808ms 最終検査+HF70=0ms
sample,120,3,off	37882	POST	後処理パス別 計3008ms: C1共同LNS=1527ms(50%) 個人回数共同LNS=754ms(25%) C1広域ビーム=308ms(10%) C1時系列フロー=95ms(3%) ComponentRepair=72ms(2%) BlockRotationPolish=57ms(1%) RangePolish=39ms(1%) AdaptiveBlockSwapPolish=31ms(1%)
sample,120,3,off	37882	UnifiedCheck	合計=262 | HARD=1 [groupViol=0 c3n=1 covU=0 pref=0 c3w=0] | SOFT=261 [c1=4 c2=1 c3=66 c3m=26 c42=7 low=4 high=3 fair=3 weekly=147] (0ms)
sample,120,3,off	35100	C1BeamPolish	期間要件(c1)研磨[ビーム K=16 steps=22/146ms/最良が20手更新されず打ち切り]: c1 4->4 / total 273->273 score 11444->11444 HARD 1->1 手数0 [探索結果が根に勝てず破棄]
sample,120,3,off	35216	FairPolish	グループ内公平化(fair)研磨: fair 3->3 / total 269->269 HARD 1->1 採用0回 [頭打ち=改善手なし] 不採用15件(重み悪化:15)(主因 c1:10 low:5) 残存: 佐藤直美 Dﾃ, 福澤俊陽 A4, 福澤俊陽 Cｵ / 結合候補: FairChain×15 / 結合探索: 200通り試行/1ms→無駄打ち回避で早期終了
sample,120,3,off	37882	POST	後処理タイミング 総3009ms: HF80=11ms HF67=10ms HF66=1ms 巡回研磨(厳密日割当+c1/c3/range/apt/fair+曜日/交互)=652ms C1共同LNS=1527ms 個人共同LNS=808ms 最終検査+HF70=0ms
sample,120,3,off	37882	POST	後処理パス別 計3008ms: C1共同LNS=1527ms(50%) 個人回数共同LNS=754ms(25%) C1広域ビーム=308ms(10%) C1時系列フロー=95ms(3%) ComponentRepair=72ms(2%) BlockRotationPolish=57ms(1%) RangePolish=39ms(1%) AdaptiveBlockSwapPolish=31ms(1%)
blocked_covu,60,1,on	39027	V6Dispatcher	完了 algorithm=RSI HARD=4 total=299 elapsed=39023ms
blocked_covu,60,1,on	52006	V6Dispatcher	完了 algorithm=ALNS HARD=4 total=299 elapsed=12980ms
blocked_covu,60,1,on	52307	C1Polish	期間要件(c1)研磨: c1 55->51 / total 288->287 HARD 4->4 採用3回(鏡像:2 自己:0 再配置:0) 残存: 職員A 休(5日1回)(不採用×18 主因 c3n:12 low:2), 職員B 休(5日1回)(不採用×19 主因 c3n:10 c1:5), 職員C 休(5日1回)(不採用×33 主因 c1:16 c3n:12), 職員E Dﾃ(14日1回)(不採用×38 主因 c3n:35 low:3), 職員B 休(15日4回)(不採用×32 主因 c3n:16 c1:13), 職員E 休(5日1回)(不採用×44 主因 low:23 c3n:19), 職員C 休(15日4回)(不採用×44 主因 c3n:20 c1:15), 職員F 休(5日1回)(不採用×16 主因 c1:10 c3n:6), 職員F 休(15日4回)(不採用×60 主因 c3n:24 c1:23), 職員I 休(5日1回)(不採用×50 主因 low:25 c3n:20), 職員J 休(5日1回)(不採用×28 主因 c3n:10 low:9), 職員I 休(15日4回)(不採用×78 主因 low:31 c3n:30), 職員J 休(15日4回)(不採用×70 主因 c1:30 c3n:26) / 結合候補: 手B×184 / 結合探索: 200通り試行/2ms→無駄打ち回避で早期終了
blocked_covu,60,1,on	52999	C1BeamPolish	期間要件(c1)研磨[ビーム K=16 steps=26/312ms/最良が20手更新されず打ち切り]: c1 51->51 / total 287->287 score 43017->43017 HARD 4->4 手数0 [探索結果が根に勝てず破棄]
blocked_covu,60,1,on	53041	C3mnPolish	回避パターン(c3mn)研磨: c3mn 3->3 / total 283->283 HARD 4->4 採用0回 [頭打ち=改善手なし] 不採用11件(重み悪化:11)(主因 c1:9 c3m:2) 残存: 職員G, 職員C, 職員I / 結合候補: C3mnAlt×11 / 結合探索: 200通り試行/1ms→無駄打ち回避で早期終了
blocked_covu,60,1,on	56339	POST	後処理タイミング 総4223ms: HF80=62ms HF67=22ms HF66=1ms 巡回研磨(厳密日割当+c1/c3/range/apt/fair+曜日/交互)=2094ms C1共同LNS=1654ms 個人共同LNS=390ms 最終検査+HF70=0ms
blocked_covu,60,1,on	56339	POST	後処理パス別 計4217ms: C1共同LNS=1654ms(39%) C1時系列フロー=682ms(16%) C1広域ビーム=679ms(16%) 個人回数共同LNS=318ms(7%) ComponentRepair=247ms(5%) BlockRotationPolish=144ms(3%) C1同日交換=74ms(1%) C3SequencePolish=70ms(1%)
blocked_covu,60,1,on	56339	UnifiedCheck	合計=280 | HARD=4 [groupViol=0 c3n=1 covU=3 pref=0 c3w=0] | SOFT=276 [c1=50 c3m=9 c3mn=3 c42=4 covO=2 low=4 high=4 fair=10 weekly=190] (0ms)
blocked_covu,60,1,on	52307	C1Polish	期間要件(c1)研磨: c1 55->51 / total 288->287 HARD 4->4 採用3回(鏡像:2 自己:0 再配置:0) 残存: 職員A 休(5日1回)(不採用×18 主因 c3n:12 low:2), 職員B 休(5日1回)(不採用×19 主因 c3n:10 c1:5), 職員C 休(5日1回)(不採用×33 主因 c1:16 c3n:12), 職員E Dﾃ(14日1回)(不採用×38 主因 c3n:35 low:3), 職員B 休(15日4回)(不採用×32 主因 c3n:16 c1:13), 職員E 休(5日1回)(不採用×44 主因 low:23 c3n:19), 職員C 休(15日4回)(不採用×44 主因 c3n:20 c1:15), 職員F 休(5日1回)(不採用×16 主因 c1:10 c3n:6), 職員F 休(15日4回)(不採用×60 主因 c3n:24 c1:23), 職員I 休(5日1回)(不採用×50 主因 low:25 c3n:20), 職員J 休(5日1回)(不採用×28 主因 c3n:10 low:9), 職員I 休(15日4回)(不採用×78 主因 low:31 c3n:30), 職員J 休(15日4回)(不採用×70 主因 c1:30 c3n:26) / 結合候補: 手B×184 / 結合探索: 200通り試行/2ms→無駄打ち回避で早期終了
blocked_covu,60,1,on	52999	C1BeamPolish	期間要件(c1)研磨[ビーム K=16 steps=26/312ms/最良が20手更新されず打ち切り]: c1 51->51 / total 287->287 score 43017->43017 HARD 4->4 手数0 [探索結果が根に勝てず破棄]
blocked_covu,60,1,on	53041	C3mnPolish	回避パターン(c3mn)研磨: c3mn 3->3 / total 283->283 HARD 4->4 採用0回 [頭打ち=改善手なし] 不採用11件(重み悪化:11)(主因 c1:9 c3m:2) 残存: 職員G, 職員C, 職員I / 結合候補: C3mnAlt×11 / 結合探索: 200通り試行/1ms→無駄打ち回避で早期終了
blocked_covu,60,1,on	56339	POST	後処理タイミング 総4223ms: HF80=62ms HF67=22ms HF66=1ms 巡回研磨(厳密日割当+c1/c3/range/apt/fair+曜日/交互)=2094ms C1共同LNS=1654ms 個人共同LNS=390ms 最終検査+HF70=0ms
blocked_covu,60,1,on	56339	POST	後処理パス別 計4217ms: C1共同LNS=1654ms(39%) C1時系列フロー=682ms(16%) C1広域ビーム=679ms(16%) 個人回数共同LNS=318ms(7%) ComponentRepair=247ms(5%) BlockRotationPolish=144ms(3%) C1同日交換=74ms(1%) C3SequencePolish=70ms(1%)
blocked_covu,60,1,off	39012	V6Dispatcher	完了 algorithm=RSI HARD=4 total=298 elapsed=39011ms
blocked_covu,60,1,off	52000	V6Dispatcher	完了 algorithm=ALNS HARD=4 total=298 elapsed=12988ms
blocked_covu,60,1,off	52986	C1BeamPolish	期間要件(c1)研磨[ビーム K=16 steps=27/276ms/最良が20手更新されず打ち切り]: c1 58->54 / total 282->280 score 43522->43326 HARD 4->4 手数7
blocked_covu,60,1,off	53039	RangePolish	個人回数(low/high)玉突き研磨: low 4->4 / high 4->4 / total 283->283 HARD 4->4 採用0回（日割当:0 / 柔軟日割当:0） [頭打ち=改善手なし] 残存: 職員A 休(希望固定×56: 8/8・8/11・8/13・8/18・8/21・8/22ほか2日・禁止連続×9・不採用×5 主因 c1:5・柔軟日割当候補なし×1・日割当候補なし×1), 職員B B4(不採用×11 主因 c1:9 low:1・候補なし×6・希望固定×6・禁止連続×4・range後回し×4), 職員C 休(希望固定×7: 8/1・8/3・8/5・8/7・8/12・8/21ほか1日・range後回し×7・候補なし×4・不採用×3 主因 c1:2 low:1・ピン破り×1), 職員C B4(希望固定×24: 8/3・8/5・8/7・柔軟日割当候補なし×1・日割当候補なし×1), 職員F B4(不採用×12 主因 c1:9 weekly:2・候補なし×7・希望固定×6・range後回し×6), 職員G B4(不採用×10 主因 c1:8 low:2・希望固定×6・range後回し×6・禁止連続×5・候補なし×4), 職員I 休(禁止連続×23: 8/9・8/10・8/13・8/19・8/24・希望固定×14・不採用×12 主因 c1:12・柔軟日割当候補なし×1・日割当候補なし×1) / 結合候補: tryRelocate×77 / 結合探索: 200通り試行/1ms→無駄打ち回避で早期終了
blocked_covu,60,1,off	53078	FairPolish	グループ内公平化(fair)研磨: fair 9->9 / total 283->283 HARD 4->4 採用0回 [頭打ち=改善手なし] 不採用77件(重み悪化:77)(主因 low:40 c1:37) 残存: 職員I 希, 職員C Aｱ, 職員C Cｱ, 職員E 希, 職員J Dﾃ, 職員I A4, 職員G 希, 職員J 希 / 結合候補: FairChain×77 / 結合探索: 200通り試行/1ms→無駄打ち回避で早期終了
blocked_covu,60,1,off	60002	POST	後処理タイミング 総7913ms: HF80=18ms HF67=20ms HF66=0ms 巡回研磨(厳密日割当+c1/c3/range/apt/fair+曜日/交互)=3939ms C1共同LNS=3826ms 個人共同LNS=110ms 最終検査+HF70=0ms
blocked_covu,60,1,off	60002	POST	後処理パス別 計7905ms: C1共同LNS=3826ms(48%) C1時系列フロー=1673ms(21%) C1広域ビーム=1028ms(13%) ComponentRepair=325ms(4%) BlockRotationPolish=184ms(2%) CyclicSwapPolish=160ms(2%) C1同日交換=138ms(1%) C1索引修復=126ms(1%)
blocked_covu,60,1,off	60002	UnifiedCheck	合計=290 | HARD=4 [groupViol=0 c3n=1 covU=3 pref=0 c3w=0] | SOFT=286 [c1=50 c3m=8 c3mn=4 c42=6 covO=3 low=4 high=5 fair=15 weekly=191] (0ms)
blocked_covu,60,1,off	52986	C1BeamPolish	期間要件(c1)研磨[ビーム K=16 steps=27/276ms/最良が20手更新されず打ち切り]: c1 58->54 / total 282->280 score 43522->43326 HARD 4->4 手数7
blocked_covu,60,1,off	53039	RangePolish	個人回数(low/high)玉突き研磨: low 4->4 / high 4->4 / total 283->283 HARD 4->4 採用0回（日割当:0 / 柔軟日割当:0） [頭打ち=改善手なし] 残存: 職員A 休(希望固定×56: 8/8・8/11・8/13・8/18・8/21・8/22ほか2日・禁止連続×9・不採用×5 主因 c1:5・柔軟日割当候補なし×1・日割当候補なし×1), 職員B B4(不採用×11 主因 c1:9 low:1・候補なし×6・希望固定×6・禁止連続×4・range後回し×4), 職員C 休(希望固定×7: 8/1・8/3・8/5・8/7・8/12・8/21ほか1日・range後回し×7・候補なし×4・不採用×3 主因 c1:2 low:1・ピン破り×1), 職員C B4(希望固定×24: 8/3・8/5・8/7・柔軟日割当候補なし×1・日割当候補なし×1), 職員F B4(不採用×12 主因 c1:9 weekly:2・候補なし×7・希望固定×6・range後回し×6), 職員G B4(不採用×10 主因 c1:8 low:2・希望固定×6・range後回し×6・禁止連続×5・候補なし×4), 職員I 休(禁止連続×23: 8/9・8/10・8/13・8/19・8/24・希望固定×14・不採用×12 主因 c1:12・柔軟日割当候補なし×1・日割当候補なし×1) / 結合候補: tryRelocate×77 / 結合探索: 200通り試行/1ms→無駄打ち回避で早期終了
blocked_covu,60,1,off	53078	FairPolish	グループ内公平化(fair)研磨: fair 9->9 / total 283->283 HARD 4->4 採用0回 [頭打ち=改善手なし] 不採用77件(重み悪化:77)(主因 low:40 c1:37) 残存: 職員I 希, 職員C Aｱ, 職員C Cｱ, 職員E 希, 職員J Dﾃ, 職員I A4, 職員G 希, 職員J 希 / 結合候補: FairChain×77 / 結合探索: 200通り試行/1ms→無駄打ち回避で早期終了
blocked_covu,60,1,off	60002	POST	後処理タイミング 総7913ms: HF80=18ms HF67=20ms HF66=0ms 巡回研磨(厳密日割当+c1/c3/range/apt/fair+曜日/交互)=3939ms C1共同LNS=3826ms 個人共同LNS=110ms 最終検査+HF70=0ms
blocked_covu,60,1,off	60002	POST	後処理パス別 計7905ms: C1共同LNS=3826ms(48%) C1時系列フロー=1673ms(21%) C1広域ビーム=1028ms(13%) ComponentRepair=325ms(4%) BlockRotationPolish=184ms(2%) CyclicSwapPolish=160ms(2%) C1同日交換=138ms(1%) C1索引修復=126ms(1%)
blocked_covu,60,2,off	39013	V6Dispatcher	完了 algorithm=RSI HARD=4 total=325 elapsed=39011ms
blocked_covu,60,2,off	52001	V6Dispatcher	完了 algorithm=ALNS HARD=4 total=325 elapsed=12988ms
blocked_covu,60,2,off	52305	C1Polish	期間要件(c1)研磨: c1 55->53 / total 303->299 HARD 4->4 採用1回(鏡像:0 自己:0 再配置:1) 残存: 職員A 休(5日1回)(不採用×9 主因 low:5 c3n:4), 職員C 休(5日1回)(不採用×20 主因 c1:10 c3n:9), 職員E Dﾃ(14日1回)(不採用×17 主因 c3n:16 low:1), 職員E 休(5日1回)(不採用×21 主因 low:10 c3n:10), 職員F 休(5日1回)(不採用×18 主因 c3n:10 c1:4), 職員E 休(15日4回)(不採用×26 主因 c3n:14 c1:6), 職員F 休(15日4回)(不採用×28 主因 c3n:11 low:9), 職員I 休(5日1回)(不採用×23 主因 low:14 c3n:6), 職員J 休(5日1回)(不採用×16 主因 c3n:8 low:7), 職員I 休(15日4回)(不採用×28 主因 low:14 c3n:10), 職員J 休(15日4回)(不採用×39 主因 c3n:16 low:14), 職員A Dﾃ(14日1回)(不採用×11 主因 c3n:9 c1:2) / 結合候補: 手B×91 / 結合探索: 200通り試行/2ms→無駄打ち回避で早期終了
blocked_covu,60,2,off	52858	C1BeamPolish	期間要件(c1)研磨[ビーム K=16 steps=27/238ms/最良が20手更新されず打ち切り]: c1 51->49 / total 294->296 score 43019->42927 HARD 4->4 手数7
blocked_covu,60,2,off	53004	RangePolish	個人回数(low/high)玉突き研磨: low 4->3 / high 3->3 / total 296->297 HARD 4->4 採用1回（日割当:0 / 柔軟日割当:0） 対象: 職員B Cｵ 残存: 職員B B4(不採用×17 主因 c1:13・range後回し×13・候補なし×12・希望固定×12・禁止連続×8), 職員C B4(希望固定×48: 8/3・8/5・8/7・柔軟日割当候補なし×2・日割当候補なし×2), 職員F B4(不採用×23 主因 c1:19 weekly:3・候補なし×14・range後回し×13・希望固定×12), 職員G B4(不採用×20 主因 c1:14 low:6・range後回し×14・希望固定×12・候補なし×8・禁止連続×8), 職員I 休(禁止連続×40: 8/8・8/11・8/12・8/15・8/19・不採用×30 主因 c1:30・希望固定×28・柔軟日割当候補なし×2・日割当候補なし×2) / 結合候補: tryRelocate×130 / 結合探索: 200通り試行/1ms→無駄打ち回避で早期終了
blocked_covu,60,2,off	56255	POST	後処理タイミング 総4074ms: HF80=18ms HF67=21ms HF66=1ms 巡回研磨(厳密日割当+c1/c3/range/apt/fair+曜日/交互)=2079ms C1共同LNS=1501ms 個人共同LNS=454ms 最終検査+HF70=0ms
blocked_covu,60,2,off	56255	POST	後処理パス別 計4071ms: C1共同LNS=1501ms(36%) C1時系列フロー=688ms(16%) C1広域ビーム=521ms(12%) 個人回数共同LNS=403ms(9%) ComponentRepair=289ms(7%) BlockRotationPolish=266ms(6%) C1索引修復=88ms(2%) CyclicSwapPolish=84ms(2%)
blocked_covu,60,2,off	56255	UnifiedCheck	合計=297 | HARD=4 [groupViol=0 c3n=1 covU=3 pref=0 c3w=0] | SOFT=293 [c1=49 c3m=10 c3mn=4 c42=6 covO=2 low=3 high=3 fair=13 weekly=203] (0ms)
blocked_covu,60,2,off	52305	C1Polish	期間要件(c1)研磨: c1 55->53 / total 303->299 HARD 4->4 採用1回(鏡像:0 自己:0 再配置:1) 残存: 職員A 休(5日1回)(不採用×9 主因 low:5 c3n:4), 職員C 休(5日1回)(不採用×20 主因 c1:10 c3n:9), 職員E Dﾃ(14日1回)(不採用×17 主因 c3n:16 low:1), 職員E 休(5日1回)(不採用×21 主因 low:10 c3n:10), 職員F 休(5日1回)(不採用×18 主因 c3n:10 c1:4), 職員E 休(15日4回)(不採用×26 主因 c3n:14 c1:6), 職員F 休(15日4回)(不採用×28 主因 c3n:11 low:9), 職員I 休(5日1回)(不採用×23 主因 low:14 c3n:6), 職員J 休(5日1回)(不採用×16 主因 c3n:8 low:7), 職員I 休(15日4回)(不採用×28 主因 low:14 c3n:10), 職員J 休(15日4回)(不採用×39 主因 c3n:16 low:14), 職員A Dﾃ(14日1回)(不採用×11 主因 c3n:9 c1:2) / 結合候補: 手B×91 / 結合探索: 200通り試行/2ms→無駄打ち回避で早期終了
blocked_covu,60,2,off	52858	C1BeamPolish	期間要件(c1)研磨[ビーム K=16 steps=27/238ms/最良が20手更新されず打ち切り]: c1 51->49 / total 294->296 score 43019->42927 HARD 4->4 手数7
blocked_covu,60,2,off	53004	RangePolish	個人回数(low/high)玉突き研磨: low 4->3 / high 3->3 / total 296->297 HARD 4->4 採用1回（日割当:0 / 柔軟日割当:0） 対象: 職員B Cｵ 残存: 職員B B4(不採用×17 主因 c1:13・range後回し×13・候補なし×12・希望固定×12・禁止連続×8), 職員C B4(希望固定×48: 8/3・8/5・8/7・柔軟日割当候補なし×2・日割当候補なし×2), 職員F B4(不採用×23 主因 c1:19 weekly:3・候補なし×14・range後回し×13・希望固定×12), 職員G B4(不採用×20 主因 c1:14 low:6・range後回し×14・希望固定×12・候補なし×8・禁止連続×8), 職員I 休(禁止連続×40: 8/8・8/11・8/12・8/15・8/19・不採用×30 主因 c1:30・希望固定×28・柔軟日割当候補なし×2・日割当候補なし×2) / 結合候補: tryRelocate×130 / 結合探索: 200通り試行/1ms→無駄打ち回避で早期終了
blocked_covu,60,2,off	56255	POST	後処理タイミング 総4074ms: HF80=18ms HF67=21ms HF66=1ms 巡回研磨(厳密日割当+c1/c3/range/apt/fair+曜日/交互)=2079ms C1共同LNS=1501ms 個人共同LNS=454ms 最終検査+HF70=0ms
blocked_covu,60,2,off	56255	POST	後処理パス別 計4071ms: C1共同LNS=1501ms(36%) C1時系列フロー=688ms(16%) C1広域ビーム=521ms(12%) 個人回数共同LNS=403ms(9%) ComponentRepair=289ms(7%) BlockRotationPolish=266ms(6%) C1索引修復=88ms(2%) CyclicSwapPolish=84ms(2%)
blocked_covu,60,2,on	39011	V6Dispatcher	完了 algorithm=RSI HARD=4 total=294 elapsed=39010ms
blocked_covu,60,2,on	52002	V6Dispatcher	完了 algorithm=ALNS HARD=4 total=294 elapsed=12990ms
blocked_covu,60,2,on	52183	C1Polish	期間要件(c1)研磨: c1 48->48 / total 278->278 HARD 4->4 採用0回(鏡像:0 自己:0 再配置:0) [頭打ち=改善手なし] 残存: 職員A 休(5日1回)(不採用×9 主因 c3n:5 low:2), 職員B 休(5日1回)(不採用×8 主因 c3n:5 c1:2), 職員C 休(5日1回)(不採用×5 主因 c1:3 c3n:2), 職員E Dﾃ(14日1回)(不採用×17 主因 c3n:16 low:1), 職員B 休(15日4回)(不採用×17 主因 c3n:8 c1:7), 職員E 休(5日1回)(不採用×21 主因 low:12 c1:5), 職員F 休(15日4回)(不採用×24 主因 c1:12 c3n:11), 職員I 休(5日1回)(不採用×27 主因 low:10 c1:8), 職員J 休(5日1回)(不採用×24 主因 c1:12 c3n:7), 職員I 休(15日4回)(不採用×38 主因 c3n:14 low:12), 職員J 休(15日4回)(不採用×33 主因 c1:19 c3n:11), 職員A Dﾃ(14日1回)(不採用×11 主因 c1:5 c3n:5) / 結合候補: 手B×82 / 結合探索: 200通り試行/1ms→無駄打ち回避で早期終了
blocked_covu,60,2,on	52711	C1BeamPolish	期間要件(c1)研磨[ビーム K=16 steps=24/212ms/最良が20手更新されず打ち切り]: c1 48->48 / total 276->276 score 42938->42938 HARD 4->4 手数0 [探索結果が根に勝てず破棄]
blocked_covu,60,2,on	57985	POST	後処理タイミング 総5880ms: HF80=14ms HF67=16ms HF66=1ms 巡回研磨(厳密日割当+c1/c3/range/apt/fair+曜日/交互)=2500ms C1共同LNS=2829ms 個人共同LNS=520ms 最終検査+HF70=0ms
blocked_covu,60,2,on	57985	POST	後処理パス別 計5879ms: C1共同LNS=2829ms(48%) C1時系列フロー=862ms(14%) C1広域ビーム=647ms(11%) 個人回数共同LNS=458ms(7%) ComponentRepair=341ms(5%) BlockRotationPolish=325ms(5%) C1索引修復=86ms(1%) C1同日交換=61ms(1%)
blocked_covu,60,2,on	57985	UnifiedCheck	合計=276 | HARD=4 [groupViol=0 c3n=1 covU=3 pref=0 c3w=0] | SOFT=272 [c1=45 c3m=7 c3mn=5 c42=5 covO=2 low=4 high=4 fair=10 weekly=190] (0ms)
blocked_covu,60,2,on	52183	C1Polish	期間要件(c1)研磨: c1 48->48 / total 278->278 HARD 4->4 採用0回(鏡像:0 自己:0 再配置:0) [頭打ち=改善手なし] 残存: 職員A 休(5日1回)(不採用×9 主因 c3n:5 low:2), 職員B 休(5日1回)(不採用×8 主因 c3n:5 c1:2), 職員C 休(5日1回)(不採用×5 主因 c1:3 c3n:2), 職員E Dﾃ(14日1回)(不採用×17 主因 c3n:16 low:1), 職員B 休(15日4回)(不採用×17 主因 c3n:8 c1:7), 職員E 休(5日1回)(不採用×21 主因 low:12 c1:5), 職員F 休(15日4回)(不採用×24 主因 c1:12 c3n:11), 職員I 休(5日1回)(不採用×27 主因 low:10 c1:8), 職員J 休(5日1回)(不採用×24 主因 c1:12 c3n:7), 職員I 休(15日4回)(不採用×38 主因 c3n:14 low:12), 職員J 休(15日4回)(不採用×33 主因 c1:19 c3n:11), 職員A Dﾃ(14日1回)(不採用×11 主因 c1:5 c3n:5) / 結合候補: 手B×82 / 結合探索: 200通り試行/1ms→無駄打ち回避で早期終了
blocked_covu,60,2,on	52711	C1BeamPolish	期間要件(c1)研磨[ビーム K=16 steps=24/212ms/最良が20手更新されず打ち切り]: c1 48->48 / total 276->276 score 42938->42938 HARD 4->4 手数0 [探索結果が根に勝てず破棄]
blocked_covu,60,2,on	57985	POST	後処理タイミング 総5880ms: HF80=14ms HF67=16ms HF66=1ms 巡回研磨(厳密日割当+c1/c3/range/apt/fair+曜日/交互)=2500ms C1共同LNS=2829ms 個人共同LNS=520ms 最終検査+HF70=0ms
blocked_covu,60,2,on	57985	POST	後処理パス別 計5879ms: C1共同LNS=2829ms(48%) C1時系列フロー=862ms(14%) C1広域ビーム=647ms(11%) 個人回数共同LNS=458ms(7%) ComponentRepair=341ms(5%) BlockRotationPolish=325ms(5%) C1索引修復=86ms(1%) C1同日交換=61ms(1%)
blocked_covu,60,3,on	39012	V6Dispatcher	完了 algorithm=RSI HARD=4 total=312 elapsed=39012ms
blocked_covu,60,3,on	52001	V6Dispatcher	完了 algorithm=ALNS HARD=4 total=312 elapsed=12988ms
blocked_covu,60,3,on	52180	C1Polish	期間要件(c1)研磨: c1 55->53 / total 296->294 HARD 4->4 採用1回(鏡像:0 自己:0 再配置:0) 残存: 職員A 休(5日1回)(不採用×17 主因 c3n:10 low:7), 職員B 休(5日1回)(不採用×16 主因 c3n:12 low:2), 職員C 休(5日1回)(不採用×20 主因 c1:11 c3n:8), 職員E Dﾃ(14日1回)(不採用×50 主因 c3n:48 low:2), 職員B 休(15日4回)(不採用×34 主因 c3n:24 c1:6), 職員E 休(5日1回)(不採用×59 主因 c3n:23 low:18), 職員F 休(5日1回)(不採用×25 主因 c3n:11 c1:10), 職員F 休(15日4回)(不採用×36 主因 c3n:21 c1:11), 職員I 休(5日1回)(不採用×64 主因 low:25 c3n:25), 職員J 休(5日1回)(不採用×28 主因 low:12 c3n:9), 職員I 休(15日4回)(不採用×82 主因 c3n:34 low:26), 職員J 休(15日4回)(不採用×84 主因 c3n:36 low:23), 職員A Dﾃ(14日1回)(不採用×18 主因 c3n:14 c1:4) / 結合候補: 手B×193 / 結合探索: 200通り試行/2ms→無駄打ち回避で早期終了
blocked_covu,60,3,on	52753	C1BeamPolish	期間要件(c1)研磨[ビーム K=16 steps=25/243ms/最良が20手更新されず打ち切り]: c1 53->52 / total 294->295 score 43223->43177 HARD 4->4 手数4
blocked_covu,60,3,on	52850	FairPolish	グループ内公平化(fair)研磨: fair 13->13 / total 294->294 HARD 4->4 採用0回 [頭打ち=改善手なし] 不採用91件(ピン破り:1 重み悪化:89 同値:1)(主因 c1:61 low:22 weekly:3) 残存: 職員B Aｱ, 職員I 希, 職員E Dﾃ, 職員C Aｱ, 職員E Cｱ, 職員E 希, 職員G Dﾃ, 職員G A4, 職員G Cｵ, 職員G 希, 職員J 希 / 結合候補: FairChain×90 / 結合探索: 200通り試行/1ms→無駄打ち回避で早期終了
blocked_covu,60,3,on	56704	POST	後処理タイミング 総4613ms: HF80=13ms HF67=17ms HF66=1ms 巡回研磨(厳密日割当+c1/c3/range/apt/fair+曜日/交互)=2878ms C1共同LNS=1307ms 個人共同LNS=397ms 最終検査+HF70=0ms
blocked_covu,60,3,on	56704	POST	後処理パス別 計4610ms: C1共同LNS=1307ms(28%) C1時系列フロー=1021ms(22%) C1広域ビーム=717ms(15%) ComponentRepair=505ms(10%) 個人回数共同LNS=309ms(6%) BlockRotationPolish=256ms(5%) CyclicSwapPolish=96ms(2%) C1索引修復=71ms(1%)
blocked_covu,60,3,on	56704	UnifiedCheck	合計=284 | HARD=4 [groupViol=0 c3n=1 covU=3 pref=0 c3w=0] | SOFT=280 [c1=51 c3m=7 c3mn=3 c42=3 covO=4 low=3 high=3 fair=13 weekly=193] (0ms)
blocked_covu,60,3,on	52180	C1Polish	期間要件(c1)研磨: c1 55->53 / total 296->294 HARD 4->4 採用1回(鏡像:0 自己:0 再配置:0) 残存: 職員A 休(5日1回)(不採用×17 主因 c3n:10 low:7), 職員B 休(5日1回)(不採用×16 主因 c3n:12 low:2), 職員C 休(5日1回)(不採用×20 主因 c1:11 c3n:8), 職員E Dﾃ(14日1回)(不採用×50 主因 c3n:48 low:2), 職員B 休(15日4回)(不採用×34 主因 c3n:24 c1:6), 職員E 休(5日1回)(不採用×59 主因 c3n:23 low:18), 職員F 休(5日1回)(不採用×25 主因 c3n:11 c1:10), 職員F 休(15日4回)(不採用×36 主因 c3n:21 c1:11), 職員I 休(5日1回)(不採用×64 主因 low:25 c3n:25), 職員J 休(5日1回)(不採用×28 主因 low:12 c3n:9), 職員I 休(15日4回)(不採用×82 主因 c3n:34 low:26), 職員J 休(15日4回)(不採用×84 主因 c3n:36 low:23), 職員A Dﾃ(14日1回)(不採用×18 主因 c3n:14 c1:4) / 結合候補: 手B×193 / 結合探索: 200通り試行/2ms→無駄打ち回避で早期終了
blocked_covu,60,3,on	52753	C1BeamPolish	期間要件(c1)研磨[ビーム K=16 steps=25/243ms/最良が20手更新されず打ち切り]: c1 53->52 / total 294->295 score 43223->43177 HARD 4->4 手数4
blocked_covu,60,3,on	52850	FairPolish	グループ内公平化(fair)研磨: fair 13->13 / total 294->294 HARD 4->4 採用0回 [頭打ち=改善手なし] 不採用91件(ピン破り:1 重み悪化:89 同値:1)(主因 c1:61 low:22 weekly:3) 残存: 職員B Aｱ, 職員I 希, 職員E Dﾃ, 職員C Aｱ, 職員E Cｱ, 職員E 希, 職員G Dﾃ, 職員G A4, 職員G Cｵ, 職員G 希, 職員J 希 / 結合候補: FairChain×90 / 結合探索: 200通り試行/1ms→無駄打ち回避で早期終了
blocked_covu,60,3,on	56704	POST	後処理タイミング 総4613ms: HF80=13ms HF67=17ms HF66=1ms 巡回研磨(厳密日割当+c1/c3/range/apt/fair+曜日/交互)=2878ms C1共同LNS=1307ms 個人共同LNS=397ms 最終検査+HF70=0ms
blocked_covu,60,3,on	56704	POST	後処理パス別 計4610ms: C1共同LNS=1307ms(28%) C1時系列フロー=1021ms(22%) C1広域ビーム=717ms(15%) ComponentRepair=505ms(10%) 個人回数共同LNS=309ms(6%) BlockRotationPolish=256ms(5%) CyclicSwapPolish=96ms(2%) C1索引修復=71ms(1%)
blocked_covu,60,3,off	39006	V6Dispatcher	完了 algorithm=RSI HARD=4 total=317 elapsed=39005ms
blocked_covu,60,3,off	52002	V6Dispatcher	完了 algorithm=ALNS HARD=4 total=309 elapsed=12995ms
blocked_covu,60,3,off	53016	C1BeamPolish	期間要件(c1)研磨[ビーム K=16 steps=24/227ms/最良が20手更新されず打ち切り]: c1 47->47 / total 298->298 score 43088->43088 HARD 4->4 手数0 [探索結果が根に勝てず破棄]
blocked_covu,60,3,off	53233	RangePolish	個人回数(low/high)玉突き研磨: low 5->5 / high 6->5 / total 298->298 HARD 4->4 採用1回（日割当:0 / 柔軟日割当:1） 対象: 職員D 休 残存: 職員B B4(不採用×15 主因 c1:12 low:1・range後回し×15・候補なし×12・希望固定×12・禁止連続×8), 職員C 休(希望固定×14: 8/1・8/3・8/5・8/7・8/12・8/21ほか1日・range後回し×14・不採用×10 主因 c1:8 low:1・候補なし×8), 職員C B4(希望固定×48: 8/3・8/5・8/7・柔軟日割当候補なし×2・日割当候補なし×2), 職員F 休(不採用×70 主因 c1:70・希望固定×42・禁止連続×14・柔軟日割当候補なし×2・日割当候補なし×2), 職員F B4(不採用×26 主因 c1:23 low:2・候補なし×14・希望固定×12・range後回し×10), 職員G B4(不採用×22 主因 c1:21 low:1・希望固定×12・range後回し×10・候補なし×8・禁止連続×8・ピン破り×2), 職員I 休(禁止連続×48: 8/10・8/11・8/14・8/19・8/24・8/29・不採用×36 主因 c1:36・希望固定×28・柔軟日割当候補なし×2・日割当候補なし×2) / 結合候補: tryRelocate×230 / 結合探索: 200通り試行/1ms→無駄打ち回避で早期終了
blocked_covu,60,3,off	56696	POST	後処理タイミング 総4518ms: HF80=16ms HF67=19ms HF66=1ms 巡回研磨(厳密日割当+c1/c3/range/apt/fair+曜日/交互)=2151ms C1共同LNS=1508ms 個人共同LNS=823ms 最終検査+HF70=0ms
blocked_covu,60,3,off	56696	POST	後処理パス別 計4516ms: C1共同LNS=1508ms(33%) C1時系列フロー=874ms(19%) 個人回数共同LNS=781ms(17%) C1広域ビーム=428ms(9%) BlockRotationPolish=315ms(6%) ComponentRepair=199ms(4%) CyclicSwapPolish=89ms(1%) C1索引修復=62ms(1%)
blocked_covu,60,3,off	56696	UnifiedCheck	合計=294 | HARD=4 [groupViol=0 c3n=1 covU=3 pref=0 c3w=0] | SOFT=290 [c1=50 c3m=8 c3mn=5 c42=4 covO=2 low=4 high=4 fair=11 weekly=202] (0ms)
blocked_covu,60,3,off	53016	C1BeamPolish	期間要件(c1)研磨[ビーム K=16 steps=24/227ms/最良が20手更新されず打ち切り]: c1 47->47 / total 298->298 score 43088->43088 HARD 4->4 手数0 [探索結果が根に勝てず破棄]
blocked_covu,60,3,off	53233	RangePolish	個人回数(low/high)玉突き研磨: low 5->5 / high 6->5 / total 298->298 HARD 4->4 採用1回（日割当:0 / 柔軟日割当:1） 対象: 職員D 休 残存: 職員B B4(不採用×15 主因 c1:12 low:1・range後回し×15・候補なし×12・希望固定×12・禁止連続×8), 職員C 休(希望固定×14: 8/1・8/3・8/5・8/7・8/12・8/21ほか1日・range後回し×14・不採用×10 主因 c1:8 low:1・候補なし×8), 職員C B4(希望固定×48: 8/3・8/5・8/7・柔軟日割当候補なし×2・日割当候補なし×2), 職員F 休(不採用×70 主因 c1:70・希望固定×42・禁止連続×14・柔軟日割当候補なし×2・日割当候補なし×2), 職員F B4(不採用×26 主因 c1:23 low:2・候補なし×14・希望固定×12・range後回し×10), 職員G B4(不採用×22 主因 c1:21 low:1・希望固定×12・range後回し×10・候補なし×8・禁止連続×8・ピン破り×2), 職員I 休(禁止連続×48: 8/10・8/11・8/14・8/19・8/24・8/29・不採用×36 主因 c1:36・希望固定×28・柔軟日割当候補なし×2・日割当候補なし×2) / 結合候補: tryRelocate×230 / 結合探索: 200通り試行/1ms→無駄打ち回避で早期終了
blocked_covu,60,3,off	56696	POST	後処理タイミング 総4518ms: HF80=16ms HF67=19ms HF66=1ms 巡回研磨(厳密日割当+c1/c3/range/apt/fair+曜日/交互)=2151ms C1共同LNS=1508ms 個人共同LNS=823ms 最終検査+HF70=0ms
blocked_covu,60,3,off	56696	POST	後処理パス別 計4516ms: C1共同LNS=1508ms(33%) C1時系列フロー=874ms(19%) 個人回数共同LNS=781ms(17%) C1広域ビーム=428ms(9%) BlockRotationPolish=315ms(6%) ComponentRepair=199ms(4%) CyclicSwapPolish=89ms(1%) C1索引修復=62ms(1%)
blocked_covu,120,1,on	80014	V6Dispatcher	完了 algorithm=RSI HARD=4 total=306 elapsed=80012ms
blocked_covu,120,1,on	110001	V6Dispatcher	完了 algorithm=ALNS HARD=4 total=307 elapsed=29986ms
blocked_covu,120,1,on	110267	C1Polish	期間要件(c1)研磨: c1 54->52 / total 296->296 HARD 4->4 採用2回(鏡像:0 自己:0 再配置:0) 残存: 職員A 休(5日1回)(不採用×18 主因 c3n:10 c1:4), 職員B 休(5日1回)(不採用×24 主因 c3n:14 low:7), 職員C 休(5日1回)(不採用×10 主因 low:4 c3n:4), 職員E Dﾃ(14日1回)(不採用×30 主因 c3n:26 low:3), 職員B 休(15日4回)(不採用×60 主因 c3n:38 c1:12), 職員E 休(5日1回)(不採用×39 主因 c3n:17 low:15), 職員C 休(15日4回)(不採用×34 主因 c3n:16 c1:15), 職員F 休(5日1回)(不採用×9 主因 c3n:4 low:3), 職員E 休(15日4回)(不採用×56 主因 c3n:33 c1:14), 職員F 休(15日4回)(不採用×44 主因 c3n:18 c1:15), 職員I 休(5日1回)(不採用×48 主因 c3n:24 low:13), 職員J 休(5日1回)(不採用×32 主因 c3n:14 low:9), 職員I 休(15日4回)(不採用×74 主因 c3n:34 c1:21), 職員J 休(15日4回)(不採用×56 主因 c3n:24 c1:20), 職員A Dﾃ(14日1回)(不採用×22 主因 c3n:14 low:5) / 結合候補: 手B×192 / 結合探索: 200通り試行/2ms→無駄打ち回避で早期終了
blocked_covu,120,1,on	111133	C1BeamPolish	期間要件(c1)研磨[ビーム K=16 steps=60/534ms]: c1 52->52 / total 296->296 score 43109->43109 HARD 4->4 手数0 [探索結果が根に勝てず破棄]
blocked_covu,120,1,on	111403	FairPolish	グループ内公平化(fair)研磨: fair 12->9 / total 295->292 HARD 4->4 採用3回 対象: 職員B A4, 職員B A4, 職員J A4 不採用380件(重み悪化:380)(主因 c1:222 low:140 weekly:8) 残存: 職員I 希, 職員B Dﾃ, 職員C Aｱ, 職員E Cｵ, 職員E 希, 職員I Cｱ, 職員G 希, 職員J 希 / 結合候補: FairChain×380 / 結合探索: 200通り試行/1ms→無駄打ち回避で早期終了
blocked_covu,120,1,on	117303	POST	後処理タイミング 総7127ms: HF80=13ms HF67=17ms HF66=0ms 巡回研磨(厳密日割当+c1/c3/range/apt/fair+曜日/交互)=3290ms C1共同LNS=2921ms 個人共同LNS=885ms 最終検査+HF70=1ms
blocked_covu,120,1,on	117303	POST	後処理パス別 計7123ms: C1共同LNS=2921ms(41%) C1広域ビーム=1312ms(18%) C1時系列フロー=877ms(12%) 個人回数共同LNS=812ms(11%) ComponentRepair=360ms(5%) BlockRotationPolish=300ms(4%) CyclicSwapPolish=83ms(1%) C1同日交換=77ms(1%)
blocked_covu,120,1,on	117303	UnifiedCheck	合計=281 | HARD=4 [groupViol=0 c3n=1 covU=3 pref=0 c3w=0] | SOFT=277 [c1=44 c3m=8 c3mn=5 c42=6 covO=2 low=3 high=3 fair=14 weekly=192] (0ms)
blocked_covu,120,1,on	110267	C1Polish	期間要件(c1)研磨: c1 54->52 / total 296->296 HARD 4->4 採用2回(鏡像:0 自己:0 再配置:0) 残存: 職員A 休(5日1回)(不採用×18 主因 c3n:10 c1:4), 職員B 休(5日1回)(不採用×24 主因 c3n:14 low:7), 職員C 休(5日1回)(不採用×10 主因 low:4 c3n:4), 職員E Dﾃ(14日1回)(不採用×30 主因 c3n:26 low:3), 職員B 休(15日4回)(不採用×60 主因 c3n:38 c1:12), 職員E 休(5日1回)(不採用×39 主因 c3n:17 low:15), 職員C 休(15日4回)(不採用×34 主因 c3n:16 c1:15), 職員F 休(5日1回)(不採用×9 主因 c3n:4 low:3), 職員E 休(15日4回)(不採用×56 主因 c3n:33 c1:14), 職員F 休(15日4回)(不採用×44 主因 c3n:18 c1:15), 職員I 休(5日1回)(不採用×48 主因 c3n:24 low:13), 職員J 休(5日1回)(不採用×32 主因 c3n:14 low:9), 職員I 休(15日4回)(不採用×74 主因 c3n:34 c1:21), 職員J 休(15日4回)(不採用×56 主因 c3n:24 c1:20), 職員A Dﾃ(14日1回)(不採用×22 主因 c3n:14 low:5) / 結合候補: 手B×192 / 結合探索: 200通り試行/2ms→無駄打ち回避で早期終了
blocked_covu,120,1,on	111133	C1BeamPolish	期間要件(c1)研磨[ビーム K=16 steps=60/534ms]: c1 52->52 / total 296->296 score 43109->43109 HARD 4->4 手数0 [探索結果が根に勝てず破棄]
blocked_covu,120,1,on	111403	FairPolish	グループ内公平化(fair)研磨: fair 12->9 / total 295->292 HARD 4->4 採用3回 対象: 職員B A4, 職員B A4, 職員J A4 不採用380件(重み悪化:380)(主因 c1:222 low:140 weekly:8) 残存: 職員I 希, 職員B Dﾃ, 職員C Aｱ, 職員E Cｵ, 職員E 希, 職員I Cｱ, 職員G 希, 職員J 希 / 結合候補: FairChain×380 / 結合探索: 200通り試行/1ms→無駄打ち回避で早期終了
blocked_covu,120,1,on	117303	POST	後処理タイミング 総7127ms: HF80=13ms HF67=17ms HF66=0ms 巡回研磨(厳密日割当+c1/c3/range/apt/fair+曜日/交互)=3290ms C1共同LNS=2921ms 個人共同LNS=885ms 最終検査+HF70=1ms
blocked_covu,120,1,on	117303	POST	後処理パス別 計7123ms: C1共同LNS=2921ms(41%) C1広域ビーム=1312ms(18%) C1時系列フロー=877ms(12%) 個人回数共同LNS=812ms(11%) ComponentRepair=360ms(5%) BlockRotationPolish=300ms(4%) CyclicSwapPolish=83ms(1%) C1同日交換=77ms(1%)
blocked_covu,120,1,off	80012	V6Dispatcher	完了 algorithm=RSI HARD=4 total=293 elapsed=80010ms
blocked_covu,120,1,off	110001	V6Dispatcher	完了 algorithm=ALNS HARD=4 total=293 elapsed=29989ms
blocked_covu,120,1,off	110236	C1Polish	期間要件(c1)研磨: c1 52->47 / total 289->285 HARD 4->4 採用1回(鏡像:0 自己:0 再配置:0) 残存: 職員A 休(5日1回)(不採用×18 主因 low:10 c1:4), 職員B 休(5日1回)(不採用×24 主因 c3n:12 c1:11), 職員C 休(5日1回)(不採用×4 主因 low:2 c3n:2), 職員E Dﾃ(14日1回)(不採用×38 主因 c3n:34 low:4), 職員B 休(15日4回)(不採用×60 主因 c3n:30 c1:26), 職員E 休(5日1回)(不採用×46 主因 c3n:20 low:13), 職員G 休(5日1回)(不採用×14 主因 c1:8 c3n:5), 職員F 休(15日4回)(不採用×44 主因 c1:28 c3n:14), 職員I 休(5日1回)(不採用×82 主因 c3n:32 c1:26), 職員J 休(5日1回)(不採用×14 主因 c3n:6 low:5), 職員I 休(15日4回)(不採用×82 主因 c3n:32 c1:26) / 結合候補: 手R3×1 手B×146 / 結合探索: 200通り試行/1ms→無駄打ち回避で早期終了
blocked_covu,120,1,off	111328	C1BeamPolish	期間要件(c1)研磨[ビーム K=16 steps=24/292ms/最良が20手更新されず打ち切り]: c1 46->46 / total 286->286 score 42932->42932 HARD 4->4 手数0 [探索結果が根に勝てず破棄]
blocked_covu,120,1,off	111391	RangePolish	個人回数(low/high)玉突き研磨: low 4->4 / high 3->3 / total 285->285 HARD 4->4 採用0回（日割当:0 / 柔軟日割当:0） [頭打ち=改善手なし] 残存: 職員B B4(不採用×10 主因 c1:9 covO:1・候補なし×6・希望固定×6・禁止連続×4・range後回し×4・ピン破り×1), 職員C 休(希望固定×7: 8/1・8/3・8/5・8/7・8/12・8/21ほか1日・range後回し×6・不採用×5 主因 c1:4 c3mn:1・候補なし×4), 職員C Cｵ(禁止連続×11: 8/8・8/9・8/10・8/13・8/14・8/17ほか5日・希望固定×8・range後回し×4・不採用×3 主因 c1:2 covO:1), 職員C B4(希望固定×24: 8/3・8/5・8/7・柔軟日割当候補なし×1・日割当候補なし×1), 職員F 休(不採用×34 主因 c1:34・希望固定×21・禁止連続×8・柔軟日割当候補なし×1・日割当候補なし×1), 職員F B4(不採用×11 主因 c1:10 low:1・候補なし×7・range後回し×7・希望固定×6) / 結合候補: tryRelocate×85 / 結合探索: 200通り試行/1ms→無駄打ち回避で早期終了
blocked_covu,120,1,off	115414	POST	後処理タイミング 総5269ms: HF80=16ms HF67=18ms HF66=1ms 巡回研磨(厳密日割当+c1/c3/range/apt/fair+曜日/交互)=3308ms C1共同LNS=1504ms 個人共同LNS=422ms 最終検査+HF70=0ms
blocked_covu,120,1,off	115415	POST	後処理パス別 計5268ms: C1時系列フロー=1517ms(28%) C1共同LNS=1504ms(28%) C1広域ビーム=731ms(13%) ComponentRepair=376ms(7%) 個人回数共同LNS=374ms(7%) BlockRotationPolish=277ms(5%) C3SequencePolish=83ms(1%) C1索引修復=82ms(1%)
blocked_covu,120,1,off	115414	UnifiedCheck	合計=283 | HARD=4 [groupViol=0 c3n=1 covU=3 pref=0 c3w=0] | SOFT=279 [c1=46 c3m=10 c3mn=4 c42=5 covO=2 low=3 high=3 fair=11 weekly=195] (0ms)
blocked_covu,120,1,off	110236	C1Polish	期間要件(c1)研磨: c1 52->47 / total 289->285 HARD 4->4 採用1回(鏡像:0 自己:0 再配置:0) 残存: 職員A 休(5日1回)(不採用×18 主因 low:10 c1:4), 職員B 休(5日1回)(不採用×24 主因 c3n:12 c1:11), 職員C 休(5日1回)(不採用×4 主因 low:2 c3n:2), 職員E Dﾃ(14日1回)(不採用×38 主因 c3n:34 low:4), 職員B 休(15日4回)(不採用×60 主因 c3n:30 c1:26), 職員E 休(5日1回)(不採用×46 主因 c3n:20 low:13), 職員G 休(5日1回)(不採用×14 主因 c1:8 c3n:5), 職員F 休(15日4回)(不採用×44 主因 c1:28 c3n:14), 職員I 休(5日1回)(不採用×82 主因 c3n:32 c1:26), 職員J 休(5日1回)(不採用×14 主因 c3n:6 low:5), 職員I 休(15日4回)(不採用×82 主因 c3n:32 c1:26) / 結合候補: 手R3×1 手B×146 / 結合探索: 200通り試行/1ms→無駄打ち回避で早期終了
blocked_covu,120,1,off	111328	C1BeamPolish	期間要件(c1)研磨[ビーム K=16 steps=24/292ms/最良が20手更新されず打ち切り]: c1 46->46 / total 286->286 score 42932->42932 HARD 4->4 手数0 [探索結果が根に勝てず破棄]
blocked_covu,120,1,off	111391	RangePolish	個人回数(low/high)玉突き研磨: low 4->4 / high 3->3 / total 285->285 HARD 4->4 採用0回（日割当:0 / 柔軟日割当:0） [頭打ち=改善手なし] 残存: 職員B B4(不採用×10 主因 c1:9 covO:1・候補なし×6・希望固定×6・禁止連続×4・range後回し×4・ピン破り×1), 職員C 休(希望固定×7: 8/1・8/3・8/5・8/7・8/12・8/21ほか1日・range後回し×6・不採用×5 主因 c1:4 c3mn:1・候補なし×4), 職員C Cｵ(禁止連続×11: 8/8・8/9・8/10・8/13・8/14・8/17ほか5日・希望固定×8・range後回し×4・不採用×3 主因 c1:2 covO:1), 職員C B4(希望固定×24: 8/3・8/5・8/7・柔軟日割当候補なし×1・日割当候補なし×1), 職員F 休(不採用×34 主因 c1:34・希望固定×21・禁止連続×8・柔軟日割当候補なし×1・日割当候補なし×1), 職員F B4(不採用×11 主因 c1:10 low:1・候補なし×7・range後回し×7・希望固定×6) / 結合候補: tryRelocate×85 / 結合探索: 200通り試行/1ms→無駄打ち回避で早期終了
blocked_covu,120,1,off	115414	POST	後処理タイミング 総5269ms: HF80=16ms HF67=18ms HF66=1ms 巡回研磨(厳密日割当+c1/c3/range/apt/fair+曜日/交互)=3308ms C1共同LNS=1504ms 個人共同LNS=422ms 最終検査+HF70=0ms
blocked_covu,120,1,off	115415	POST	後処理パス別 計5268ms: C1時系列フロー=1517ms(28%) C1共同LNS=1504ms(28%) C1広域ビーム=731ms(13%) ComponentRepair=376ms(7%) 個人回数共同LNS=374ms(7%) BlockRotationPolish=277ms(5%) C3SequencePolish=83ms(1%) C1索引修復=82ms(1%)
blocked_covu,120,2,off	80013	V6Dispatcher	完了 algorithm=RSI HARD=4 total=287 elapsed=80012ms
blocked_covu,120,2,off	110000	V6Dispatcher	完了 algorithm=ALNS HARD=4 total=287 elapsed=29987ms
blocked_covu,120,2,off	111141	C1BeamPolish	期間要件(c1)研磨[ビーム K=16 steps=29/336ms/最良が20手更新されず打ち切り]: c1 51->51 / total 286->286 score 43065->43065 HARD 4->4 手数0 [探索結果が根に勝てず破棄]
blocked_covu,120,2,off	120002	POST	後処理タイミング 総9770ms: HF80=18ms HF67=20ms HF66=1ms 巡回研磨(厳密日割当+c1/c3/range/apt/fair+曜日/交互)=3878ms C1共同LNS=4908ms 個人共同LNS=944ms 最終検査+HF70=1ms
blocked_covu,120,2,off	120003	POST	後処理パス別 計9766ms: C1共同LNS=4908ms(50%) C1広域ビーム=1665ms(17%) C1時系列フロー=1329ms(13%) 個人回数共同LNS=889ms(9%) ComponentRepair=250ms(2%) BlockRotationPolish=120ms(1%) CyclicSwapPolish=114ms(1%) C3SequencePolish=107ms(1%)
blocked_covu,120,2,off	120001	UnifiedCheck	合計=280 | HARD=4 [groupViol=0 c3n=1 covU=3 pref=0 c3w=0] | SOFT=276 [c1=48 c3m=6 c3mn=4 c42=6 covO=4 low=3 high=4 fair=15 weekly=186] (0ms)
blocked_covu,120,2,off	111141	C1BeamPolish	期間要件(c1)研磨[ビーム K=16 steps=29/336ms/最良が20手更新されず打ち切り]: c1 51->51 / total 286->286 score 43065->43065 HARD 4->4 手数0 [探索結果が根に勝てず破棄]
blocked_covu,120,2,off	120002	POST	後処理タイミング 総9770ms: HF80=18ms HF67=20ms HF66=1ms 巡回研磨(厳密日割当+c1/c3/range/apt/fair+曜日/交互)=3878ms C1共同LNS=4908ms 個人共同LNS=944ms 最終検査+HF70=1ms
blocked_covu,120,2,off	120003	POST	後処理パス別 計9766ms: C1共同LNS=4908ms(50%) C1広域ビーム=1665ms(17%) C1時系列フロー=1329ms(13%) 個人回数共同LNS=889ms(9%) ComponentRepair=250ms(2%) BlockRotationPolish=120ms(1%) CyclicSwapPolish=114ms(1%) C3SequencePolish=107ms(1%)
blocked_covu,120,2,on	80036	V6Dispatcher	完了 algorithm=RSI HARD=4 total=286 elapsed=80033ms
blocked_covu,120,2,on	110005	V6Dispatcher	完了 algorithm=ALNS HARD=4 total=286 elapsed=29969ms
blocked_covu,120,2,on	110368	C1Polish	期間要件(c1)研磨: c1 55->54 / total 270->277 HARD 4->4 採用1回(鏡像:0 自己:0 再配置:0) 残存: 職員B 休(5日1回)(不採用×22 主因 c3n:12 low:9), 職員C 休(5日1回)(不採用×10 主因 low:6 c3n:4), 職員E Dﾃ(14日1回)(不採用×38 主因 c3n:36 low:2), 職員B 休(15日4回)(不採用×47 主因 c3n:22 low:12), 職員E 休(5日1回)(不採用×44 主因 c3n:18 c1:14), 職員F 休(5日1回)(不採用×26 主因 low:10 c1:8), 職員E 休(15日4回)(不採用×62 主因 c3n:32 low:15), 職員I 休(5日1回)(不採用×52 主因 low:28 c3n:18), 職員G 休(15日4回)(不採用×38 主因 c3n:20 c1:17), 職員J 休(5日1回)(不採用×12 主因 c1:6 c3n:4), 職員I 休(15日4回)(不採用×82 主因 low:34 c3n:30), 職員J 休(15日4回)(不採用×58 主因 c1:27 c3n:26), 職員A Dﾃ(14日1回)(不採用×22 主因 c3n:10 c1:7) / 結合候補: 手B×175 / 結合探索: 200通り試行/3ms→無駄打ち回避で早期終了
blocked_covu,120,2,on	111566	C1BeamPolish	期間要件(c1)研磨[ビーム K=16 steps=22/444ms/最良が20手更新されず打ち切り]: c1 54->54 / total 277->277 score 43126->43126 HARD 4->4 手数0 [探索結果が根に勝てず破棄]
blocked_covu,120,2,on	111642	C3mnPolish	回避パターン(c3mn)研磨: c3mn 4->3 / total 283->286 HARD 4->4 採用1回 不採用21件(重み悪化:21)(主因 c1:12 low:9) 残存: 職員E, 職員G, 職員C / 結合候補: C3mnAlt×21 / 結合探索: 231通り試行/2ms→無駄打ち回避で早期終了 / 結合成立×1(職員I(Dﾃ)+職員F(Cｱ))
blocked_covu,120,2,on	117268	POST	後処理タイミング 総7070ms: HF80=19ms HF67=20ms HF66=1ms 巡回研磨(厳密日割当+c1/c3/range/apt/fair+曜日/交互)=4841ms C1共同LNS=1524ms 個人共同LNS=664ms 最終検査+HF70=1ms
blocked_covu,120,2,on	117268	POST	後処理パス別 計7057ms: C1時系列フロー=1804ms(25%) C1共同LNS=1524ms(21%) C1広域ビーム=1338ms(18%) 個人回数共同LNS=606ms(8%) ComponentRepair=476ms(6%) CyclicSwapPolish=210ms(2%) C1索引修復=186ms(2%) C3SequencePolish=177ms(2%)
blocked_covu,120,2,on	117268	UnifiedCheck	合計=281 | HARD=4 [groupViol=0 c3n=1 covU=3 pref=0 c3w=0] | SOFT=277 [c1=52 c3m=7 c3mn=3 c42=3 covO=2 low=3 high=3 fair=10 weekly=194] (0ms)
blocked_covu,120,2,on	110368	C1Polish	期間要件(c1)研磨: c1 55->54 / total 270->277 HARD 4->4 採用1回(鏡像:0 自己:0 再配置:0) 残存: 職員B 休(5日1回)(不採用×22 主因 c3n:12 low:9), 職員C 休(5日1回)(不採用×10 主因 low:6 c3n:4), 職員E Dﾃ(14日1回)(不採用×38 主因 c3n:36 low:2), 職員B 休(15日4回)(不採用×47 主因 c3n:22 low:12), 職員E 休(5日1回)(不採用×44 主因 c3n:18 c1:14), 職員F 休(5日1回)(不採用×26 主因 low:10 c1:8), 職員E 休(15日4回)(不採用×62 主因 c3n:32 low:15), 職員I 休(5日1回)(不採用×52 主因 low:28 c3n:18), 職員G 休(15日4回)(不採用×38 主因 c3n:20 c1:17), 職員J 休(5日1回)(不採用×12 主因 c1:6 c3n:4), 職員I 休(15日4回)(不採用×82 主因 low:34 c3n:30), 職員J 休(15日4回)(不採用×58 主因 c1:27 c3n:26), 職員A Dﾃ(14日1回)(不採用×22 主因 c3n:10 c1:7) / 結合候補: 手B×175 / 結合探索: 200通り試行/3ms→無駄打ち回避で早期終了
blocked_covu,120,2,on	111566	C1BeamPolish	期間要件(c1)研磨[ビーム K=16 steps=22/444ms/最良が20手更新されず打ち切り]: c1 54->54 / total 277->277 score 43126->43126 HARD 4->4 手数0 [探索結果が根に勝てず破棄]
blocked_covu,120,2,on	111642	C3mnPolish	回避パターン(c3mn)研磨: c3mn 4->3 / total 283->286 HARD 4->4 採用1回 不採用21件(重み悪化:21)(主因 c1:12 low:9) 残存: 職員E, 職員G, 職員C / 結合候補: C3mnAlt×21 / 結合探索: 231通り試行/2ms→無駄打ち回避で早期終了 / 結合成立×1(職員I(Dﾃ)+職員F(Cｱ))
blocked_covu,120,2,on	117268	POST	後処理タイミング 総7070ms: HF80=19ms HF67=20ms HF66=1ms 巡回研磨(厳密日割当+c1/c3/range/apt/fair+曜日/交互)=4841ms C1共同LNS=1524ms 個人共同LNS=664ms 最終検査+HF70=1ms
blocked_covu,120,2,on	117268	POST	後処理パス別 計7057ms: C1時系列フロー=1804ms(25%) C1共同LNS=1524ms(21%) C1広域ビーム=1338ms(18%) 個人回数共同LNS=606ms(8%) ComponentRepair=476ms(6%) CyclicSwapPolish=210ms(2%) C1索引修復=186ms(2%) C3SequencePolish=177ms(2%)
blocked_covu,120,3,on	80018	V6Dispatcher	完了 algorithm=RSI HARD=4 total=317 elapsed=80017ms
blocked_covu,120,3,on	110002	V6Dispatcher	完了 algorithm=ALNS HARD=4 total=317 elapsed=29984ms
blocked_covu,120,3,on	111451	C1BeamPolish	期間要件(c1)研磨[ビーム K=16 steps=60/791ms]: c1 59->59 / total 295->295 score 43501->43501 HARD 4->4 手数0 [探索結果が根に勝てず破棄]
blocked_covu,120,3,on	117526	POST	後処理タイミング 総7405ms: HF80=18ms HF67=20ms HF66=1ms 巡回研磨(厳密日割当+c1/c3/range/apt/fair+曜日/交互)=4923ms C1共同LNS=1503ms 個人共同LNS=939ms 最終検査+HF70=1ms
blocked_covu,120,3,on	117527	POST	後処理パス別 計7402ms: C1広域ビーム=2486ms(33%) C1共同LNS=1503ms(20%) C1時系列フロー=1442ms(19%) 個人回数共同LNS=799ms(10%) ComponentRepair=374ms(5%) C1索引修復=141ms(1%) CyclicSwapPolish=135ms(1%) BlockRotationPolish=112ms(1%)
blocked_covu,120,3,on	117526	UnifiedCheck	合計=279 | HARD=4 [groupViol=0 c3n=1 covU=3 pref=0 c3w=0] | SOFT=275 [c1=53 c3m=8 c3mn=4 c42=3 covO=4 low=4 high=3 fair=9 weekly=187] (0ms)
blocked_covu,120,3,on	111451	C1BeamPolish	期間要件(c1)研磨[ビーム K=16 steps=60/791ms]: c1 59->59 / total 295->295 score 43501->43501 HARD 4->4 手数0 [探索結果が根に勝てず破棄]
blocked_covu,120,3,on	117526	POST	後処理タイミング 総7405ms: HF80=18ms HF67=20ms HF66=1ms 巡回研磨(厳密日割当+c1/c3/range/apt/fair+曜日/交互)=4923ms C1共同LNS=1503ms 個人共同LNS=939ms 最終検査+HF70=1ms
blocked_covu,120,3,on	117527	POST	後処理パス別 計7402ms: C1広域ビーム=2486ms(33%) C1共同LNS=1503ms(20%) C1時系列フロー=1442ms(19%) 個人回数共同LNS=799ms(10%) ComponentRepair=374ms(5%) C1索引修復=141ms(1%) CyclicSwapPolish=135ms(1%) BlockRotationPolish=112ms(1%)
blocked_covu,120,3,off	80012	V6Dispatcher	完了 algorithm=RSI HARD=4 total=313 elapsed=80010ms
blocked_covu,120,3,off	110001	V6Dispatcher	完了 algorithm=ALNS HARD=4 total=313 elapsed=29989ms
blocked_covu,120,3,off	110267	C1Polish	期間要件(c1)研磨: c1 56->56 / total 294->294 HARD 4->4 採用0回(鏡像:0 自己:0 再配置:0) [頭打ち=改善手なし] 残存: 職員A 休(5日1回)(不採用×9 主因 low:5 c3n:4), 職員B Dﾃ(14日1回)(不採用×18 主因 c3n:14 c1:2), 職員B 休(5日1回)(候補なし×6), 職員C 休(5日1回)(不採用×5 主因 low:2 c3n:2), 職員E Dﾃ(14日1回)(不採用×28 主因 c3n:27 low:1), 職員B 休(15日4回)(不採用×23 主因 c3n:13 c1:7), 職員E 休(5日1回)(不採用×30 主因 c3n:15 low:11), 職員F 休(5日1回)(不採用×8 主因 c1:4 c3n:3), 職員G 休(5日1回)(不採用×16 主因 c3n:7 c1:5), 職員E 休(15日4回)(不採用×32 主因 c3n:16 low:9), 職員F 休(15日4回)(不採用×16 主因 c1:11 c3n:5), 職員I 休(5日1回)(不採用×35 主因 c3n:14 c1:11), 職員G 休(15日4回)(不採用×19 主因 c3n:8 low:7), 職員J 休(5日1回)(不採用×8 主因 c1:5 c3n:3), 職員I 休(15日4回)(不採用×38 主因 c3n:15 c1:13), 職員J 休(15日4回)(不採用×21 主因 c1:10 c3n:7) / 結合候補: 手B×108 / 結合探索: 200通り試行/1ms→無駄打ち回避で早期終了
blocked_covu,120,3,off	110982	C1BeamPolish	期間要件(c1)研磨[ビーム K=16 steps=22/243ms/最良が20手更新されず打ち切り]: c1 56->56 / total 293->293 score 43341->43341 HARD 4->4 手数0 [探索結果が根に勝てず破棄]
blocked_covu,120,3,off	111274	C3mnPolish	回避パターン(c3mn)研磨: c3mn 4->4 / total 293->293 HARD 4->4 採用0回 [頭打ち=改善手なし] 不採用9件(重み悪化:9)(主因 c1:8 low:1) 残存: 職員E, 職員A, 職員C / 結合候補: C3mnAlt×9 / 結合探索: 200通り試行/1ms→無駄打ち回避で早期終了
blocked_covu,120,3,off	115091	POST	後処理タイミング 総4980ms: HF80=18ms HF67=19ms HF66=2ms 巡回研磨(厳密日割当+c1/c3/range/apt/fair+曜日/交互)=2429ms C1共同LNS=1635ms 個人共同LNS=877ms 最終検査+HF70=0ms
blocked_covu,120,3,off	115091	POST	後処理パス別 計4978ms: C1共同LNS=1635ms(32%) C1時系列フロー=849ms(17%) 個人回数共同LNS=843ms(16%) C1広域ビーム=502ms(10%) BlockRotationPolish=299ms(6%) C1厳密窓=187ms(3%) ComponentRepair=177ms(3%) CyclicSwapPolish=99ms(1%)
blocked_covu,120,3,off	115091	UnifiedCheck	合計=279 | HARD=4 [groupViol=0 c3n=1 covU=3 pref=0 c3w=0] | SOFT=275 [c1=56 c3m=10 c3mn=4 c42=6 covO=3 low=4 high=5 fair=9 weekly=178] (0ms)
blocked_covu,120,3,off	110267	C1Polish	期間要件(c1)研磨: c1 56->56 / total 294->294 HARD 4->4 採用0回(鏡像:0 自己:0 再配置:0) [頭打ち=改善手なし] 残存: 職員A 休(5日1回)(不採用×9 主因 low:5 c3n:4), 職員B Dﾃ(14日1回)(不採用×18 主因 c3n:14 c1:2), 職員B 休(5日1回)(候補なし×6), 職員C 休(5日1回)(不採用×5 主因 low:2 c3n:2), 職員E Dﾃ(14日1回)(不採用×28 主因 c3n:27 low:1), 職員B 休(15日4回)(不採用×23 主因 c3n:13 c1:7), 職員E 休(5日1回)(不採用×30 主因 c3n:15 low:11), 職員F 休(5日1回)(不採用×8 主因 c1:4 c3n:3), 職員G 休(5日1回)(不採用×16 主因 c3n:7 c1:5), 職員E 休(15日4回)(不採用×32 主因 c3n:16 low:9), 職員F 休(15日4回)(不採用×16 主因 c1:11 c3n:5), 職員I 休(5日1回)(不採用×35 主因 c3n:14 c1:11), 職員G 休(15日4回)(不採用×19 主因 c3n:8 low:7), 職員J 休(5日1回)(不採用×8 主因 c1:5 c3n:3), 職員I 休(15日4回)(不採用×38 主因 c3n:15 c1:13), 職員J 休(15日4回)(不採用×21 主因 c1:10 c3n:7) / 結合候補: 手B×108 / 結合探索: 200通り試行/1ms→無駄打ち回避で早期終了
blocked_covu,120,3,off	110982	C1BeamPolish	期間要件(c1)研磨[ビーム K=16 steps=22/243ms/最良が20手更新されず打ち切り]: c1 56->56 / total 293->293 score 43341->43341 HARD 4->4 手数0 [探索結果が根に勝てず破棄]
blocked_covu,120,3,off	111274	C3mnPolish	回避パターン(c3mn)研磨: c3mn 4->4 / total 293->293 HARD 4->4 採用0回 [頭打ち=改善手なし] 不採用9件(重み悪化:9)(主因 c1:8 low:1) 残存: 職員E, 職員A, 職員C / 結合候補: C3mnAlt×9 / 結合探索: 200通り試行/1ms→無駄打ち回避で早期終了
blocked_covu,120,3,off	115091	POST	後処理タイミング 総4980ms: HF80=18ms HF67=19ms HF66=2ms 巡回研磨(厳密日割当+c1/c3/range/apt/fair+曜日/交互)=2429ms C1共同LNS=1635ms 個人共同LNS=877ms 最終検査+HF70=0ms
blocked_covu,120,3,off	115091	POST	後処理パス別 計4978ms: C1共同LNS=1635ms(32%) C1時系列フロー=849ms(17%) 個人回数共同LNS=843ms(16%) C1広域ビーム=502ms(10%) BlockRotationPolish=299ms(6%) C1厳密窓=187ms(3%) ComponentRepair=177ms(3%) CyclicSwapPolish=99ms(1%)
sept2026,60,1,on	17028	V6Dispatcher	完了 algorithm=RSI HARD=0 total=399 elapsed=17026ms
sept2026,60,1,on	32033	V6Dispatcher	完了 algorithm=ALNS HARD=0 total=399 elapsed=15005ms
sept2026,60,1,on	33163	C1BeamPolish	期間要件(c1)研磨[ビーム K=16 steps=60/726ms]: c1 79->79 / total 399->399 score 5237->5237 HARD 0->0 手数0 [探索結果が根に勝てず破棄]
sept2026,60,1,on	33237	RangePolish	個人回数(low/high)玉突き研磨: low 0->0 / high 8->8 / total 399->399 HARD 0->0 採用0回（日割当:0 / 柔軟日割当:0） [頭打ち=改善手なし] 残存: 職員A Dﾃ(禁止連続×10: 9/10・9/11・候補なし×8・希望固定×6・柔軟日割当候補なし×1・日割当候補なし×1), 職員D A4(不採用×9 主因 c1:7 low:2・希望固定×6・候補なし×3・柔軟日割当候補なし×1・日割当候補なし×1), 職員H Aｱ(range後回し×6・不採用×4 主因 c1:4・柔軟日割当候補なし×1・日割当候補なし×1) / 結合候補: tryRelocate×19 / 結合探索: 200通り試行/1ms→無駄打ち回避で早期終了
sept2026,60,1,on	33297	FairPolish	グループ内公平化(fair)研磨: fair 17->17 / total 399->399 HARD 0->0 採用0回 [頭打ち=改善手なし] 不採用197件(ピン破り:2 重み悪化:195)(主因 low:129 c1:62 c3m:4) 残存: 職員E 有, 職員B 休, 職員B Cｵ, 職員B Cｱ, 職員E Cｱ, 職員C B4, 職員E B4, 職員B 有, 職員C 有, 職員G Dﾃ, 職員I Aｱ, 職員I B4, 職員J B4, 職員G 有, 職員I 有 / 結合候補: FairChain×192 / 結合探索: 200通り試行/3ms→無駄打ち回避で早期終了
sept2026,60,1,on	35470	POST	後処理タイミング 総3307ms: HF80=14ms HF67=12ms HF66=1ms 巡回研磨(厳密日割当+c1/c3/range/apt/fair+曜日/交互)=1149ms C1共同LNS=1509ms 個人共同LNS=622ms 最終検査+HF70=0ms
sept2026,60,1,on	35470	POST	後処理パス別 計3305ms: C1共同LNS=1509ms(45%) C1広域ビーム=726ms(21%) 個人回数共同LNS=582ms(17%) C1時系列フロー=174ms(5%) ComponentRepair=76ms(2%) BlockRotationPolish=49ms(1%) C1索引修復=47ms(1%) FairPolish=20ms(0%)
sept2026,60,1,on	35469	UnifiedCheck	合計=399 | HARD=0 [groupViol=0 c3n=0 covU=0 pref=0 c3w=0] | SOFT=399 [c1=79 c3m=62 c42=3 covO=23 high=8 apt=5 fair=17 weekly=202] (0ms)
sept2026,60,1,on	33163	C1BeamPolish	期間要件(c1)研磨[ビーム K=16 steps=60/726ms]: c1 79->79 / total 399->399 score 5237->5237 HARD 0->0 手数0 [探索結果が根に勝てず破棄]
sept2026,60,1,on	33237	RangePolish	個人回数(low/high)玉突き研磨: low 0->0 / high 8->8 / total 399->399 HARD 0->0 採用0回（日割当:0 / 柔軟日割当:0） [頭打ち=改善手なし] 残存: 職員A Dﾃ(禁止連続×10: 9/10・9/11・候補なし×8・希望固定×6・柔軟日割当候補なし×1・日割当候補なし×1), 職員D A4(不採用×9 主因 c1:7 low:2・希望固定×6・候補なし×3・柔軟日割当候補なし×1・日割当候補なし×1), 職員H Aｱ(range後回し×6・不採用×4 主因 c1:4・柔軟日割当候補なし×1・日割当候補なし×1) / 結合候補: tryRelocate×19 / 結合探索: 200通り試行/1ms→無駄打ち回避で早期終了
sept2026,60,1,on	33297	FairPolish	グループ内公平化(fair)研磨: fair 17->17 / total 399->399 HARD 0->0 採用0回 [頭打ち=改善手なし] 不採用197件(ピン破り:2 重み悪化:195)(主因 low:129 c1:62 c3m:4) 残存: 職員E 有, 職員B 休, 職員B Cｵ, 職員B Cｱ, 職員E Cｱ, 職員C B4, 職員E B4, 職員B 有, 職員C 有, 職員G Dﾃ, 職員I Aｱ, 職員I B4, 職員J B4, 職員G 有, 職員I 有 / 結合候補: FairChain×192 / 結合探索: 200通り試行/3ms→無駄打ち回避で早期終了
sept2026,60,1,on	35470	POST	後処理タイミング 総3307ms: HF80=14ms HF67=12ms HF66=1ms 巡回研磨(厳密日割当+c1/c3/range/apt/fair+曜日/交互)=1149ms C1共同LNS=1509ms 個人共同LNS=622ms 最終検査+HF70=0ms
sept2026,60,1,on	35470	POST	後処理パス別 計3305ms: C1共同LNS=1509ms(45%) C1広域ビーム=726ms(21%) 個人回数共同LNS=582ms(17%) C1時系列フロー=174ms(5%) ComponentRepair=76ms(2%) BlockRotationPolish=49ms(1%) C1索引修復=47ms(1%) FairPolish=20ms(0%)
sept2026,60,1,off	17016	V6Dispatcher	完了 algorithm=RSI HARD=0 total=399 elapsed=17015ms
sept2026,60,1,off	32020	V6Dispatcher	完了 algorithm=ALNS HARD=0 total=399 elapsed=15003ms
sept2026,60,1,off	33343	C1BeamPolish	期間要件(c1)研磨[ビーム K=16 steps=60/831ms]: c1 79->79 / total 399->399 score 5237->5237 HARD 0->0 手数0 [探索結果が根に勝てず破棄]
sept2026,60,1,off	33413	RangePolish	個人回数(low/high)玉突き研磨: low 0->0 / high 8->8 / total 399->399 HARD 0->0 採用0回（日割当:0 / 柔軟日割当:0） [頭打ち=改善手なし] 残存: 職員A Dﾃ(禁止連続×10: 9/10・9/11・候補なし×8・希望固定×6・柔軟日割当候補なし×1・日割当候補なし×1), 職員D A4(不採用×9 主因 c1:8 low:1・希望固定×6・候補なし×3・柔軟日割当候補なし×1・日割当候補なし×1), 職員H Aｱ(range後回し×6・不採用×4 主因 c1:4・柔軟日割当候補なし×1・日割当候補なし×1) / 結合候補: tryRelocate×19 / 結合探索: 200通り試行/1ms→無駄打ち回避で早期終了
sept2026,60,1,off	33468	FairPolish	グループ内公平化(fair)研磨: fair 17->17 / total 399->399 HARD 0->0 採用0回 [頭打ち=改善手なし] 不採用197件(ピン破り:2 重み悪化:195)(主因 low:125 c1:66 c3m:4) 残存: 職員E 有, 職員B 休, 職員B Cｵ, 職員B Cｱ, 職員E Cｱ, 職員C B4, 職員E B4, 職員B 有, 職員C 有, 職員G Dﾃ, 職員I Aｱ, 職員I B4, 職員J B4, 職員G 有, 職員I 有 / 結合候補: FairChain×192 / 結合探索: 200通り試行/4ms→無駄打ち回避で早期終了
sept2026,60,1,off	36589	POST	後処理タイミング 総4405ms: HF80=18ms HF67=16ms HF66=1ms 巡回研磨(厳密日割当+c1/c3/range/apt/fair+曜日/交互)=1295ms C1共同LNS=1502ms 個人共同LNS=1573ms 最終検査+HF70=0ms
sept2026,60,1,off	36589	POST	後処理パス別 計4402ms: 個人回数共同LNS=1508ms(34%) C1共同LNS=1502ms(34%) C1広域ビーム=831ms(18%) C1時系列フロー=203ms(4%) ComponentRepair=103ms(2%) C1索引修復=58ms(1%) BlockRotationPolish=46ms(1%) C1同日交換=20ms(0%)
sept2026,60,1,off	36589	UnifiedCheck	合計=399 | HARD=0 [groupViol=0 c3n=0 covU=0 pref=0 c3w=0] | SOFT=399 [c1=79 c3m=62 c42=3 covO=23 high=8 apt=5 fair=17 weekly=202] (0ms)
sept2026,60,1,off	33343	C1BeamPolish	期間要件(c1)研磨[ビーム K=16 steps=60/831ms]: c1 79->79 / total 399->399 score 5237->5237 HARD 0->0 手数0 [探索結果が根に勝てず破棄]
sept2026,60,1,off	33413	RangePolish	個人回数(low/high)玉突き研磨: low 0->0 / high 8->8 / total 399->399 HARD 0->0 採用0回（日割当:0 / 柔軟日割当:0） [頭打ち=改善手なし] 残存: 職員A Dﾃ(禁止連続×10: 9/10・9/11・候補なし×8・希望固定×6・柔軟日割当候補なし×1・日割当候補なし×1), 職員D A4(不採用×9 主因 c1:8 low:1・希望固定×6・候補なし×3・柔軟日割当候補なし×1・日割当候補なし×1), 職員H Aｱ(range後回し×6・不採用×4 主因 c1:4・柔軟日割当候補なし×1・日割当候補なし×1) / 結合候補: tryRelocate×19 / 結合探索: 200通り試行/1ms→無駄打ち回避で早期終了
sept2026,60,1,off	33468	FairPolish	グループ内公平化(fair)研磨: fair 17->17 / total 399->399 HARD 0->0 採用0回 [頭打ち=改善手なし] 不採用197件(ピン破り:2 重み悪化:195)(主因 low:125 c1:66 c3m:4) 残存: 職員E 有, 職員B 休, 職員B Cｵ, 職員B Cｱ, 職員E Cｱ, 職員C B4, 職員E B4, 職員B 有, 職員C 有, 職員G Dﾃ, 職員I Aｱ, 職員I B4, 職員J B4, 職員G 有, 職員I 有 / 結合候補: FairChain×192 / 結合探索: 200通り試行/4ms→無駄打ち回避で早期終了
sept2026,60,1,off	36589	POST	後処理タイミング 総4405ms: HF80=18ms HF67=16ms HF66=1ms 巡回研磨(厳密日割当+c1/c3/range/apt/fair+曜日/交互)=1295ms C1共同LNS=1502ms 個人共同LNS=1573ms 最終検査+HF70=0ms
sept2026,60,1,off	36589	POST	後処理パス別 計4402ms: 個人回数共同LNS=1508ms(34%) C1共同LNS=1502ms(34%) C1広域ビーム=831ms(18%) C1時系列フロー=203ms(4%) ComponentRepair=103ms(2%) C1索引修復=58ms(1%) BlockRotationPolish=46ms(1%) C1同日交換=20ms(0%)
sept2026,60,2,off	17015	V6Dispatcher	完了 algorithm=RSI HARD=0 total=399 elapsed=17013ms
sept2026,60,2,off	19019	V6Dispatcher	完了 algorithm=ALNS HARD=0 total=399 elapsed=2004ms
sept2026,60,2,off	20458	C1BeamPolish	期間要件(c1)研磨[ビーム K=16 steps=60/981ms]: c1 71->71 / total 406->406 score 5140->5140 HARD 0->0 手数0 [探索結果が根に勝てず破棄]
sept2026,60,2,off	20495	RangePolish	個人回数(low/high)玉突き研磨: low 1->1 / high 9->9 / total 406->406 HARD 0->0 採用0回（日割当:0 / 柔軟日割当:0） [頭打ち=改善手なし] 残存: 職員A Dﾃ(禁止連続×10: 9/10・9/11・候補なし×8・希望固定×6・柔軟日割当候補なし×1・日割当候補なし×1), 職員D A4(希望固定×6: 9/10・9/11・不採用×6 主因 c1:6・候補なし×3・range後回し×3・柔軟日割当候補なし×1・日割当候補なし×1), 職員E Cｵ(希望固定×12: 9/1・9/3・9/10・9/12・9/13・9/14ほか6日・禁止連続×5・range後回し×5・不採用×3 主因 c1:3), 職員H Aｱ(range後回し×7・不採用×5 主因 c1:5・柔軟日割当候補なし×1・日割当候補なし×1) / 結合候補: tryRelocate×29 / 結合探索: 200通り試行/2ms→無駄打ち回避で早期終了
sept2026,60,2,off	20566	FairPolish	グループ内公平化(fair)研磨: fair 18->18 / total 405->402 HARD 0->0 採用1回 対象: 職員B B4 不採用349件(ピン破り:3 重み悪化:346)(主因 low:189 c1:155 high:2) 残存: 職員E 有, 職員B 休, 職員C 休, 職員E Cｵ, 職員B Cｱ, 職員E Cｱ, 職員E B4, 職員B 有, 職員C 有, 職員G Dﾃ, 職員I Cｱ, 職員J Cｱ, 職員I B4, 職員G 有, 職員I 有 / 結合候補: FairChain×342 / 結合探索: 200通り試行/3ms→無駄打ち回避で早期終了
sept2026,60,2,off	25989	POST	後処理タイミング 総6931ms: HF80=14ms HF67=12ms HF66=1ms 巡回研磨(厳密日割当+c1/c3/range/apt/fair+曜日/交互)=4686ms C1共同LNS=1521ms 個人共同LNS=696ms 最終検査+HF70=1ms
sept2026,60,2,off	25989	POST	後処理パス別 計6926ms: C1広域ビーム=2958ms(42%) C1共同LNS=1521ms(21%) C1時系列フロー=705ms(10%) 個人回数共同LNS=639ms(9%) ComponentRepair=351ms(5%) C1索引修復=185ms(2%) C1同日交換=104ms(1%) BlockRotationPolish=83ms(1%)
sept2026,60,2,off	25988	UnifiedCheck	合計=401 | HARD=0 [groupViol=0 c3n=0 covU=0 pref=0 c3w=0] | SOFT=401 [c1=69 c3m=59 c3mn=1 c42=4 covO=23 low=1 high=9 apt=6 fair=19 weekly=210] (0ms)
sept2026,60,2,off	20458	C1BeamPolish	期間要件(c1)研磨[ビーム K=16 steps=60/981ms]: c1 71->71 / total 406->406 score 5140->5140 HARD 0->0 手数0 [探索結果が根に勝てず破棄]
sept2026,60,2,off	20495	RangePolish	個人回数(low/high)玉突き研磨: low 1->1 / high 9->9 / total 406->406 HARD 0->0 採用0回（日割当:0 / 柔軟日割当:0） [頭打ち=改善手なし] 残存: 職員A Dﾃ(禁止連続×10: 9/10・9/11・候補なし×8・希望固定×6・柔軟日割当候補なし×1・日割当候補なし×1), 職員D A4(希望固定×6: 9/10・9/11・不採用×6 主因 c1:6・候補なし×3・range後回し×3・柔軟日割当候補なし×1・日割当候補なし×1), 職員E Cｵ(希望固定×12: 9/1・9/3・9/10・9/12・9/13・9/14ほか6日・禁止連続×5・range後回し×5・不採用×3 主因 c1:3), 職員H Aｱ(range後回し×7・不採用×5 主因 c1:5・柔軟日割当候補なし×1・日割当候補なし×1) / 結合候補: tryRelocate×29 / 結合探索: 200通り試行/2ms→無駄打ち回避で早期終了
sept2026,60,2,off	20566	FairPolish	グループ内公平化(fair)研磨: fair 18->18 / total 405->402 HARD 0->0 採用1回 対象: 職員B B4 不採用349件(ピン破り:3 重み悪化:346)(主因 low:189 c1:155 high:2) 残存: 職員E 有, 職員B 休, 職員C 休, 職員E Cｵ, 職員B Cｱ, 職員E Cｱ, 職員E B4, 職員B 有, 職員C 有, 職員G Dﾃ, 職員I Cｱ, 職員J Cｱ, 職員I B4, 職員G 有, 職員I 有 / 結合候補: FairChain×342 / 結合探索: 200通り試行/3ms→無駄打ち回避で早期終了
sept2026,60,2,off	25989	POST	後処理タイミング 総6931ms: HF80=14ms HF67=12ms HF66=1ms 巡回研磨(厳密日割当+c1/c3/range/apt/fair+曜日/交互)=4686ms C1共同LNS=1521ms 個人共同LNS=696ms 最終検査+HF70=1ms
sept2026,60,2,off	25989	POST	後処理パス別 計6926ms: C1広域ビーム=2958ms(42%) C1共同LNS=1521ms(21%) C1時系列フロー=705ms(10%) 個人回数共同LNS=639ms(9%) ComponentRepair=351ms(5%) C1索引修復=185ms(2%) C1同日交換=104ms(1%) BlockRotationPolish=83ms(1%)
sept2026,60,2,on	28016	V6Dispatcher	完了 algorithm=RSI HARD=0 total=397 elapsed=28012ms
sept2026,60,2,on	43030	V6Dispatcher	完了 algorithm=ALNS HARD=0 total=400 elapsed=15014ms
sept2026,60,2,on	44437	C1BeamPolish	期間要件(c1)研磨[ビーム K=16 steps=60/900ms]: c1 68->68 / total 393->393 score 4986->4986 HARD 0->0 手数0 [探索結果が根に勝てず破棄]
sept2026,60,2,on	44476	RangePolish	個人回数(low/high)玉突き研磨: low 2->2 / high 10->10 / total 392->392 HARD 0->0 採用0回（日割当:0 / 柔軟日割当:0） [頭打ち=改善手なし] 残存: 職員A Dﾃ(禁止連続×10: 9/10・9/11・候補なし×8・希望固定×6・柔軟日割当候補なし×1・日割当候補なし×1), 職員D A4(不採用×13 主因 c1:12 low:1・希望固定×6・候補なし×3・range後回し×2・柔軟日割当候補なし×1・日割当候補なし×1), 職員E A4(希望固定×12: 9/1・9/3・9/10・9/12・9/13・9/14ほか6日・禁止連続×7・不採用×3 主因 low:1 c3m:1・候補なし×2・range後回し×2), 職員H Aｱ(不採用×5 主因 c1:5・range後回し×5・柔軟日割当候補なし×1・日割当候補なし×1) / 結合候補: tryRelocate×30 / 結合探索: 200通り試行/3ms→無駄打ち回避で早期終了
sept2026,60,2,on	44515	AptPolish	適切回数(apt)研磨: apt 5->5 / total 392->392 HARD 0->0 採用0回 [頭打ち=改善手なし] 不採用5件(重み悪化:5)(主因 c1:3 low:2) 残存: 職員H Pｼ / 結合候補: AptChain×5 / 結合探索: 25通り試行/1ms
sept2026,60,2,on	44536	FairPolish	グループ内公平化(fair)研磨: fair 18->18 / total 392->392 HARD 0->0 採用0回 [頭打ち=改善手なし] 不採用185件(重み悪化:185)(主因 low:107 c1:71 c3m:7) 残存: 職員E 有, 職員B 休, 職員C 休, 職員B Cｵ, 職員B Cｱ, 職員E Cｱ, 職員B B4, 職員C B4, 職員B 有, 職員C 有, 職員G Dﾃ, 職員I Aｱ, 職員I B4, 職員J B4, 職員G 有, 職員I 有 / 結合候補: FairChain×181 / 結合探索: 200通り試行/4ms→無駄打ち回避で早期終了
sept2026,60,2,on	49589	POST	後処理タイミング 総6393ms: HF80=17ms HF67=14ms HF66=1ms 巡回研磨(厳密日割当+c1/c3/range/apt/fair+曜日/交互)=2879ms C1共同LNS=2831ms 個人共同LNS=650ms 最終検査+HF70=1ms
sept2026,60,2,on	49589	POST	後処理パス別 計6391ms: C1共同LNS=2831ms(44%) C1広域ビーム=1877ms(29%) 個人回数共同LNS=601ms(9%) C1時系列フロー=477ms(7%) ComponentRepair=179ms(2%) C1索引修復=96ms(1%) BlockRotationPolish=49ms(0%) RangePolish=39ms(0%)
sept2026,60,2,on	49589	UnifiedCheck	合計=395 | HARD=0 [groupViol=0 c3n=0 covU=0 pref=0 c3w=0] | SOFT=395 [c1=62 c3m=58 c42=3 covO=23 low=3 high=10 apt=5 fair=18 weekly=213] (0ms)
sept2026,60,2,on	44437	C1BeamPolish	期間要件(c1)研磨[ビーム K=16 steps=60/900ms]: c1 68->68 / total 393->393 score 4986->4986 HARD 0->0 手数0 [探索結果が根に勝てず破棄]
sept2026,60,2,on	44476	RangePolish	個人回数(low/high)玉突き研磨: low 2->2 / high 10->10 / total 392->392 HARD 0->0 採用0回（日割当:0 / 柔軟日割当:0） [頭打ち=改善手なし] 残存: 職員A Dﾃ(禁止連続×10: 9/10・9/11・候補なし×8・希望固定×6・柔軟日割当候補なし×1・日割当候補なし×1), 職員D A4(不採用×13 主因 c1:12 low:1・希望固定×6・候補なし×3・range後回し×2・柔軟日割当候補なし×1・日割当候補なし×1), 職員E A4(希望固定×12: 9/1・9/3・9/10・9/12・9/13・9/14ほか6日・禁止連続×7・不採用×3 主因 low:1 c3m:1・候補なし×2・range後回し×2), 職員H Aｱ(不採用×5 主因 c1:5・range後回し×5・柔軟日割当候補なし×1・日割当候補なし×1) / 結合候補: tryRelocate×30 / 結合探索: 200通り試行/3ms→無駄打ち回避で早期終了
sept2026,60,2,on	44515	AptPolish	適切回数(apt)研磨: apt 5->5 / total 392->392 HARD 0->0 採用0回 [頭打ち=改善手なし] 不採用5件(重み悪化:5)(主因 c1:3 low:2) 残存: 職員H Pｼ / 結合候補: AptChain×5 / 結合探索: 25通り試行/1ms
sept2026,60,2,on	44536	FairPolish	グループ内公平化(fair)研磨: fair 18->18 / total 392->392 HARD 0->0 採用0回 [頭打ち=改善手なし] 不採用185件(重み悪化:185)(主因 low:107 c1:71 c3m:7) 残存: 職員E 有, 職員B 休, 職員C 休, 職員B Cｵ, 職員B Cｱ, 職員E Cｱ, 職員B B4, 職員C B4, 職員B 有, 職員C 有, 職員G Dﾃ, 職員I Aｱ, 職員I B4, 職員J B4, 職員G 有, 職員I 有 / 結合候補: FairChain×181 / 結合探索: 200通り試行/4ms→無駄打ち回避で早期終了
sept2026,60,2,on	49589	POST	後処理タイミング 総6393ms: HF80=17ms HF67=14ms HF66=1ms 巡回研磨(厳密日割当+c1/c3/range/apt/fair+曜日/交互)=2879ms C1共同LNS=2831ms 個人共同LNS=650ms 最終検査+HF70=1ms
sept2026,60,2,on	49589	POST	後処理パス別 計6391ms: C1共同LNS=2831ms(44%) C1広域ビーム=1877ms(29%) 個人回数共同LNS=601ms(9%) C1時系列フロー=477ms(7%) ComponentRepair=179ms(2%) C1索引修復=96ms(1%) BlockRotationPolish=49ms(0%) RangePolish=39ms(0%)
sept2026,60,3,on	17018	V6Dispatcher	完了 algorithm=RSI HARD=0 total=399 elapsed=17017ms
sept2026,60,3,on	19022	V6Dispatcher	完了 algorithm=ALNS HARD=0 total=399 elapsed=2003ms
sept2026,60,3,on	20487	C1BeamPolish	期間要件(c1)研磨[ビーム K=16 steps=60/1090ms]: c1 71->71 / total 406->406 score 5140->5140 HARD 0->0 手数0 [探索結果が根に勝てず破棄]
sept2026,60,3,on	20525	RangePolish	個人回数(low/high)玉突き研磨: low 1->1 / high 9->9 / total 406->406 HARD 0->0 採用0回（日割当:0 / 柔軟日割当:0） [頭打ち=改善手なし] 残存: 職員A Dﾃ(禁止連続×10: 9/10・9/11・候補なし×8・希望固定×6・柔軟日割当候補なし×1・日割当候補なし×1), 職員D A4(不採用×7 主因 c1:6 low:1・希望固定×6・候補なし×3・range後回し×2・柔軟日割当候補なし×1・日割当候補なし×1), 職員E Cｵ(希望固定×12: 9/1・9/3・9/10・9/12・9/13・9/14ほか6日・禁止連続×5・range後回し×5・不採用×3 主因 c1:3), 職員H Aｱ(不採用×6 主因 c1:5 low:1・range後回し×6・柔軟日割当候補なし×1・日割当候補なし×1) / 結合候補: tryRelocate×29 / 結合探索: 200通り試行/1ms→無駄打ち回避で早期終了
sept2026,60,3,on	20587	FairPolish	グループ内公平化(fair)研磨: fair 18->18 / total 405->405 HARD 0->0 採用0回 [頭打ち=改善手なし] 不採用183件(ピン破り:1 重み悪化:181 同値:1)(主因 low:102 c1:76 high:3) 残存: 職員E 有, 職員B 休, 職員C 休, 職員E Cｵ, 職員E Cｱ, 職員B B4, 職員E B4, 職員B 有, 職員C 有, 職員G Dﾃ, 職員I Cｱ, 職員I B4, 職員J B4, 職員G 有, 職員I 有 / 結合候補: FairChain×180 / 結合探索: 200通り試行/3ms→無駄打ち回避で早期終了
sept2026,60,3,on	25912	POST	後処理タイミング 総6839ms: HF80=14ms HF67=12ms HF66=1ms 巡回研磨(厳密日割当+c1/c3/range/apt/fair+曜日/交互)=4715ms C1共同LNS=1507ms 個人共同LNS=589ms 最終検査+HF70=1ms
sept2026,60,3,on	25912	POST	後処理パス別 計6836ms: C1広域ビーム=3192ms(46%) C1共同LNS=1507ms(22%) C1時系列フロー=635ms(9%) 個人回数共同LNS=535ms(7%) ComponentRepair=262ms(3%) C1索引修復=182ms(2%) BlockRotationPolish=89ms(1%) C1同日交換=70ms(1%)
sept2026,60,3,on	25912	UnifiedCheck	合計=401 | HARD=0 [groupViol=0 c3n=0 covU=0 pref=0 c3w=0] | SOFT=401 [c1=69 c3m=59 c3mn=1 c42=4 covO=23 low=1 high=9 apt=6 fair=19 weekly=210] (0ms)
sept2026,60,3,on	20487	C1BeamPolish	期間要件(c1)研磨[ビーム K=16 steps=60/1090ms]: c1 71->71 / total 406->406 score 5140->5140 HARD 0->0 手数0 [探索結果が根に勝てず破棄]
sept2026,60,3,on	20525	RangePolish	個人回数(low/high)玉突き研磨: low 1->1 / high 9->9 / total 406->406 HARD 0->0 採用0回（日割当:0 / 柔軟日割当:0） [頭打ち=改善手なし] 残存: 職員A Dﾃ(禁止連続×10: 9/10・9/11・候補なし×8・希望固定×6・柔軟日割当候補なし×1・日割当候補なし×1), 職員D A4(不採用×7 主因 c1:6 low:1・希望固定×6・候補なし×3・range後回し×2・柔軟日割当候補なし×1・日割当候補なし×1), 職員E Cｵ(希望固定×12: 9/1・9/3・9/10・9/12・9/13・9/14ほか6日・禁止連続×5・range後回し×5・不採用×3 主因 c1:3), 職員H Aｱ(不採用×6 主因 c1:5 low:1・range後回し×6・柔軟日割当候補なし×1・日割当候補なし×1) / 結合候補: tryRelocate×29 / 結合探索: 200通り試行/1ms→無駄打ち回避で早期終了
sept2026,60,3,on	20587	FairPolish	グループ内公平化(fair)研磨: fair 18->18 / total 405->405 HARD 0->0 採用0回 [頭打ち=改善手なし] 不採用183件(ピン破り:1 重み悪化:181 同値:1)(主因 low:102 c1:76 high:3) 残存: 職員E 有, 職員B 休, 職員C 休, 職員E Cｵ, 職員E Cｱ, 職員B B4, 職員E B4, 職員B 有, 職員C 有, 職員G Dﾃ, 職員I Cｱ, 職員I B4, 職員J B4, 職員G 有, 職員I 有 / 結合候補: FairChain×180 / 結合探索: 200通り試行/3ms→無駄打ち回避で早期終了
sept2026,60,3,on	25912	POST	後処理タイミング 総6839ms: HF80=14ms HF67=12ms HF66=1ms 巡回研磨(厳密日割当+c1/c3/range/apt/fair+曜日/交互)=4715ms C1共同LNS=1507ms 個人共同LNS=589ms 最終検査+HF70=1ms
sept2026,60,3,on	25912	POST	後処理パス別 計6836ms: C1広域ビーム=3192ms(46%) C1共同LNS=1507ms(22%) C1時系列フロー=635ms(9%) 個人回数共同LNS=535ms(7%) ComponentRepair=262ms(3%) C1索引修復=182ms(2%) BlockRotationPolish=89ms(1%) C1同日交換=70ms(1%)
sept2026,60,3,off	17019	V6Dispatcher	完了 algorithm=RSI HARD=0 total=399 elapsed=17019ms
sept2026,60,3,off	19023	V6Dispatcher	完了 algorithm=ALNS HARD=0 total=399 elapsed=2003ms
sept2026,60,3,off	20330	C1BeamPolish	期間要件(c1)研磨[ビーム K=16 steps=60/878ms]: c1 79->79 / total 399->399 score 5237->5237 HARD 0->0 手数0 [探索結果が根に勝てず破棄]
sept2026,60,3,off	20388	RangePolish	個人回数(low/high)玉突き研磨: low 0->0 / high 8->8 / total 399->399 HARD 0->0 採用0回（日割当:0 / 柔軟日割当:0） [頭打ち=改善手なし] 残存: 職員A Dﾃ(禁止連続×10: 9/10・9/11・候補なし×8・希望固定×6・柔軟日割当候補なし×1・日割当候補なし×1), 職員D A4(不採用×7 主因 c1:6 low:1・希望固定×6・候補なし×3・range後回し×2・柔軟日割当候補なし×1・日割当候補なし×1), 職員H Aｱ(range後回し×6・不採用×4 主因 c1:4・柔軟日割当候補なし×1・日割当候補なし×1) / 結合候補: tryRelocate×19 / 結合探索: 200通り試行/1ms→無駄打ち回避で早期終了
sept2026,60,3,off	20433	FairPolish	グループ内公平化(fair)研磨: fair 17->17 / total 399->399 HARD 0->0 採用0回 [頭打ち=改善手なし] 不採用197件(ピン破り:2 必須増:1 重み悪化:194)(主因 low:121 c1:68 c3m:5) 残存: 職員E 有, 職員B 休, 職員B Cｵ, 職員B Cｱ, 職員E Cｱ, 職員C B4, 職員E B4, 職員B 有, 職員C 有, 職員G Dﾃ, 職員I Aｱ, 職員I B4, 職員J B4, 職員G 有, 職員I 有 / 結合候補: FairChain×192 / 結合探索: 200通り試行/2ms→無駄打ち回避で早期終了
sept2026,60,3,off	22648	POST	後処理タイミング 総3530ms: HF80=18ms HF67=14ms HF66=1ms 巡回研磨(厳密日割当+c1/c3/range/apt/fair+曜日/交互)=1327ms C1共同LNS=1506ms 個人共同LNS=664ms 最終検査+HF70=0ms
sept2026,60,3,off	22648	POST	後処理パス別 計3529ms: C1共同LNS=1506ms(42%) C1広域ビーム=878ms(24%) 個人回数共同LNS=624ms(17%) C1時系列フロー=213ms(6%) ComponentRepair=78ms(2%) C1索引修復=56ms(1%) BlockRotationPolish=38ms(1%) C1同日交換=20ms(0%)
sept2026,60,3,off	22648	UnifiedCheck	合計=399 | HARD=0 [groupViol=0 c3n=0 covU=0 pref=0 c3w=0] | SOFT=399 [c1=79 c3m=62 c42=3 covO=23 high=8 apt=5 fair=17 weekly=202] (0ms)
sept2026,60,3,off	20330	C1BeamPolish	期間要件(c1)研磨[ビーム K=16 steps=60/878ms]: c1 79->79 / total 399->399 score 5237->5237 HARD 0->0 手数0 [探索結果が根に勝てず破棄]
sept2026,60,3,off	20388	RangePolish	個人回数(low/high)玉突き研磨: low 0->0 / high 8->8 / total 399->399 HARD 0->0 採用0回（日割当:0 / 柔軟日割当:0） [頭打ち=改善手なし] 残存: 職員A Dﾃ(禁止連続×10: 9/10・9/11・候補なし×8・希望固定×6・柔軟日割当候補なし×1・日割当候補なし×1), 職員D A4(不採用×7 主因 c1:6 low:1・希望固定×6・候補なし×3・range後回し×2・柔軟日割当候補なし×1・日割当候補なし×1), 職員H Aｱ(range後回し×6・不採用×4 主因 c1:4・柔軟日割当候補なし×1・日割当候補なし×1) / 結合候補: tryRelocate×19 / 結合探索: 200通り試行/1ms→無駄打ち回避で早期終了
sept2026,60,3,off	20433	FairPolish	グループ内公平化(fair)研磨: fair 17->17 / total 399->399 HARD 0->0 採用0回 [頭打ち=改善手なし] 不採用197件(ピン破り:2 必須増:1 重み悪化:194)(主因 low:121 c1:68 c3m:5) 残存: 職員E 有, 職員B 休, 職員B Cｵ, 職員B Cｱ, 職員E Cｱ, 職員C B4, 職員E B4, 職員B 有, 職員C 有, 職員G Dﾃ, 職員I Aｱ, 職員I B4, 職員J B4, 職員G 有, 職員I 有 / 結合候補: FairChain×192 / 結合探索: 200通り試行/2ms→無駄打ち回避で早期終了
sept2026,60,3,off	22648	POST	後処理タイミング 総3530ms: HF80=18ms HF67=14ms HF66=1ms 巡回研磨(厳密日割当+c1/c3/range/apt/fair+曜日/交互)=1327ms C1共同LNS=1506ms 個人共同LNS=664ms 最終検査+HF70=0ms
sept2026,60,3,off	22648	POST	後処理パス別 計3529ms: C1共同LNS=1506ms(42%) C1広域ビーム=878ms(24%) 個人回数共同LNS=624ms(17%) C1時系列フロー=213ms(6%) ComponentRepair=78ms(2%) C1索引修復=56ms(1%) BlockRotationPolish=38ms(1%) C1同日交換=20ms(0%)
sept2026,120,1,on	29019	V6Dispatcher	完了 algorithm=RSI HARD=0 total=399 elapsed=29017ms
sept2026,120,1,on	44023	V6Dispatcher	完了 algorithm=ALNS HARD=0 total=399 elapsed=15004ms
sept2026,120,1,on	44306	C1Polish	期間要件(c1)研磨: c1 79->79 / total 399->399 HARD 0->0 採用0回(鏡像:0 自己:0 再配置:0) [頭打ち=改善手なし] 残存: 職員A 休(4日1回)(不採用×7 主因 c1:3 low:2), 職員B 休(4日1回)(不採用×15 主因 low:9 c3n:4), 職員C 休(4日1回)(不採用×23 主因 low:12 c3n:9), 職員B 休(14日4回)(不採用×31 主因 low:18 c3n:9), 職員C 休(14日4回)(不採用×21 主因 low:11 c3n:8), 職員E 休(4日1回)(不採用×18 主因 low:11 c3n:7), 職員F 休(4日1回)(不採用×16 主因 low:10 c3n:4), 職員E 休(14日4回)(不採用×17 主因 low:11 c3n:6), 職員G 休(4日1回)(不採用×10 主因 low:6 c3n:4), 職員G 休(14日4回)(不採用×30 主因 low:14 c3n:13), 職員I 休(4日1回)(不採用×31 主因 c3n:14 low:10), 職員J 休(4日1回)(不採用×17 主因 c1:7 c3n:6), 職員I 休(14日4回)(不採用×45 主因 c3n:21 low:16) / 結合候補: 手B×127 / 結合探索: 200通り試行/1ms→無駄打ち回避で早期終了
sept2026,120,1,on	45901	C1BeamPolish	期間要件(c1)研磨[ビーム K=16 steps=60/1238ms]: c1 79->79 / total 399->399 score 5237->5237 HARD 0->0 手数0 [探索結果が根に勝てず破棄]
sept2026,120,1,on	45989	RangePolish	個人回数(low/high)玉突き研磨: low 0->0 / high 8->8 / total 399->399 HARD 0->0 採用0回（日割当:0 / 柔軟日割当:0） [頭打ち=改善手なし] 残存: 職員A Dﾃ(禁止連続×10: 9/10・9/11・候補なし×8・希望固定×6・柔軟日割当候補なし×1・日割当候補なし×1), 職員D A4(不採用×9 主因 c1:7 low:2・希望固定×6・候補なし×3・柔軟日割当候補なし×1・日割当候補なし×1), 職員H Aｱ(不採用×5 主因 c1:5・range後回し×5・柔軟日割当候補なし×1・日割当候補なし×1) / 結合候補: tryRelocate×19 / 結合探索: 200通り試行/1ms→無駄打ち回避で早期終了
sept2026,120,1,on	46149	FairPolish	グループ内公平化(fair)研磨: fair 17->17 / total 399->399 HARD 0->0 採用0回 [頭打ち=改善手なし] 不採用197件(ピン破り:2 必須増:1 重み悪化:194)(主因 low:126 c1:64 c3m:4) 残存: 職員E 有, 職員B 休, 職員B Cｵ, 職員B Cｱ, 職員E Cｱ, 職員C B4, 職員E B4, 職員B 有, 職員C 有, 職員G Dﾃ, 職員I Aｱ, 職員I B4, 職員J B4, 職員G 有, 職員I 有 / 結合候補: FairChain×192 / 結合探索: 200通り試行/4ms→無駄打ち回避で早期終了
sept2026,120,1,on	48292	POST	後処理タイミング 総4085ms: HF80=15ms HF67=15ms HF66=1ms 巡回研磨(厳密日割当+c1/c3/range/apt/fair+曜日/交互)=1963ms C1共同LNS=1501ms 個人共同LNS=590ms 最終検査+HF70=0ms
sept2026,120,1,on	48292	POST	後処理パス別 計4080ms: C1共同LNS=1501ms(36%) C1広域ビーム=1238ms(30%) 個人回数共同LNS=544ms(13%) C1時系列フロー=254ms(6%) C1索引修復=103ms(2%) AdaptiveBlockSwapPolish=95ms(2%) ComponentRepair=91ms(2%) BlockRotationPolish=45ms(1%)
sept2026,120,1,on	48292	UnifiedCheck	合計=399 | HARD=0 [groupViol=0 c3n=0 covU=0 pref=0 c3w=0] | SOFT=399 [c1=79 c3m=62 c42=3 covO=23 high=8 apt=5 fair=17 weekly=202] (0ms)
sept2026,120,1,on	44306	C1Polish	期間要件(c1)研磨: c1 79->79 / total 399->399 HARD 0->0 採用0回(鏡像:0 自己:0 再配置:0) [頭打ち=改善手なし] 残存: 職員A 休(4日1回)(不採用×7 主因 c1:3 low:2), 職員B 休(4日1回)(不採用×15 主因 low:9 c3n:4), 職員C 休(4日1回)(不採用×23 主因 low:12 c3n:9), 職員B 休(14日4回)(不採用×31 主因 low:18 c3n:9), 職員C 休(14日4回)(不採用×21 主因 low:11 c3n:8), 職員E 休(4日1回)(不採用×18 主因 low:11 c3n:7), 職員F 休(4日1回)(不採用×16 主因 low:10 c3n:4), 職員E 休(14日4回)(不採用×17 主因 low:11 c3n:6), 職員G 休(4日1回)(不採用×10 主因 low:6 c3n:4), 職員G 休(14日4回)(不採用×30 主因 low:14 c3n:13), 職員I 休(4日1回)(不採用×31 主因 c3n:14 low:10), 職員J 休(4日1回)(不採用×17 主因 c1:7 c3n:6), 職員I 休(14日4回)(不採用×45 主因 c3n:21 low:16) / 結合候補: 手B×127 / 結合探索: 200通り試行/1ms→無駄打ち回避で早期終了
sept2026,120,1,on	45901	C1BeamPolish	期間要件(c1)研磨[ビーム K=16 steps=60/1238ms]: c1 79->79 / total 399->399 score 5237->5237 HARD 0->0 手数0 [探索結果が根に勝てず破棄]
sept2026,120,1,on	45989	RangePolish	個人回数(low/high)玉突き研磨: low 0->0 / high 8->8 / total 399->399 HARD 0->0 採用0回（日割当:0 / 柔軟日割当:0） [頭打ち=改善手なし] 残存: 職員A Dﾃ(禁止連続×10: 9/10・9/11・候補なし×8・希望固定×6・柔軟日割当候補なし×1・日割当候補なし×1), 職員D A4(不採用×9 主因 c1:7 low:2・希望固定×6・候補なし×3・柔軟日割当候補なし×1・日割当候補なし×1), 職員H Aｱ(不採用×5 主因 c1:5・range後回し×5・柔軟日割当候補なし×1・日割当候補なし×1) / 結合候補: tryRelocate×19 / 結合探索: 200通り試行/1ms→無駄打ち回避で早期終了
sept2026,120,1,on	46149	FairPolish	グループ内公平化(fair)研磨: fair 17->17 / total 399->399 HARD 0->0 採用0回 [頭打ち=改善手なし] 不採用197件(ピン破り:2 必須増:1 重み悪化:194)(主因 low:126 c1:64 c3m:4) 残存: 職員E 有, 職員B 休, 職員B Cｵ, 職員B Cｱ, 職員E Cｱ, 職員C B4, 職員E B4, 職員B 有, 職員C 有, 職員G Dﾃ, 職員I Aｱ, 職員I B4, 職員J B4, 職員G 有, 職員I 有 / 結合候補: FairChain×192 / 結合探索: 200通り試行/4ms→無駄打ち回避で早期終了
sept2026,120,1,on	48292	POST	後処理タイミング 総4085ms: HF80=15ms HF67=15ms HF66=1ms 巡回研磨(厳密日割当+c1/c3/range/apt/fair+曜日/交互)=1963ms C1共同LNS=1501ms 個人共同LNS=590ms 最終検査+HF70=0ms
sept2026,120,1,on	48292	POST	後処理パス別 計4080ms: C1共同LNS=1501ms(36%) C1広域ビーム=1238ms(30%) 個人回数共同LNS=544ms(13%) C1時系列フロー=254ms(6%) C1索引修復=103ms(2%) AdaptiveBlockSwapPolish=95ms(2%) ComponentRepair=91ms(2%) BlockRotationPolish=45ms(1%)
sept2026,120,1,off	29018	V6Dispatcher	完了 algorithm=RSI HARD=0 total=399 elapsed=29016ms
sept2026,120,1,off	44022	V6Dispatcher	完了 algorithm=ALNS HARD=0 total=399 elapsed=15003ms
sept2026,120,1,off	44338	C1Polish	期間要件(c1)研磨: c1 79->79 / total 399->399 HARD 0->0 採用0回(鏡像:0 自己:0 再配置:0) [頭打ち=改善手なし] 残存: 職員A 休(4日1回)(不採用×7 主因 c1:3 low:2), 職員B 休(4日1回)(不採用×15 主因 low:9 c3n:4), 職員C 休(4日1回)(不採用×23 主因 low:12 c3n:9), 職員B 休(14日4回)(不採用×30 主因 low:16 c3n:10), 職員C 休(14日4回)(不採用×21 主因 low:11 c3n:8), 職員E 休(4日1回)(不採用×18 主因 low:11 c3n:7), 職員F 休(4日1回)(不採用×16 主因 low:10 c3n:4), 職員E 休(14日4回)(不採用×17 主因 low:11 c3n:6), 職員G 休(4日1回)(不採用×8 主因 low:4 c3n:4), 職員G 休(14日4回)(不採用×30 主因 low:14 c3n:13), 職員I 休(4日1回)(不採用×32 主因 c3n:14 low:12), 職員J 休(4日1回)(不採用×17 主因 c1:7 c3n:6), 職員I 休(14日4回)(不採用×44 主因 c3n:21 low:14) / 結合候補: 手B×127 / 結合探索: 200通り試行/1ms→無駄打ち回避で早期終了
sept2026,120,1,off	45563	C1BeamPolish	期間要件(c1)研磨[ビーム K=16 steps=60/942ms]: c1 79->79 / total 399->399 score 5237->5237 HARD 0->0 手数0 [探索結果が根に勝てず破棄]
sept2026,120,1,off	45653	RangePolish	個人回数(low/high)玉突き研磨: low 0->0 / high 8->8 / total 399->399 HARD 0->0 採用0回（日割当:0 / 柔軟日割当:0） [頭打ち=改善手なし] 残存: 職員A Dﾃ(禁止連続×10: 9/10・9/11・候補なし×8・希望固定×6・柔軟日割当候補なし×1・日割当候補なし×1), 職員D A4(不採用×7 主因 c1:7・希望固定×6・候補なし×3・range後回し×2・柔軟日割当候補なし×1・日割当候補なし×1), 職員H Aｱ(不採用×5 主因 c1:5・range後回し×5・柔軟日割当候補なし×1・日割当候補なし×1) / 結合候補: tryRelocate×19 / 結合探索: 200通り試行/1ms→無駄打ち回避で早期終了
sept2026,120,1,off	45710	AptPolish	適切回数(apt)研磨: apt 5->5 / total 399->399 HARD 0->0 採用0回 [頭打ち=改善手なし] 不採用5件(重み悪化:5)(主因 low:3 c1:2) 残存: 職員H Pｼ / 結合候補: AptChain×5 / 結合探索: 25通り試行/1ms
sept2026,120,1,off	45731	FairPolish	グループ内公平化(fair)研磨: fair 17->17 / total 399->399 HARD 0->0 採用0回 [頭打ち=改善手なし] 不採用197件(ピン破り:2 重み悪化:195)(主因 low:130 c1:62 c3m:3) 残存: 職員E 有, 職員B 休, 職員B Cｵ, 職員B Cｱ, 職員E Cｱ, 職員C B4, 職員E B4, 職員B 有, 職員C 有, 職員G Dﾃ, 職員I Aｱ, 職員I B4, 職員J B4, 職員G 有, 職員I 有 / 結合候補: FairChain×192 / 結合探索: 200通り試行/4ms→無駄打ち回避で早期終了
sept2026,120,1,off	48027	POST	後処理タイミング 総3803ms: HF80=27ms HF67=26ms HF66=2ms 巡回研磨(厳密日割当+c1/c3/range/apt/fair+曜日/交互)=1501ms C1共同LNS=1503ms 個人共同LNS=744ms 最終検査+HF70=0ms
sept2026,120,1,off	48027	POST	後処理パス別 計3797ms: C1共同LNS=1503ms(39%) C1広域ビーム=942ms(24%) 個人回数共同LNS=700ms(18%) C1時系列フロー=207ms(5%) ComponentRepair=86ms(2%) C1索引修復=75ms(1%) BlockRotationPolish=54ms(1%) C1同日交換=28ms(0%)
sept2026,120,1,off	48027	UnifiedCheck	合計=399 | HARD=0 [groupViol=0 c3n=0 covU=0 pref=0 c3w=0] | SOFT=399 [c1=79 c3m=62 c42=3 covO=23 high=8 apt=5 fair=17 weekly=202] (0ms)
sept2026,120,1,off	44338	C1Polish	期間要件(c1)研磨: c1 79->79 / total 399->399 HARD 0->0 採用0回(鏡像:0 自己:0 再配置:0) [頭打ち=改善手なし] 残存: 職員A 休(4日1回)(不採用×7 主因 c1:3 low:2), 職員B 休(4日1回)(不採用×15 主因 low:9 c3n:4), 職員C 休(4日1回)(不採用×23 主因 low:12 c3n:9), 職員B 休(14日4回)(不採用×30 主因 low:16 c3n:10), 職員C 休(14日4回)(不採用×21 主因 low:11 c3n:8), 職員E 休(4日1回)(不採用×18 主因 low:11 c3n:7), 職員F 休(4日1回)(不採用×16 主因 low:10 c3n:4), 職員E 休(14日4回)(不採用×17 主因 low:11 c3n:6), 職員G 休(4日1回)(不採用×8 主因 low:4 c3n:4), 職員G 休(14日4回)(不採用×30 主因 low:14 c3n:13), 職員I 休(4日1回)(不採用×32 主因 c3n:14 low:12), 職員J 休(4日1回)(不採用×17 主因 c1:7 c3n:6), 職員I 休(14日4回)(不採用×44 主因 c3n:21 low:14) / 結合候補: 手B×127 / 結合探索: 200通り試行/1ms→無駄打ち回避で早期終了
sept2026,120,1,off	45563	C1BeamPolish	期間要件(c1)研磨[ビーム K=16 steps=60/942ms]: c1 79->79 / total 399->399 score 5237->5237 HARD 0->0 手数0 [探索結果が根に勝てず破棄]
sept2026,120,1,off	45653	RangePolish	個人回数(low/high)玉突き研磨: low 0->0 / high 8->8 / total 399->399 HARD 0->0 採用0回（日割当:0 / 柔軟日割当:0） [頭打ち=改善手なし] 残存: 職員A Dﾃ(禁止連続×10: 9/10・9/11・候補なし×8・希望固定×6・柔軟日割当候補なし×1・日割当候補なし×1), 職員D A4(不採用×7 主因 c1:7・希望固定×6・候補なし×3・range後回し×2・柔軟日割当候補なし×1・日割当候補なし×1), 職員H Aｱ(不採用×5 主因 c1:5・range後回し×5・柔軟日割当候補なし×1・日割当候補なし×1) / 結合候補: tryRelocate×19 / 結合探索: 200通り試行/1ms→無駄打ち回避で早期終了
sept2026,120,1,off	45710	AptPolish	適切回数(apt)研磨: apt 5->5 / total 399->399 HARD 0->0 採用0回 [頭打ち=改善手なし] 不採用5件(重み悪化:5)(主因 low:3 c1:2) 残存: 職員H Pｼ / 結合候補: AptChain×5 / 結合探索: 25通り試行/1ms
sept2026,120,1,off	45731	FairPolish	グループ内公平化(fair)研磨: fair 17->17 / total 399->399 HARD 0->0 採用0回 [頭打ち=改善手なし] 不採用197件(ピン破り:2 重み悪化:195)(主因 low:130 c1:62 c3m:3) 残存: 職員E 有, 職員B 休, 職員B Cｵ, 職員B Cｱ, 職員E Cｱ, 職員C B4, 職員E B4, 職員B 有, 職員C 有, 職員G Dﾃ, 職員I Aｱ, 職員I B4, 職員J B4, 職員G 有, 職員I 有 / 結合候補: FairChain×192 / 結合探索: 200通り試行/4ms→無駄打ち回避で早期終了
sept2026,120,1,off	48027	POST	後処理タイミング 総3803ms: HF80=27ms HF67=26ms HF66=2ms 巡回研磨(厳密日割当+c1/c3/range/apt/fair+曜日/交互)=1501ms C1共同LNS=1503ms 個人共同LNS=744ms 最終検査+HF70=0ms
sept2026,120,1,off	48027	POST	後処理パス別 計3797ms: C1共同LNS=1503ms(39%) C1広域ビーム=942ms(24%) 個人回数共同LNS=700ms(18%) C1時系列フロー=207ms(5%) ComponentRepair=86ms(2%) C1索引修復=75ms(1%) BlockRotationPolish=54ms(1%) C1同日交換=28ms(0%)
sept2026,120,2,off	29019	V6Dispatcher	完了 algorithm=RSI HARD=0 total=399 elapsed=29019ms
sept2026,120,2,off	30005	V6Dispatcher	完了 algorithm=ALNS HARD=0 total=399 elapsed=985ms
sept2026,120,2,off	30117	C1Polish	期間要件(c1)研磨: c1 79->79 / total 399->399 HARD 0->0 採用0回(鏡像:0 自己:0 再配置:0) [頭打ち=改善手なし] 残存: 職員A 休(4日1回)(不採用×7 主因 c1:3 low:2), 職員B 休(4日1回)(不採用×15 主因 low:9 c3n:4), 職員C 休(4日1回)(不採用×23 主因 low:12 c3n:9), 職員B 休(14日4回)(不採用×30 主因 low:15 c3n:9), 職員C 休(14日4回)(不採用×21 主因 low:11 c3n:8), 職員E 休(4日1回)(不採用×18 主因 low:11 c3n:7), 職員F 休(4日1回)(不採用×16 主因 low:10 c3n:4), 職員E 休(14日4回)(不採用×17 主因 low:11 c3n:6), 職員G 休(4日1回)(不採用×9 主因 low:5 c3n:4), 職員G 休(14日4回)(不採用×30 主因 low:14 c3n:13), 職員I 休(4日1回)(不採用×32 主因 c3n:14 low:12), 職員J 休(4日1回)(不採用×17 主因 c1:9 c3n:6), 職員I 休(14日4回)(不採用×45 主因 c3n:21 low:15) / 結合候補: 手B×127 / 結合探索: 200通り試行/1ms→無駄打ち回避で早期終了
sept2026,120,2,off	31395	C1BeamPolish	期間要件(c1)研磨[ビーム K=16 steps=60/962ms]: c1 71->71 / total 406->406 score 5140->5140 HARD 0->0 手数0 [探索結果が根に勝てず破棄]
sept2026,120,2,off	31441	RangePolish	個人回数(low/high)玉突き研磨: low 1->1 / high 9->9 / total 406->406 HARD 0->0 採用0回（日割当:0 / 柔軟日割当:0） [頭打ち=改善手なし] 残存: 職員A Dﾃ(禁止連続×10: 9/10・9/11・候補なし×8・希望固定×6・柔軟日割当候補なし×1・日割当候補なし×1), 職員D A4(不採用×8 主因 c1:6 low:2・希望固定×6・候補なし×3・柔軟日割当候補なし×1・range後回し×1・日割当候補なし×1), 職員E Cｵ(希望固定×12: 9/1・9/3・9/10・9/12・9/13・9/14ほか6日・禁止連続×5・不採用×4 主因 low:2 c1:2・range後回し×4), 職員H Aｱ(range後回し×7・不採用×5 主因 c1:5・柔軟日割当候補なし×1・日割当候補なし×1) / 結合候補: tryRelocate×29 / 結合探索: 200通り試行/1ms→無駄打ち回避で早期終了
sept2026,120,2,off	31523	FairPolish	グループ内公平化(fair)研磨: fair 18->18 / total 405->402 HARD 0->0 採用1回 対象: 職員B B4 不採用349件(重み悪化:349)(主因 low:201 c1:145 high:3) 残存: 職員E 有, 職員B 休, 職員C 休, 職員E Cｵ, 職員B Cｱ, 職員E Cｱ, 職員E B4, 職員B 有, 職員C 有, 職員G Dﾃ, 職員I Cｱ, 職員J Cｱ, 職員I B4, 職員G 有, 職員I 有 / 結合候補: FairChain×342 / 結合探索: 200通り試行/3ms→無駄打ち回避で早期終了
sept2026,120,2,off	36826	POST	後処理タイミング 総6772ms: HF80=14ms HF67=14ms HF66=1ms 巡回研磨(厳密日割当+c1/c3/range/apt/fair+曜日/交互)=4584ms C1共同LNS=1504ms 個人共同LNS=655ms 最終検査+HF70=0ms
sept2026,120,2,off	36826	POST	後処理パス別 計6767ms: C1広域ビーム=2913ms(43%) C1共同LNS=1504ms(22%) C1時系列フロー=699ms(10%) 個人回数共同LNS=599ms(8%) ComponentRepair=262ms(3%) C1索引修復=206ms(3%) BlockRotationPolish=97ms(1%) C1同日交換=78ms(1%)
sept2026,120,2,off	36825	UnifiedCheck	合計=401 | HARD=0 [groupViol=0 c3n=0 covU=0 pref=0 c3w=0] | SOFT=401 [c1=69 c3m=59 c3mn=1 c42=4 covO=23 low=1 high=9 apt=6 fair=19 weekly=210] (0ms)
sept2026,120,2,off	30117	C1Polish	期間要件(c1)研磨: c1 79->79 / total 399->399 HARD 0->0 採用0回(鏡像:0 自己:0 再配置:0) [頭打ち=改善手なし] 残存: 職員A 休(4日1回)(不採用×7 主因 c1:3 low:2), 職員B 休(4日1回)(不採用×15 主因 low:9 c3n:4), 職員C 休(4日1回)(不採用×23 主因 low:12 c3n:9), 職員B 休(14日4回)(不採用×30 主因 low:15 c3n:9), 職員C 休(14日4回)(不採用×21 主因 low:11 c3n:8), 職員E 休(4日1回)(不採用×18 主因 low:11 c3n:7), 職員F 休(4日1回)(不採用×16 主因 low:10 c3n:4), 職員E 休(14日4回)(不採用×17 主因 low:11 c3n:6), 職員G 休(4日1回)(不採用×9 主因 low:5 c3n:4), 職員G 休(14日4回)(不採用×30 主因 low:14 c3n:13), 職員I 休(4日1回)(不採用×32 主因 c3n:14 low:12), 職員J 休(4日1回)(不採用×17 主因 c1:9 c3n:6), 職員I 休(14日4回)(不採用×45 主因 c3n:21 low:15) / 結合候補: 手B×127 / 結合探索: 200通り試行/1ms→無駄打ち回避で早期終了
sept2026,120,2,off	31395	C1BeamPolish	期間要件(c1)研磨[ビーム K=16 steps=60/962ms]: c1 71->71 / total 406->406 score 5140->5140 HARD 0->0 手数0 [探索結果が根に勝てず破棄]
sept2026,120,2,off	31441	RangePolish	個人回数(low/high)玉突き研磨: low 1->1 / high 9->9 / total 406->406 HARD 0->0 採用0回（日割当:0 / 柔軟日割当:0） [頭打ち=改善手なし] 残存: 職員A Dﾃ(禁止連続×10: 9/10・9/11・候補なし×8・希望固定×6・柔軟日割当候補なし×1・日割当候補なし×1), 職員D A4(不採用×8 主因 c1:6 low:2・希望固定×6・候補なし×3・柔軟日割当候補なし×1・range後回し×1・日割当候補なし×1), 職員E Cｵ(希望固定×12: 9/1・9/3・9/10・9/12・9/13・9/14ほか6日・禁止連続×5・不採用×4 主因 low:2 c1:2・range後回し×4), 職員H Aｱ(range後回し×7・不採用×5 主因 c1:5・柔軟日割当候補なし×1・日割当候補なし×1) / 結合候補: tryRelocate×29 / 結合探索: 200通り試行/1ms→無駄打ち回避で早期終了
sept2026,120,2,off	31523	FairPolish	グループ内公平化(fair)研磨: fair 18->18 / total 405->402 HARD 0->0 採用1回 対象: 職員B B4 不採用349件(重み悪化:349)(主因 low:201 c1:145 high:3) 残存: 職員E 有, 職員B 休, 職員C 休, 職員E Cｵ, 職員B Cｱ, 職員E Cｱ, 職員E B4, 職員B 有, 職員C 有, 職員G Dﾃ, 職員I Cｱ, 職員J Cｱ, 職員I B4, 職員G 有, 職員I 有 / 結合候補: FairChain×342 / 結合探索: 200通り試行/3ms→無駄打ち回避で早期終了
sept2026,120,2,off	36826	POST	後処理タイミング 総6772ms: HF80=14ms HF67=14ms HF66=1ms 巡回研磨(厳密日割当+c1/c3/range/apt/fair+曜日/交互)=4584ms C1共同LNS=1504ms 個人共同LNS=655ms 最終検査+HF70=0ms
sept2026,120,2,off	36826	POST	後処理パス別 計6767ms: C1広域ビーム=2913ms(43%) C1共同LNS=1504ms(22%) C1時系列フロー=699ms(10%) 個人回数共同LNS=599ms(8%) ComponentRepair=262ms(3%) C1索引修復=206ms(3%) BlockRotationPolish=97ms(1%) C1同日交換=78ms(1%)
sept2026,120,2,on	29014	V6Dispatcher	完了 algorithm=RSI HARD=0 total=399 elapsed=29013ms
sept2026,120,2,on	30005	V6Dispatcher	完了 algorithm=ALNS HARD=0 total=399 elapsed=991ms
sept2026,120,2,on	31341	C1BeamPolish	期間要件(c1)研磨[ビーム K=16 steps=60/941ms]: c1 79->79 / total 399->399 score 5237->5237 HARD 0->0 手数0 [探索結果が根に勝てず破棄]
sept2026,120,2,on	31411	RangePolish	個人回数(low/high)玉突き研磨: low 0->0 / high 8->8 / total 399->399 HARD 0->0 採用0回（日割当:0 / 柔軟日割当:0） [頭打ち=改善手なし] 残存: 職員A Dﾃ(禁止連続×10: 9/10・9/11・候補なし×8・希望固定×6・柔軟日割当候補なし×1・日割当候補なし×1), 職員D A4(不採用×8 主因 c1:8・希望固定×6・候補なし×3・柔軟日割当候補なし×1・range後回し×1・日割当候補なし×1), 職員H Aｱ(不採用×5 主因 c1:5・range後回し×5・柔軟日割当候補なし×1・日割当候補なし×1) / 結合候補: tryRelocate×19 / 結合探索: 200通り試行/1ms→無駄打ち回避で早期終了
sept2026,120,2,on	31471	FairPolish	グループ内公平化(fair)研磨: fair 17->17 / total 399->399 HARD 0->0 採用0回 [頭打ち=改善手なし] 不採用197件(ピン破り:2 重み悪化:195)(主因 low:128 c1:63 c3m:4) 残存: 職員E 有, 職員B 休, 職員B Cｵ, 職員B Cｱ, 職員E Cｱ, 職員C B4, 職員E B4, 職員B 有, 職員C 有, 職員G Dﾃ, 職員I Aｱ, 職員I B4, 職員J B4, 職員G 有, 職員I 有 / 結合候補: FairChain×192 / 結合探索: 200通り試行/4ms→無駄打ち回避で早期終了
sept2026,120,2,on	33649	POST	後処理タイミング 総3586ms: HF80=18ms HF67=15ms HF66=1ms 巡回研磨(厳密日割当+c1/c3/range/apt/fair+曜日/交互)=1421ms C1共同LNS=1501ms 個人共同LNS=630ms 最終検査+HF70=0ms
sept2026,120,2,on	33649	POST	後処理パス別 計3585ms: C1共同LNS=1501ms(41%) C1広域ビーム=941ms(26%) 個人回数共同LNS=581ms(16%) C1時系列フロー=211ms(5%) ComponentRepair=89ms(2%) C1索引修復=58ms(1%) BlockRotationPolish=45ms(1%) C1同日交換=21ms(0%)
sept2026,120,2,on	33648	UnifiedCheck	合計=399 | HARD=0 [groupViol=0 c3n=0 covU=0 pref=0 c3w=0] | SOFT=399 [c1=79 c3m=62 c42=3 covO=23 high=8 apt=5 fair=17 weekly=202] (0ms)
sept2026,120,2,on	31341	C1BeamPolish	期間要件(c1)研磨[ビーム K=16 steps=60/941ms]: c1 79->79 / total 399->399 score 5237->5237 HARD 0->0 手数0 [探索結果が根に勝てず破棄]
sept2026,120,2,on	31411	RangePolish	個人回数(low/high)玉突き研磨: low 0->0 / high 8->8 / total 399->399 HARD 0->0 採用0回（日割当:0 / 柔軟日割当:0） [頭打ち=改善手なし] 残存: 職員A Dﾃ(禁止連続×10: 9/10・9/11・候補なし×8・希望固定×6・柔軟日割当候補なし×1・日割当候補なし×1), 職員D A4(不採用×8 主因 c1:8・希望固定×6・候補なし×3・柔軟日割当候補なし×1・range後回し×1・日割当候補なし×1), 職員H Aｱ(不採用×5 主因 c1:5・range後回し×5・柔軟日割当候補なし×1・日割当候補なし×1) / 結合候補: tryRelocate×19 / 結合探索: 200通り試行/1ms→無駄打ち回避で早期終了
sept2026,120,2,on	31471	FairPolish	グループ内公平化(fair)研磨: fair 17->17 / total 399->399 HARD 0->0 採用0回 [頭打ち=改善手なし] 不採用197件(ピン破り:2 重み悪化:195)(主因 low:128 c1:63 c3m:4) 残存: 職員E 有, 職員B 休, 職員B Cｵ, 職員B Cｱ, 職員E Cｱ, 職員C B4, 職員E B4, 職員B 有, 職員C 有, 職員G Dﾃ, 職員I Aｱ, 職員I B4, 職員J B4, 職員G 有, 職員I 有 / 結合候補: FairChain×192 / 結合探索: 200通り試行/4ms→無駄打ち回避で早期終了
sept2026,120,2,on	33649	POST	後処理タイミング 総3586ms: HF80=18ms HF67=15ms HF66=1ms 巡回研磨(厳密日割当+c1/c3/range/apt/fair+曜日/交互)=1421ms C1共同LNS=1501ms 個人共同LNS=630ms 最終検査+HF70=0ms
sept2026,120,2,on	33649	POST	後処理パス別 計3585ms: C1共同LNS=1501ms(41%) C1広域ビーム=941ms(26%) 個人回数共同LNS=581ms(16%) C1時系列フロー=211ms(5%) ComponentRepair=89ms(2%) C1索引修復=58ms(1%) BlockRotationPolish=45ms(1%) C1同日交換=21ms(0%)
sept2026,120,3,on	29014	V6Dispatcher	完了 algorithm=RSI HARD=0 total=399 elapsed=29013ms
sept2026,120,3,on	30007	V6Dispatcher	完了 algorithm=ALNS HARD=0 total=399 elapsed=993ms
sept2026,120,3,on	31403	C1BeamPolish	期間要件(c1)研磨[ビーム K=16 steps=60/977ms]: c1 71->71 / total 406->406 score 5140->5140 HARD 0->0 手数0 [探索結果が根に勝てず破棄]
sept2026,120,3,on	31441	RangePolish	個人回数(low/high)玉突き研磨: low 1->1 / high 9->9 / total 406->406 HARD 0->0 採用0回（日割当:0 / 柔軟日割当:0） [頭打ち=改善手なし] 残存: 職員A Dﾃ(禁止連続×10: 9/10・9/11・候補なし×8・希望固定×6・柔軟日割当候補なし×1・日割当候補なし×1), 職員D A4(不採用×7 主因 c1:6 low:1・希望固定×6・候補なし×3・range後回し×2・柔軟日割当候補なし×1・日割当候補なし×1), 職員E Cｵ(希望固定×12: 9/1・9/3・9/10・9/12・9/13・9/14ほか6日・禁止連続×5・range後回し×5・不採用×3 主因 c1:3), 職員H Aｱ(不採用×7 主因 c1:6 low:1・range後回し×5・柔軟日割当候補なし×1・日割当候補なし×1) / 結合候補: tryRelocate×29 / 結合探索: 200通り試行/1ms→無駄打ち回避で早期終了
sept2026,120,3,on	31502	FairPolish	グループ内公平化(fair)研磨: fair 19->19 / total 406->406 HARD 0->0 採用0回 [頭打ち=改善手なし] 不採用203件(ピン破り:1 重み悪化:201 同値:1)(主因 low:110 c1:87 c3m:2) 残存: 職員E 有, 職員B 休, 職員B Cｵ, 職員C 休, 職員E Cｱ, 職員C B4, 職員E B4, 職員B 有, 職員C 有, 職員G Dﾃ, 職員I Cｱ, 職員I B4, 職員J B4, 職員G 有, 職員I 有 / 結合候補: FairChain×200 / 結合探索: 200通り試行/4ms→無駄打ち回避で早期終了
sept2026,120,3,on	36450	POST	後処理タイミング 総6382ms: HF80=15ms HF67=13ms HF66=1ms 巡回研磨(厳密日割当+c1/c3/range/apt/fair+曜日/交互)=4653ms C1共同LNS=1226ms 個人共同LNS=474ms 最終検査+HF70=0ms
sept2026,120,3,on	36450	POST	後処理パス別 計6380ms: C1広域ビーム=3073ms(48%) C1共同LNS=1225ms(19%) C1時系列フロー=641ms(10%) 個人回数共同LNS=432ms(6%) ComponentRepair=297ms(4%) C1索引修復=200ms(3%) BlockRotationPolish=89ms(1%) C1同日交換=73ms(1%)
sept2026,120,3,on	36450	UnifiedCheck	合計=401 | HARD=0 [groupViol=0 c3n=0 covU=0 pref=0 c3w=0] | SOFT=401 [c1=69 c3m=59 c3mn=1 c42=4 covO=23 low=1 high=9 apt=6 fair=19 weekly=210] (0ms)
sept2026,120,3,on	31403	C1BeamPolish	期間要件(c1)研磨[ビーム K=16 steps=60/977ms]: c1 71->71 / total 406->406 score 5140->5140 HARD 0->0 手数0 [探索結果が根に勝てず破棄]
sept2026,120,3,on	31441	RangePolish	個人回数(low/high)玉突き研磨: low 1->1 / high 9->9 / total 406->406 HARD 0->0 採用0回（日割当:0 / 柔軟日割当:0） [頭打ち=改善手なし] 残存: 職員A Dﾃ(禁止連続×10: 9/10・9/11・候補なし×8・希望固定×6・柔軟日割当候補なし×1・日割当候補なし×1), 職員D A4(不採用×7 主因 c1:6 low:1・希望固定×6・候補なし×3・range後回し×2・柔軟日割当候補なし×1・日割当候補なし×1), 職員E Cｵ(希望固定×12: 9/1・9/3・9/10・9/12・9/13・9/14ほか6日・禁止連続×5・range後回し×5・不採用×3 主因 c1:3), 職員H Aｱ(不採用×7 主因 c1:6 low:1・range後回し×5・柔軟日割当候補なし×1・日割当候補なし×1) / 結合候補: tryRelocate×29 / 結合探索: 200通り試行/1ms→無駄打ち回避で早期終了
sept2026,120,3,on	31502	FairPolish	グループ内公平化(fair)研磨: fair 19->19 / total 406->406 HARD 0->0 採用0回 [頭打ち=改善手なし] 不採用203件(ピン破り:1 重み悪化:201 同値:1)(主因 low:110 c1:87 c3m:2) 残存: 職員E 有, 職員B 休, 職員B Cｵ, 職員C 休, 職員E Cｱ, 職員C B4, 職員E B4, 職員B 有, 職員C 有, 職員G Dﾃ, 職員I Cｱ, 職員I B4, 職員J B4, 職員G 有, 職員I 有 / 結合候補: FairChain×200 / 結合探索: 200通り試行/4ms→無駄打ち回避で早期終了
sept2026,120,3,on	36450	POST	後処理タイミング 総6382ms: HF80=15ms HF67=13ms HF66=1ms 巡回研磨(厳密日割当+c1/c3/range/apt/fair+曜日/交互)=4653ms C1共同LNS=1226ms 個人共同LNS=474ms 最終検査+HF70=0ms
sept2026,120,3,on	36450	POST	後処理パス別 計6380ms: C1広域ビーム=3073ms(48%) C1共同LNS=1225ms(19%) C1時系列フロー=641ms(10%) 個人回数共同LNS=432ms(6%) ComponentRepair=297ms(4%) C1索引修復=200ms(3%) BlockRotationPolish=89ms(1%) C1同日交換=73ms(1%)
sept2026,120,3,off	29017	V6Dispatcher	完了 algorithm=RSI HARD=0 total=399 elapsed=29015ms
sept2026,120,3,off	30006	V6Dispatcher	完了 algorithm=ALNS HARD=0 total=399 elapsed=989ms
sept2026,120,3,off	31433	C1BeamPolish	期間要件(c1)研磨[ビーム K=16 steps=60/976ms]: c1 71->71 / total 406->406 score 5140->5140 HARD 0->0 手数0 [探索結果が根に勝てず破棄]
sept2026,120,3,off	31470	RangePolish	個人回数(low/high)玉突き研磨: low 1->1 / high 9->9 / total 406->406 HARD 0->0 採用0回（日割当:0 / 柔軟日割当:0） [頭打ち=改善手なし] 残存: 職員A Dﾃ(禁止連続×10: 9/10・9/11・候補なし×8・希望固定×6・柔軟日割当候補なし×1・日割当候補なし×1), 職員D A4(不採用×7 主因 c1:6 low:1・希望固定×6・候補なし×3・range後回し×2・柔軟日割当候補なし×1・日割当候補なし×1), 職員E Cｵ(希望固定×12: 9/1・9/3・9/10・9/12・9/13・9/14ほか6日・禁止連続×5・不採用×4 主因 c1:3 low:1・range後回し×4), 職員H Aｱ(不採用×7 主因 c1:7・range後回し×5・柔軟日割当候補なし×1・日割当候補なし×1) / 結合候補: tryRelocate×29 / 結合探索: 200通り試行/2ms→無駄打ち回避で早期終了
sept2026,120,3,off	31526	FairPolish	グループ内公平化(fair)研磨: fair 19->19 / total 406->406 HARD 0->0 採用0回 [頭打ち=改善手なし] 不採用203件(ピン破り:2 重み悪化:201)(主因 low:104 c1:93 c3m:2) 残存: 職員E 有, 職員B 休, 職員B Cｵ, 職員C 休, 職員E Cｱ, 職員C B4, 職員E B4, 職員B 有, 職員C 有, 職員G Dﾃ, 職員I Cｱ, 職員I B4, 職員J B4, 職員G 有, 職員I 有 / 結合候補: FairChain×200 / 結合探索: 200通り試行/4ms→無駄打ち回避で早期終了
sept2026,120,3,off	36848	POST	後処理タイミング 総6779ms: HF80=15ms HF67=18ms HF66=1ms 巡回研磨(厳密日割当+c1/c3/range/apt/fair+曜日/交互)=4646ms C1共同LNS=1504ms 個人共同LNS=595ms 最終検査+HF70=0ms
sept2026,120,3,off	36848	POST	後処理パス別 計6777ms: C1広域ビーム=3096ms(45%) C1共同LNS=1504ms(22%) C1時系列フロー=661ms(9%) 個人回数共同LNS=541ms(7%) ComponentRepair=257ms(3%) C1索引修復=205ms(3%) BlockRotationPolish=88ms(1%) C1同日交換=75ms(1%)
sept2026,120,3,off	36848	UnifiedCheck	合計=401 | HARD=0 [groupViol=0 c3n=0 covU=0 pref=0 c3w=0] | SOFT=401 [c1=69 c3m=59 c3mn=1 c42=4 covO=23 low=1 high=9 apt=6 fair=19 weekly=210] (0ms)
sept2026,120,3,off	31433	C1BeamPolish	期間要件(c1)研磨[ビーム K=16 steps=60/976ms]: c1 71->71 / total 406->406 score 5140->5140 HARD 0->0 手数0 [探索結果が根に勝てず破棄]
sept2026,120,3,off	31470	RangePolish	個人回数(low/high)玉突き研磨: low 1->1 / high 9->9 / total 406->406 HARD 0->0 採用0回（日割当:0 / 柔軟日割当:0） [頭打ち=改善手なし] 残存: 職員A Dﾃ(禁止連続×10: 9/10・9/11・候補なし×8・希望固定×6・柔軟日割当候補なし×1・日割当候補なし×1), 職員D A4(不採用×7 主因 c1:6 low:1・希望固定×6・候補なし×3・range後回し×2・柔軟日割当候補なし×1・日割当候補なし×1), 職員E Cｵ(希望固定×12: 9/1・9/3・9/10・9/12・9/13・9/14ほか6日・禁止連続×5・不採用×4 主因 c1:3 low:1・range後回し×4), 職員H Aｱ(不採用×7 主因 c1:7・range後回し×5・柔軟日割当候補なし×1・日割当候補なし×1) / 結合候補: tryRelocate×29 / 結合探索: 200通り試行/2ms→無駄打ち回避で早期終了
sept2026,120,3,off	31526	FairPolish	グループ内公平化(fair)研磨: fair 19->19 / total 406->406 HARD 0->0 採用0回 [頭打ち=改善手なし] 不採用203件(ピン破り:2 重み悪化:201)(主因 low:104 c1:93 c3m:2) 残存: 職員E 有, 職員B 休, 職員B Cｵ, 職員C 休, 職員E Cｱ, 職員C B4, 職員E B4, 職員B 有, 職員C 有, 職員G Dﾃ, 職員I Cｱ, 職員I B4, 職員J B4, 職員G 有, 職員I 有 / 結合候補: FairChain×200 / 結合探索: 200通り試行/4ms→無駄打ち回避で早期終了
sept2026,120,3,off	36848	POST	後処理タイミング 総6779ms: HF80=15ms HF67=18ms HF66=1ms 巡回研磨(厳密日割当+c1/c3/range/apt/fair+曜日/交互)=4646ms C1共同LNS=1504ms 個人共同LNS=595ms 最終検査+HF70=0ms
sept2026,120,3,off	36848	POST	後処理パス別 計6777ms: C1広域ビーム=3096ms(45%) C1共同LNS=1504ms(22%) C1時系列フロー=661ms(9%) 個人回数共同LNS=541ms(7%) ComponentRepair=257ms(3%) C1索引修復=205ms(3%) BlockRotationPolish=88ms(1%) C1同日交換=75ms(1%)
